user_id,watch_date,day_of_week,start_time,end_time,device_type,content_type,episodes_watched,sleep_hours,binge_flag
028d89e2-62bb-4f89-8707-6ade4000423f,2025-05-29,monday,19:59,23:59,TV,Series,3,4.2,0
1b3f1486-3715-42e3-af46-838da4a8dab2,2025-02-21,monday,22:41,23:41,,Movie,5,4.2,1
6a7514c9-44dc-4a81-b0f0-a866ac346602,2025-03-18,Monday,07:27 PM,23:27,Tablet,Movie,3,6.8,0
502ad54a-083d-4c98-a875-7596708d53b6,2025-02-23,wednesday,08:19 PM,23:19,lptop,Series,5,6.4,1
7c7970b3-360f-4717-a81c-54f5f53b1d11,2025-03-11,Friday,04:51 AM,05:51 AM,,Movie,5,4.3,1
2505c2be-f49e-42b2-b363-ee943da88f2b,2025-06-01,wednesday,18:07,09:07 PM,lptop,Movie,3,5.5,0
4a07bc89-4a03-4efb-8e78-acceceadd1cc,2025-04-13,Monday,18:36,21:36,TV,Movie,3,5.5,0
04773c93-b87a-4924-8e96-3d7997b4933b,2025-02-27,Tuesday,04:07 AM,08:07 AM,Tablet,Movie,4,7.8,1
e214a348-85f0-45bc-8a7e-f045e6c9f308,2025-03-27,Wednesday,3:16,04:16,TV,Documentary,3,5.5,0
74e52877-ed66-4845-bc82-73c8308723c7,2025-05-16,monday,09:05 PM,22:05,,Documentary,3,6.8,0
e16ac6fc-7e58-4872-a5a6-8affed2590a8,2025-02-25,Wednesday,11:57 PM,01:57,Mobile,Documentary,5,5.0,1
26fd7efd-6063-4043-b448-3e6d0cfed234,2025-04-28,Thursday,22:38,02:38 AM,lptop,Movie,3,7.1,0
5b6fa173-3a6c-4fdc-8eca-81342db1191c,2025-06-22,tuesday,07:40 PM,20:40,Laptop,Documentary,6,5.7,1
9bd22759-b6af-414b-87e4-c61caed0d3ac,2025-05-06,Tuesday,18:17,08:17 PM,TV,Movie,3,7.0,0
9dab1b2f-8fff-478e-8e8d-5d01b8cc9288,2025-07-07,Wednesday,09:44 PM,22:44,TV,Documentary,4,7.1,1
9a9fa360-65a8-4074-bca7-795456541c20,2025-04-10,Saturday,01:19 AM,02:19,TV,Documentary,5,5.8,1
981a2005-ea2c-4a55-a533-af03a9119db3,2025-04-08,wednesday,02:19 AM,04:19,lptop,Movie,3,6.8,0
98a04604-0a60-47ce-a172-13fdfaf91778,2025-08-04,Friday,10:20 PM,23:20,Mobile,Series,2,7.3,0
f6fb857a-973e-4d5e-bf95-6a7363dbb898,2025-06-14,tuesday,08:20 PM,21:20,,Movie,2,6.3,0
9313fe03-3a7c-4110-860d-615770c8acfa,2025-04-18,Friday,19:33,20:33,Mobile,Documentary,6,5.2,1
2c7e0241-8548-4936-b29d-c8056213a893,2025-05-03,Wednesday,19:19,11:19 PM,lptop,Series,3,5.5,0
c72d772e-aa58-454f-82da-0b3e21c4283d,2025-04-11,Monday,07:57 PM,21:57,Tablet,Documentary,5,7.8,1
93316a54-63c4-4ff1-9b6e-31f56a595a36,,Tuesday,19:09,20:09,TV,Series,6,,1
34c392ad-2c7c-4f57-93fc-bbca4112249c,2025-03-24,tuesday,02:57 AM,03:57 AM,Mobile,Movie,1,6.7,0
e24232e3-efbe-41cb-baea-1aedabc8f4f6,2025-04-11,Wednesday,20:55,09:55 PM,Mobile,Movie,3,4.8,0
0d179f39-e101-40a9-bf31-3399d7e0a606,2025-05-23,tuesday,23:10,01:10,Laptop,Movie,2,4.9,0
e6964ae9-f91f-43ff-af47-cf439e5fd9d2,2025-05-23,monday,05:18 AM,08:18,lptop,Movie,4,7.4,1
872c611e-6c11-42bd-987a-3d1549cd6e5a,,monday,08:18 PM,00:18,lptop,Documentary,6,5.8,1
68804096-4833-46a2-ba34-dfad65d66ba7,2025-07-15,tuesday,19:29,20:29,,Series,5,4.5,1
7497e9bb-d1ed-44b0-90e2-5ddbf5b3c62b,2025-05-03,Monday,23:44,03:44 AM,TV,Series,5,7.7,1
30cd908e-5364-4aaa-bdec-608afc60e7f4,2025-04-20,Sunday,11:03 PM,01:03 AM,moblie,Series,6,4.7,1
355601d3-bb18-4fe0-b638-e3f62656047d,2025-07-17,monday,23:49,02:49,,Series,3,6.3,0
c58142ad-44c3-4e11-8cc2-8e7c5e06027f,,Thursday,07:12 PM,09:12 PM,Laptop,Series,2,6.3,0
69cd8b21-f7bf-4cda-9369-67fa3350f269,2025-02-21,Saturday,22:08,01:08 AM,Mobile,Documentary,4,4.5,1
f803e33c-0c32-4a7e-8b72-debeeda7b728,2025-06-29,Friday,21:17,01:17 AM,Laptop,Documentary,6,6.7,1
b210e648-f95f-4710-8a91-ffbce5e4826f,2025-05-15,Friday,09:58 PM,01:58,,Documentary,6,6.6,1
ea7cd4ec-1a5f-4940-b890-d3309c4bc8b8,2025-05-01,Wednesday,2:58,04:58,moblie,Series,1,5.8,0
8ce5f81f-647d-4dee-aad0-c84525dfc102,2025-03-28,wednesday,21:22,00:22,TV,Series,5,4.5,1
51b2c0c3-f2f1-47d4-b598-08e7886f0c2c,,wednesday,06:28 PM,19:28,Tablet,Movie,1,7.9,0
3956d414-e4dd-4b23-b248-a0c791044c8e,2025-06-18,Wednesday,08:00 PM,00:00,TV,Movie,6,7.9,1
bbde4498-1703-4e8c-8399-c5be71906ce5,2025-06-04,tuesday,09:27 PM,01:27,moblie,Documentary,1,5.6,0
1aeaedf4-216b-42ac-b7d3-213e5c78245f,2025-04-30,wednesday,19:34,09:34 PM,Mobile,Series,4,4.4,1
e7c15283-36bf-4117-96f8-0cecf33cfc31,2025-02-25,Friday,23:30,01:30 AM,Mobile,Documentary,3,4.1,0
4d74fdeb-da89-436e-9d41-1a7ef2a19175,2025-03-07,Monday,07:52 PM,08:52 PM,Tablet,Movie,2,5.2,0
d97e40f2-8c54-43c1-9b1e-8b213ccd6d75,2025-04-12,Saturday,23:13,03:13 AM,,Series,4,5.0,1
5daef144-f3e7-438e-bf81-2527e84ac356,2025-04-20,wednesday,5:14,09:14,TV,Series,5,7.9,1
163a4212-564a-4a9b-95b1-991003d7ad0c,2025-04-14,Tuesday,21:12,01:12,,Movie,5,7.0,1
6ef5c4e1-f004-449f-83db-0511ad475cbd,2025-06-18,Tuesday,06:12 PM,07:12 PM,Laptop,Series,1,4.2,0
cf4fb0d4-bddb-46b4-8d83-1ec2217ae61f,2025-07-17,Wednesday,09:56 PM,00:56,TV,Series,3,5.9,0
a870bc5a-40a5-4622-9cb4-8d2ce901682e,2025-03-24,Monday,06:18 PM,10:18 PM,moblie,Movie,1,7.9,0
81bf0878-6523-4fce-85e8-5263b35dcbc4,2025-04-10,Saturday,07:53 PM,10:53 PM,,Series,6,,1
871dae89-a2e6-488f-ad53-550b42da00bb,2025-05-08,Monday,19:14,23:14,lptop,Movie,6,4.8,1
e9904468-6253-431e-8ad7-c73feb92b0a6,2025-06-17,Sunday,11:07 PM,02:07 AM,TV,Documentary,6,5.1,1
51b06565-acb5-4d0e-a653-5ce95582e55e,2025-05-13,tuesday,18:11,08:11 PM,lptop,Documentary,2,6.9,0
c4ffe215-860d-42e9-bc48-43f080bc572e,2025-02-20,Saturday,22:42,11:42 PM,Mobile,Movie,5,5.8,1
8e0a74a6-d16b-4759-8296-abc1b53e7b3b,2025-06-22,Wednesday,09:33 PM,10:33 PM,moblie,Movie,3,5.5,0
54b2d114-1e1e-4815-94cf-1669f2f7d1da,2025-03-07,Friday,1:49,05:49,,Series,4,5.9,1
1a6d2c7b-4058-492a-9c3c-d917d2d91942,2025-05-02,tuesday,11:54 PM,00:54,Tablet,Documentary,6,6.7,1
fc740f1f-4887-437e-b9e8-3557e3d282a5,2025-03-26,Monday,08:42 PM,11:42 PM,Tablet,Series,14,3.3,1
0585c395-a966-4d38-b051-40662dd25cf3,2025-04-10,wednesday,19:32,23:32,Tablet,Documentary,1,7.0,0
7f4d988b-3ce6-4bc8-9005-d8399541a9b6,2025-06-15,Friday,07:53 PM,10:53 PM,Mobile,Documentary,5,7.8,1
13ece2ad-067f-40ec-8e3c-46f46bf4ff6c,2025-04-11,Sunday,4:06,06:06 AM,lptop,Series,6,7.4,1
a3bb814c-2dc0-4561-88f5-015ecfef955c,2025-05-14,Sunday,07:28 PM,20:28,Laptop,Documentary,3,5.5,0
347f9b0a-c7fa-4237-b432-0f073d96e405,2025-03-25,Wednesday,19:09,08:09 PM,moblie,Documentary,3,7.7,0
82c0d181-707b-4090-a53d-b35992dd6a9f,2025-04-05,Saturday,11:27 PM,02:27,lptop,Series,3,7.1,0
4b8207a3-2647-4b43-9713-9de13607023d,2025-06-02,wednesday,07:13 PM,20:13,Mobile,Movie,2,4.1,0
d4fcf523-4371-43aa-83d2-900dc6347232,2025-05-29,wednesday,2:43,03:43,Laptop,Documentary,3,7.4,0
91b6c10d-ffb0-4e58-9ffa-080ce7bb8d01,2025-03-10,Sunday,11:13 PM,02:13 AM,Laptop,Documentary,4,6.5,1
56e1f8d8-86fd-4759-b0eb-cf96daf66f31,2025-05-04,Wednesday,07:16 PM,23:16,,Movie,4,6.5,1
0ffdfc17-a802-4971-82d3-a638e493da0f,2025-02-26,Friday,18:08,07:08 PM,moblie,Series,5,4.4,1
477d53bf-05a0-433a-a8e7-0c018dcaecdd,2025-04-14,Thursday,18:56,10:56 PM,moblie,Movie,1,4.8,0
f2023400-3c04-452f-a810-69e1b4226d4f,2025-05-06,Monday,21:23,00:23,,Documentary,6,5.6,1
052707bc-922a-4504-8f6a-4df552a7fa25,2025-03-05,Thursday,02:22 AM,06:22,Tablet,Documentary,3,5.6,0
a1214f64-e530-4a83-9ac9-933fd1dc8723,2025-02-05,Thursday,22:33,11:33 PM,lptop,Documentary,4,6.8,1
32b5a9ff-405d-4453-9ab6-8e9193794398,2025-06-23,tuesday,18:29,07:29 PM,Mobile,Documentary,1,6.2,0
02a609f0-38c3-43f4-9250-8942d7ef0f70,2025-05-01,Friday,18:35,19:35,moblie,Series,1,5.5,0
45eed7fe-537d-491b-af56-6cf302f252f7,2025-07-03,Monday,21:15,10:15 PM,lptop,Movie,2,6.0,0
08f4a837-c479-4900-9f16-2b838d818369,2025-02-18,Wednesday,06:49 PM,19:49,moblie,Documentary,2,6.0,0
d94efa70-2fff-430e-a21e-d5647ed5211a,2025-06-16,Wednesday,10:55 PM,01:55 AM,moblie,Movie,5,5.1,1
351add69-8acd-4c86-88c7-b879eafee884,2025-05-31,Monday,18:20,08:20 PM,moblie,Documentary,3,7.0,0
ba204331-ee4f-4b7a-96e0-4c454e48bf4d,2025-07-27,Saturday,20:48,10:48 PM,lptop,Documentary,1,5.6,0
4cda3a51-1c36-49e0-b752-c212434f5b05,2025-03-25,Monday,23:39,01:39 AM,lptop,Series,5,7.8,1
312ec216-0112-402d-8cd2-f20381155097,2025-06-05,Monday,23:05,02:05,Tablet,Documentary,4,4.2,1
74665bba-8230-49b9-abba-3c4ee218cefd,2025-02-14,monday,19:54,08:54 PM,Mobile,Series,1,5.7,0
600f76c5-d0ee-4588-a203-a27753b95215,2025-03-08,wednesday,5:45,06:45,moblie,Documentary,1,4.7,0
625e8187-c3b0-4c95-a131-ea77b3c1f5ae,,monday,21:28,01:28 AM,moblie,Movie,6,6.8,1
bb9c4fb5-03e3-4803-892a-5589080cfaf0,2025-05-11,tuesday,08:50 PM,00:50,TV,Documentary,1,5.0,0
44867ee6-013c-41aa-95d6-00e3d9765001,2025-07-04,Thursday,11:15 PM,02:15 AM,Tablet,Movie,2,4.3,0
ff271148-dae0-4769-a018-947079200f8a,2025-07-10,monday,18:47,21:47,,Movie,1,5.1,0
35440c85-b752-4112-985a-ceac2dfcd65e,2025-06-28,Thursday,08:21 PM,10:21 PM,Tablet,Documentary,1,5.0,0
8e4b4c7f-e98d-4704-a2d0-8020412b17d4,2025-05-01,Wednesday,06:34 PM,10:34 PM,Laptop,Movie,4,5.8,1
eb126914-f814-45f9-9fbf-705d2e5032e4,2025-08-04,Sunday,18:24,07:24 PM,Tablet,Movie,1,4.8,0
2b3c476f-560f-4eeb-871a-d8b3d8b9179a,2025-07-06,Wednesday,07:07 PM,20:07,Laptop,Documentary,2,7.8,0
86ab9135-8573-4483-b4b9-2e9caf7e7ef1,2025-02-23,Thursday,23:39,01:39 AM,TV,Series,4,5.9,1
542fb875-ec90-4eca-956e-7c7b17289f17,2025-07-07,Sunday,03:25 AM,05:25 AM,Mobile,Series,2,7.1,0
ddb1dba3-8b77-49fd-a0d9-e36a68b0d088,,Monday,08:35 PM,11:35 PM,moblie,Documentary,1,7.1,0
8340537c-8ebb-4865-b596-c0fcd8be9111,2025-05-11,Sunday,07:59 PM,11:59 PM,TV,Movie,6,6.7,1
ea1585d1-fe35-47ff-9a40-88c5acb50561,2025-05-17,tuesday,08:14 PM,23:14,TV,Documentary,3,5.8,0
98c9a36f-5bee-476d-b781-d5d9719228a2,2025-06-25,Monday,08:52 PM,23:52,Mobile,Documentary,1,7.1,0
113a1fa1-077e-4a44-afc0-3a199df284ab,2025-04-18,Tuesday,09:30 PM,00:30,lptop,Series,2,5.3,0
aa2b393d-8ee5-46cd-81c0-f5e0df2d32d1,,Monday,09:07 PM,23:07,,Series,4,,1
05f07997-bd6c-46fb-a20e-b412af2aa309,2025-05-31,Monday,23:37,03:37,,Series,3,7.5,0
24e814fa-4062-4de5-a880-3c825a059f5c,2025-03-13,Tuesday,19:49,23:49,,Series,5,5.0,1
18b9f572-39c5-49f1-a2a9-0666c0a4998b,2025-05-23,Tuesday,10:01 PM,23:01,Mobile,Documentary,5,4.6,1
ffa4db74-d6f9-44e5-9ce4-10fe49c575c8,2025-07-26,Friday,19:48,10:48 PM,Tablet,Series,4,7.5,1
3e54c754-0eaa-497c-b5cf-0ef9fbbd6a4f,2025-05-16,Monday,07:44 PM,22:44,Laptop,Series,6,6.8,1
82a34d22-7b19-4584-b692-e695aff7284c,2025-02-06,Sunday,10:41 PM,23:41,TV,Series,2,4.0,0
68d6dd46-cf9d-405a-9ac8-7571b45cff8f,2025-04-24,Sunday,3:49,05:49,lptop,Series,2,7.9,0
caef03e0-a32d-407d-9fac-87ef820e0574,2025-02-18,Saturday,19:04,23:04,TV,Movie,5,8.0,1
8679fe52-464f-4864-bd52-f2268869ded6,2025-05-13,Sunday,10:01 PM,11:01 PM,,Series,2,4.6,0
34678bce-2c4c-44c2-9942-cf160f65cfe5,2025-07-02,Thursday,06:21 PM,10:21 PM,Tablet,Documentary,4,4.4,1
aa77e502-168c-41de-9767-263c58feffef,2025-02-15,Thursday,4:19,05:19,,Documentary,4,4.1,1
d05cd0d5-8826-4793-940e-78a9fa118720,,Monday,1:38,02:38,Laptop,Documentary,1,6.8,0
47be4b80-579e-4106-80b0-a1dabf991caf,2025-02-28,Sunday,07:20 PM,10:20 PM,lptop,Movie,4,5.2,1
b411ec24-799e-410c-8a40-a34e13b69fd6,2025-06-09,Friday,21:10,10:10 PM,Tablet,Documentary,1,4.8,0
58cdb7ad-8be6-4767-a386-5b3f285b1a96,2025-05-06,tuesday,18:25,09:25 PM,TV,Documentary,1,7.7,0
027b9a37-0262-4cfb-84df-9f535b2b7b96,2025-04-09,wednesday,10:18 PM,01:18,Mobile,Documentary,6,5.8,1
72c8ff43-a82f-43f4-9997-b14f82808afa,2025-03-16,monday,11:11 PM,12:11 AM,moblie,Documentary,1,7.5,0
c29a968b-4eb4-419c-a78c-d888b2ff0683,2025-04-07,Thursday,09:01 PM,22:01,,Series,1,5.4,0
e492b638-3dbb-4903-b0de-c7d30e0c78bf,2025-06-18,Sunday,04:34 AM,08:34,Tablet,Documentary,3,5.6,0
4bf3821a-044c-4ab2-8a4b-cfad99731146,,Saturday,07:34 PM,20:34,Mobile,Movie,5,5.8,1
13b92549-e270-4a75-9463-f20d05531fb7,2025-05-25,Wednesday,21:17,23:17,Mobile,Documentary,6,4.6,1
daadad9a-2454-488b-a66b-36a7c88bbea5,2025-04-21,monday,23:19,00:19,lptop,Documentary,4,4.2,1
e51e2136-ce16-4474-98f6-840ced45d4c9,2025-04-04,monday,11:00 PM,00:00,TV,Movie,6,5.8,1
5b93e1ca-2948-4100-8da9-313ff49c7d27,2025-04-25,Saturday,20:58,23:58,Mobile,Documentary,1,4.5,0
73cc89a1-38ba-445a-a041-b4914c5a09fc,2025-04-23,Tuesday,4:46,06:46,,Movie,1,7.1,0
05ae73cc-ca44-4f60-9f54-59edb5850c58,2025-04-11,monday,03:21 AM,04:21 AM,TV,Series,6,,1
57e41f2d-36cc-4581-84e2-62b9b4860e17,2025-08-04,wednesday,07:24 PM,11:24 PM,TV,Documentary,6,,1
d3b7f424-6c14-45f0-845d-96c0a6cb11f2,2025-08-06,monday,19:23,08:23 PM,Laptop,Documentary,6,6.3,1
c43f46ac-6e2a-4560-9870-eb9e1f56f052,2025-03-22,Tuesday,01:36 AM,04:36 AM,TV,Documentary,2,4.2,0
d1ac98ae-8e64-4ead-b926-6ddde21671ab,2025-05-25,Wednesday,09:21 PM,23:21,Mobile,Movie,1,6.1,0
d586fb55-1cde-4ff1-a3db-fa00e2ab7fd9,2025-03-07,monday,04:27 AM,08:27,TV,Series,5,7.5,1
efdbf6e1-eccb-406e-98ad-5c8497d66858,2025-07-05,Saturday,06:59 PM,21:59,Mobile,Series,2,7.9,0
c1e80215-b410-4b2c-85f4-caf8682d4a70,2025-05-30,Saturday,06:03 PM,19:03,Tablet,Documentary,4,4.9,1
15603af6-0d83-438f-b659-4580b2fb86bc,2025-07-18,Sunday,20:45,21:45,TV,Documentary,6,4.7,1
200d631c-60a5-4a67-ac47-5d25a5cb08ca,2025-06-12,Friday,23:49,01:49,,Series,4,6.1,1
1be37b3c-02fa-413b-b5f5-45be09a1de83,2025-03-18,Monday,11:57 PM,12:57 AM,,Series,5,6.3,1
6893c658-6c35-4b09-8063-6287160b32f3,2025-03-13,Saturday,19:25,10:25 PM,Laptop,Documentary,5,7.7,1
d7857e00-e0d9-4be6-987b-b28dd84c976a,2025-02-08,Thursday,18:13,07:13 PM,,Series,6,6.3,1
dc9f6820-00f0-46db-8c5f-3119e1995949,2025-04-06,Tuesday,09:44 PM,00:44,Mobile,Movie,3,4.8,0
992b400f-1b22-422c-b9cd-b423adb4d21d,2025-02-28,Friday,03:32 AM,04:32,Laptop,Movie,5,6.0,1
9b49ae42-ff74-4529-84eb-01de56576dea,2025-05-10,Thursday,06:26 PM,08:26 PM,Mobile,Documentary,2,5.1,0
59ae7db7-9d3b-4b5d-81c0-eb407af9b3fd,2025-02-13,Friday,08:51 PM,10:51 PM,Mobile,Series,4,6.6,1
2f0923fa-8a54-43c5-a448-5c1d29745b39,2025-07-18,Wednesday,22:20,00:20,TV,Series,5,7.7,1
a48ee290-6b35-4af7-98b0-8b5aba689a4d,2025-05-02,Tuesday,04:25 AM,06:25 AM,Laptop,Series,4,5.2,1
dc461a89-1b89-479b-adf7-3978a33b0d52,2025-03-12,wednesday,10:46 PM,01:46,Mobile,Series,6,5.1,1
9c727fe2-0454-49fa-81db-72ee075af190,2025-04-05,Monday,20:03,23:03,Tablet,Series,6,7.2,1
0d848d93-b4b5-42cc-b26c-1f4a64ca4275,2025-08-02,Monday,4:56,08:56 AM,Laptop,Movie,4,5.4,1
cff7f2a2-0f06-4146-a44f-f70ac2a5cba0,2025-02-09,Friday,11:31 PM,02:31,,Series,6,6.6,1
db442efd-dd12-4eff-b187-6fffe25f4145,2025-05-18,Friday,10:49 PM,11:49 PM,moblie,Documentary,3,6.5,0
c14080b0-bb10-4e1b-8df3-44b66dc4135c,2025-05-15,Sunday,2:31,04:31 AM,Laptop,Series,5,5.2,1
3ef51245-5ee4-4f23-ac5f-7e244de7ddcf,2025-03-07,Monday,02:11 AM,03:11,moblie,Series,5,5.2,1
1cb8dce1-a127-49cc-bd10-08df037105f0,2025-03-02,Tuesday,21:19,00:19,Laptop,Movie,5,4.8,1
8ce385a2-6e2c-4eec-84af-eff32275fac4,2025-04-09,Tuesday,08:51 PM,23:51,,Series,1,4.7,0
774bbd4c-17e2-4505-9c8f-b6da60c06b7b,2025-02-12,Wednesday,20:50,09:50 PM,moblie,Series,3,5.6,0
583909f8-85ad-4eef-98eb-c67449afe9da,2025-05-01,Sunday,07:46 PM,09:46 PM,lptop,Documentary,4,4.8,1
b4920fd2-c94b-4df7-84a4-440493cba68a,2025-03-15,Friday,0:54,02:54,TV,Series,5,5.4,1
08cc403f-1570-4ece-a4d1-2afa405cba2b,2025-03-25,wednesday,10:14 PM,02:14,Mobile,Movie,1,7.5,0
6b53cea6-f58b-484d-b82e-5f5c51a5180d,2025-06-20,Saturday,1:17,05:17,moblie,Movie,3,6.1,0
7ee615a2-4e0b-44ed-add7-762ee2ad6d42,2025-07-03,Thursday,22:13,02:13,,Movie,5,6.8,1
3725187d-0a6f-4680-a2c6-203a9de2767b,2025-02-12,Monday,23:12,02:12,Mobile,Series,3,4.8,0
2b8a34aa-713f-44e8-935b-0396aa69cf16,2025-07-12,Sunday,07:21 PM,20:21,lptop,Series,6,6.9,1
eba2d866-6a74-45c6-a05f-ae7e3ffcac3e,2025-07-16,Friday,09:04 PM,23:04,Mobile,Series,1,5.6,0
d3d6e370-ad60-40b3-9288-610ca0341bf7,2025-03-13,Sunday,21:49,00:49,Mobile,Series,2,,0
512daa0f-6102-42e7-b880-c33f67b40c97,2025-03-07,wednesday,08:14 PM,21:14,Mobile,Series,4,4.1,1
22ff9aa0-59fe-42af-8783-a856dd8d368b,2025-04-21,Monday,20:12,23:12,TV,Series,3,5.9,0
fc373a8d-4f85-4cba-9fe7-8b405b7761de,2025-07-19,tuesday,04:41 AM,07:41,Tablet,Series,5,5.5,1
f294bba4-eabd-496d-9059-5b0241c71440,2025-04-17,wednesday,18:23,21:23,lptop,Documentary,4,6.2,1
617c8fbc-f0cc-456d-8c15-5e23988d9f5c,2025-04-13,Wednesday,10:39 PM,23:39,Laptop,Documentary,2,4.6,0
130a14b3-e27f-4ea7-bcf5-121b97341027,2025-05-05,Thursday,21:12,12:12 AM,Laptop,Documentary,6,6.4,1
3f651515-8109-4d04-9475-d8765dcc203b,,Thursday,21:20,23:20,Tablet,Movie,5,6.6,1
f1745321-873c-4180-91e0-affd6e52eff3,2025-07-16,Wednesday,10:51 PM,01:51,lptop,Documentary,5,5.2,1
d1999d9b-5b79-4b25-9284-e56188a6c8d2,2025-05-23,Sunday,19:16,20:16,Laptop,Documentary,4,4.1,1
43f5f602-b7f8-4bef-87e9-0c20f3dcdbf5,2025-06-24,Tuesday,10:50 PM,01:50 AM,moblie,Series,5,7.3,1
0eed88b5-5d3e-4588-98ee-7dcf5107866c,2025-06-02,Sunday,21:28,22:28,TV,Series,5,7.0,1
67d105ea-cfe6-471b-8f14-a227152e0dd0,2025-05-17,Tuesday,08:29 PM,23:29,Mobile,Documentary,2,5.0,0
89ca4856-e45a-49c3-bb0f-9b9f7b727cea,2025-04-02,Friday,02:46 AM,05:46 AM,Mobile,Documentary,3,7.5,0
62825d01-f3bf-45fb-bd53-87d9aa6ae7f0,2025-04-04,wednesday,19:18,11:18 PM,Mobile,Movie,1,6.5,0
5ba0080b-d467-402f-9eef-8f33aae3e2f4,2025-04-25,wednesday,23:51,01:51,,Series,3,6.2,0
43ad5bdc-c849-4e1b-8221-8c6ee0cc925d,2025-03-31,Sunday,18:47,22:47,lptop,Series,6,,1
2f9eab1e-ce8c-4f80-9662-2c0c081522ec,2025-04-14,Wednesday,10:15 PM,11:15 PM,TV,Documentary,4,5.7,1
ae40a432-a188-4fdd-810a-1167c4f8a649,2025-07-11,Monday,07:17 PM,22:17,lptop,Movie,2,6.7,0
8c204de7-1933-4441-ab27-59be187a8b5c,2025-06-21,Saturday,21:44,12:44 AM,moblie,Documentary,6,5.3,1
2045994e-55af-435b-b25b-5ccb0e147eab,2025-07-03,Friday,22:20,02:20,moblie,Documentary,2,6.5,0
ca9a6879-d9bf-423d-8902-c6eb8e8bbd6e,2025-06-28,tuesday,06:00 PM,08:00 PM,Laptop,Movie,3,7.6,0
a61fffa2-eb52-48a6-ae85-c6fe8fcd17a8,2025-04-02,Wednesday,22:37,00:37,Mobile,Series,2,7.5,0
fb92d5af-aedd-4e94-9a79-5d50e2379e8c,2025-05-11,Monday,12:54 AM,01:54,Mobile,Movie,3,7.8,0
23d354c6-acdb-41d3-8d6a-cd648d60fa4e,2025-08-01,tuesday,02:07 AM,05:07,,Series,5,7.1,1
0822a7e0-597c-4291-b3b4-9864f13c8c0d,2025-04-08,Thursday,06:20 PM,20:20,Mobile,Documentary,6,4.4,1
d4069c14-9fcd-4adc-9009-6dec43deefed,2025-05-22,tuesday,22:56,02:56 AM,Mobile,Movie,5,7.6,1
4301c80e-1fc8-44e6-b5ba-6775847975fc,2025-03-24,monday,06:30 PM,19:30,,Movie,2,6.4,0
91a85d59-2c3e-4d18-aed3-962f2e07e5d0,2025-05-02,Wednesday,19:00,09:00 PM,lptop,Documentary,6,7.2,1
5456f862-6a30-4816-8ed7-423750884c8a,2025-05-19,Tuesday,07:33 PM,11:33 PM,Tablet,Documentary,2,6.9,0
c5595a89-cbcc-48df-8b3e-6827cbd6b7a4,2025-07-29,tuesday,09:24 PM,11:24 PM,lptop,Series,5,5.1,1
88afa1bf-7252-4865-b3cd-34844744ede6,2025-06-07,Thursday,5:57,07:57 AM,lptop,Documentary,3,7.6,0
9fa46591-311c-4a50-a74d-5af013715fda,2025-07-10,Tuesday,11:07 PM,12:07 AM,Mobile,Movie,1,6.2,0
95de9b73-3ec8-48b3-8829-0410af21276e,2025-07-18,wednesday,10:08 PM,11:08 PM,Mobile,Movie,5,5.5,1
f290f216-48e0-45e0-9061-73a87657214f,2025-06-21,Friday,22:16,00:16,moblie,Movie,4,4.0,1
1e87b337-4440-4e9b-8a63-5e4d3e11003b,2025-04-03,Saturday,10:01 PM,02:01 AM,Mobile,Documentary,6,4.8,1
70a3fb34-4578-4e59-aec1-919605adfe9a,2025-05-21,monday,10:08 PM,23:08,lptop,Movie,5,4.8,1
554708c2-6c4b-45e6-a92d-74f569dc0ca3,2025-07-19,Wednesday,5:29,09:29,Laptop,Movie,3,5.9,0
7b2e2be9-7b94-4bcf-8090-8cffef68e4b2,2025-07-02,Sunday,06:41 PM,21:41,Tablet,Series,1,7.1,0
8eb2b1ed-d38b-4434-832c-633189b45be9,2025-03-31,wednesday,08:27 PM,23:27,Mobile,Movie,6,6.7,1
7367edb6-50ef-4b27-8d53-9ac04d1464a0,2025-04-21,monday,06:53 PM,21:53,moblie,Movie,3,7.6,0
5a293cc2-5b64-4614-8338-661ccc59242f,2025-06-26,Saturday,23:40,03:40,Laptop,Documentary,5,4.4,1
77e6380f-eaa5-4214-a353-fc8ce52efd4e,2025-05-17,Friday,10:38 PM,23:38,,Series,4,7.4,1
e044a42e-329c-4a01-ae11-eb5ee09e4339,2025-07-18,Tuesday,04:45 AM,07:45 AM,lptop,Series,6,5.7,1
0fe130ac-5f70-4146-b4c5-408807692dda,2025-08-02,Sunday,21:28,12:28 AM,TV,Documentary,6,4.3,1
b6a741dd-ffce-4210-8a3e-c7d97a498285,2025-05-11,Monday,22:40,02:40,Mobile,Series,2,5.8,0
1dbc3320-37e5-4d71-8d32-694b611ccd48,2025-05-28,wednesday,1:26,05:26 AM,Mobile,Series,3,5.6,0
ba7dfd55-66e6-40c5-9264-6eecf605eba8,2025-04-17,Wednesday,07:55 PM,10:55 PM,Tablet,Movie,5,4.6,1
377dd54f-1a40-492e-875e-004f983801e1,2025-06-03,Sunday,20:39,22:39,,Series,2,5.9,0
a87ef661-aa40-4f13-b15d-ed7dec86cdc6,2025-06-03,Monday,09:25 PM,01:25,TV,Movie,5,5.4,1
d5bb0a01-ff7e-4f41-b19f-70200eeb2993,2025-07-12,monday,11:03 PM,01:03 AM,TV,Documentary,1,6.3,0
8d624b94-35f9-423e-9ff3-bf672b3f4eb5,2025-03-16,tuesday,08:06 PM,11:06 PM,,Movie,6,7.1,1
23e32b25-0559-496d-b72a-555538f52d4a,2025-06-14,monday,03:11 AM,05:11,lptop,Movie,2,7.8,0
208ec0cd-d2dd-4fcc-9cf6-f94adb4b6ca6,2025-06-27,Tuesday,21:36,22:36,TV,Movie,4,6.4,1
2ac5099a-f886-4f1c-b68c-e6a2fd77f6ee,,Thursday,23:19,03:19 AM,TV,Movie,2,6.4,0
140a4abe-4b6b-45c8-8650-07b06b52407f,2025-03-09,Wednesday,22:25,02:25 AM,lptop,Series,4,5.2,1
f150c19e-bd22-49f5-9746-f6000a382503,2025-04-26,Thursday,07:39 PM,08:39 PM,Tablet,Movie,6,5.4,1
26151df7-e175-4068-adbf-263d5f96ded2,2025-02-26,Saturday,23:58,12:58 AM,,Documentary,3,6.7,0
4786c46b-ae42-41ca-8dae-7851e5633b59,2025-05-26,tuesday,20:38,09:38 PM,Mobile,Movie,2,6.4,0
56e1d2d6-bfb9-4f74-a224-f4026404204a,,Sunday,19:49,10:49 PM,Mobile,Documentary,4,5.2,1
6ee9a6bd-eb0f-437f-b22d-b780ceedb755,2025-08-02,monday,08:10 PM,09:10 PM,Mobile,Movie,1,5.8,0
d48df640-4aec-494e-8d0b-ecc3db0e6d60,2025-04-05,Tuesday,07:17 PM,11:17 PM,TV,Series,1,4.9,0
18cd4c29-9ea5-4d2b-8877-8f27d8061e11,2025-03-19,Thursday,18:43,22:43,TV,Documentary,5,4.5,1
d672865e-95c0-484f-b480-3a987c4cc2d8,2025-03-07,Tuesday,11:16 PM,12:16 AM,Tablet,Documentary,6,7.6,1
5dab3181-5096-4144-b2e7-4d834d12401c,2025-04-22,Wednesday,03:56 AM,04:56,Mobile,Documentary,5,5.8,1
b175fddd-4a2a-4bec-8b47-ca58473b2f92,2025-05-22,tuesday,19:54,08:54 PM,Mobile,Movie,2,4.4,0
3f4ce611-45ae-4c5d-91c9-224777eea11e,,Saturday,2:47,03:47 AM,moblie,Documentary,5,7.5,1
2fad303d-7685-463b-9dd6-e43edfb7631b,2025-04-04,Wednesday,2:49,04:49 AM,Tablet,Documentary,1,5.8,0
3afc17f6-c8f0-4dc1-a392-c2478ce0e766,2025-04-03,monday,04:57 AM,07:57 AM,Tablet,Movie,4,6.1,1
67eb21f9-9e11-48a7-a2ff-f0d0d28fe0a0,2025-07-13,Monday,07:36 PM,09:36 PM,moblie,Documentary,4,5.1,1
fb68e230-672c-44fb-9e39-5250360d0b2c,2025-06-08,Sunday,11:01 PM,02:01,Mobile,Documentary,5,5.3,1
cd52338d-5b7d-490e-b7dc-b31686184f42,2025-02-06,Saturday,11:04 PM,03:04 AM,,Series,2,6.9,0
2ce98f6a-bd54-4363-9d48-b16351aed1fd,2025-08-05,monday,11:06 PM,02:06,,Series,3,5.3,0
40e465e2-3f8c-42d6-bdae-69de93650d8a,2025-02-11,Thursday,03:06 AM,04:06 AM,Laptop,Movie,6,6.5,1
b2d9e458-f845-4177-a825-09cc83360a5d,2025-08-05,Thursday,07:14 PM,21:14,TV,Movie,6,5.3,1
350abaf7-f009-4345-a8aa-a082ca9c6f88,2025-06-07,Saturday,21:37,12:37 AM,Tablet,Movie,5,5.5,1
ce509fee-c874-46b7-83b1-57af651352f1,2025-06-12,Wednesday,20:45,11:45 PM,,Movie,2,4.8,0
65863f01-f1b9-40b5-b9e3-03af6358b8e1,2025-07-12,monday,18:42,09:42 PM,Mobile,Series,5,7.0,1
caf0c5cb-b5f8-4cbe-a1d0-785140d855f2,2025-02-10,Friday,09:29 PM,01:29 AM,moblie,Movie,2,,0
a27e7c83-0891-4056-9eeb-13ae35908f9a,2025-02-13,Tuesday,11:22 PM,12:22 AM,,Movie,6,5.4,1
25002dca-e441-47b3-b9d1-34909691ca0a,2025-06-17,Saturday,19:24,08:24 PM,Tablet,Documentary,1,6.9,0
610f117b-7954-4dfc-9a33-e0bcceedcab9,2025-02-16,wednesday,03:57 AM,05:57 AM,lptop,Documentary,1,5.9,0
262767e8-06b7-4b21-ba2d-179a2523a92a,2025-03-06,Monday,20:08,10:08 PM,moblie,Movie,4,7.3,1
0fc6e6d9-24fa-4dbe-b8dc-3cbe87b1c198,2025-06-08,Sunday,05:15 AM,06:15 AM,lptop,Movie,4,6.6,1
6729cd17-f24e-4869-9ff3-1799d1ad8f27,2025-06-22,Saturday,3:37,04:37,Tablet,Movie,2,7.6,0
8207245e-2d92-4bca-8993-2e261c7b03c2,2025-03-02,tuesday,19:13,22:13,Mobile,Series,1,5.1,0
3cc48121-04d7-4c3e-a291-881911420296,2025-05-01,wednesday,22:09,12:09 AM,lptop,Documentary,4,4.7,1
19790975-e771-4271-a87d-99be1f7bdee7,,wednesday,21:20,01:20 AM,Tablet,Documentary,1,4.5,0
a38330ce-3667-4379-8b9a-cdff35b9470a,2025-04-21,Friday,19:26,10:26 PM,Tablet,Series,2,6.2,0
e9c6f9f4-b509-4d01-8ac0-e567b258db43,2025-03-06,Saturday,12:53 AM,03:53,Mobile,Series,5,5.7,1
ddf23695-a339-4e15-8586-a141c06053bc,2025-04-29,tuesday,10:55 PM,12:55 AM,TV,Movie,2,4.8,0
4e119992-01db-4628-b4a4-4e742f31db98,2025-02-22,monday,21:18,22:18,Laptop,Documentary,3,5.2,0
ddfe915b-8ed8-40a4-8093-cba059537b05,2025-02-11,Saturday,20:18,09:18 PM,Tablet,Series,1,4.4,0
fe96533c-9eed-466d-9f4c-895dc703edd9,2025-02-06,Friday,22:48,23:48,,Documentary,15,2.8,1
6d87335f-05fa-471e-bf0e-71cd09a1a526,2025-05-04,Tuesday,06:02 PM,22:02,moblie,Documentary,5,7.8,1
3d5e883d-76a9-44ab-a390-887a25d6a7bf,2025-03-09,Sunday,08:11 PM,12:11 AM,lptop,Documentary,4,6.9,1
86939f7c-a505-4854-b700-a406d2a6f851,2025-02-20,wednesday,06:08 PM,07:08 PM,Tablet,Movie,4,7.4,1
7159a43d-1ad8-4aa5-a2aa-7cedad5ed9c1,2025-06-02,Wednesday,18:44,07:44 PM,lptop,Series,1,4.3,0
28b0953a-69d1-4eee-8537-6a2eaede8ea4,2025-03-09,Thursday,10:47 PM,12:47 AM,Laptop,Documentary,4,5.2,1
8ba51b05-1d8e-45de-89f0-ceba3db0c675,2025-06-15,Tuesday,18:01,08:01 PM,Mobile,Documentary,1,4.5,0
6ead9d68-26e8-4b47-ac96-dcd8c5732ef8,2025-02-20,Monday,11:52 PM,02:52,moblie,Documentary,3,4.2,0
85f6dd19-b87b-4c6c-b879-d512ca56a304,2025-07-13,wednesday,07:23 PM,09:23 PM,Mobile,Documentary,2,7.8,0
9bde647d-b790-4906-a759-0a9afed78800,2025-03-21,wednesday,07:04 PM,23:04,moblie,Documentary,6,6.8,1
8af0d983-0ad1-47b4-b306-d0429d1ec4ad,2025-07-15,wednesday,21:16,01:16 AM,,Movie,2,7.9,0
995a3616-2250-4486-9adb-3fc48a463ef4,2025-04-26,Saturday,3:11,06:11 AM,,Movie,3,4.2,0
885c2f18-6d8c-474a-bc8d-3b423e2ae8da,2025-04-07,Tuesday,08:54 PM,10:54 PM,TV,Documentary,4,5.1,1
3ac0f98e-1e1e-4e93-8f07-2424e32861e2,2025-07-02,Thursday,23:50,01:50 AM,TV,Movie,4,6.3,1
905905b3-43a2-4532-823a-e16af5a74fb0,2025-04-06,Tuesday,21:01,01:01,moblie,Series,6,5.1,1
9ac9d5bc-a93d-4a33-86db-6975250effb3,2025-03-09,Monday,08:29 PM,09:29 PM,,Documentary,1,4.8,0
2c7b01dd-1fd5-4e54-8624-347c73432638,2025-03-05,Tuesday,08:54 PM,22:54,Laptop,Documentary,11,3.3,1
c2516d72-8741-470f-a051-7bc5c7d38adb,2025-05-27,tuesday,10:03 PM,11:03 PM,lptop,Documentary,2,7.0,0
e9683979-171e-4476-afb8-7588082bceaa,2025-08-06,Wednesday,10:36 PM,02:36,Mobile,Series,3,7.3,0
1635de67-4323-462c-8eae-bc38242218d5,2025-03-31,tuesday,23:16,03:16,Mobile,Series,5,5.6,1
4223e8c0-7709-4ae5-9d0b-2d4544564efc,,Saturday,04:01 AM,07:01,lptop,Movie,2,5.5,0
c1ed7196-376b-4ed4-83a2-6e732b0abb8d,2025-05-14,Thursday,10:15 PM,01:15 AM,TV,Documentary,2,7.2,0
fee1e45c-7ddc-4ab4-81f1-0b7feb5171e3,2025-04-29,tuesday,12:23 AM,01:23,Tablet,Movie,4,7.6,1
89372cdb-38db-444e-b5bf-3825cdeafae6,2025-08-03,Saturday,08:51 PM,10:51 PM,Tablet,Documentary,5,5.2,1
618d1890-e0b5-4955-b4a0-dd4ce5f96c5f,2025-06-15,monday,20:16,09:16 PM,Tablet,Series,6,6.4,1
eeb8bb89-15a1-42a4-87c6-5e84fb83e05e,2025-07-12,Thursday,10:15 PM,02:15,Laptop,Series,6,7.6,1
f9749198-742f-47fc-b7ea-39baf1af3a42,2025-05-13,Thursday,08:25 PM,23:25,Laptop,Series,6,7.5,1
0709cd74-75d1-4079-b7a0-5ddaee35516b,2025-06-22,Tuesday,5:01,07:01,Tablet,Movie,1,4.1,0
69c23a0d-caa9-4e3b-ba74-d69e711d96fc,2025-02-24,Saturday,21:17,12:17 AM,,Documentary,4,7.5,1
ec00901a-37d1-4946-8be2-6d40dc099d43,2025-07-30,wednesday,01:58 AM,03:58 AM,lptop,Series,6,7.8,1
27233137-056a-4277-a5fa-410a13e12464,2025-07-20,Monday,19:58,08:58 PM,,Documentary,6,5.5,1
ec109134-750f-44c9-8581-6a4d57a5119b,2025-02-12,Saturday,4:03,08:03,Mobile,Series,3,6.3,0
452b269b-c423-40b8-9754-cf8f367e82f2,2025-03-26,Tuesday,20:53,10:53 PM,moblie,Documentary,5,6.5,1
17fe7a15-a0ca-427f-b767-63912d92f4fa,2025-08-05,Thursday,11:12 PM,03:12 AM,Tablet,Movie,3,6.0,0
db4e79aa-9335-4df4-a7df-ca06e79158b8,2025-07-04,Wednesday,05:22 AM,07:22 AM,TV,Series,5,7.3,1
2a58e372-67cc-4b9b-a0e4-621da79723d1,2025-07-17,Friday,06:33 PM,07:33 PM,Tablet,Documentary,1,5.7,0
f35a089b-d496-4ce3-930e-5739395f100f,2025-04-07,wednesday,03:42 AM,07:42 AM,Mobile,Movie,1,6.3,0
ccba4e43-d8bd-40a9-98b0-19389f8f1324,2025-04-04,Monday,08:33 PM,21:33,Laptop,Documentary,1,6.8,0
a385a209-7b7b-4f0b-a04b-e139471bea5e,2025-05-26,Friday,07:15 PM,09:15 PM,moblie,Documentary,6,4.1,1
4d6731db-f32d-4500-a0bc-9a2a556845bc,2025-03-09,Tuesday,09:50 PM,01:50 AM,,Series,2,6.4,0
f1779ce3-6fca-4fac-acd2-2083904a7af4,2025-04-15,monday,08:46 PM,23:46,,Movie,1,5.3,0
ac722c24-955d-49e3-990a-0ba8a08d0a5f,2025-05-21,tuesday,22:28,01:28,Tablet,Series,1,,0
a0abee51-ec01-462d-9856-e97d117d40df,2025-05-21,Saturday,01:15 AM,02:15 AM,Mobile,Movie,2,4.3,0
daae7c0a-54e8-42e5-b1c6-8e2885f20282,2025-04-17,monday,04:48 AM,05:48 AM,moblie,Series,3,4.8,0
920d6b75-44a5-4984-a33c-68c4b3507374,2025-04-17,Sunday,07:35 PM,08:35 PM,Laptop,Movie,4,6.2,1
0359527a-5e9d-43a5-9632-a71007141dbf,2025-05-11,Sunday,06:00 PM,08:00 PM,Tablet,Movie,2,6.4,0
f44de00b-0d9a-4df6-a8ff-2ea13856d598,2025-07-31,tuesday,03:04 AM,06:04,Tablet,Documentary,6,4.2,1
d853fdc9-1d60-455d-adb5-790b4a97fe3d,2025-06-05,wednesday,18:14,19:14,,Documentary,3,6.9,0
94b113c0-5563-4ae8-a091-79b9940782f4,2025-02-09,wednesday,22:11,02:11,TV,Movie,5,5.5,1
6b5894c6-f8cc-41f3-a7e1-2183dc5ac351,2025-02-15,monday,18:33,19:33,Mobile,Series,4,7.5,1
5f6f9eec-d3b4-4ed8-8bd2-a38f8b7fc1d3,2025-04-16,wednesday,23:48,02:48 AM,Laptop,Documentary,5,4.2,1
cb6ba968-b192-4743-b70c-1afbce2f8f9d,2025-02-22,tuesday,08:41 PM,09:41 PM,Mobile,Movie,3,6.9,0
717b64fb-32e1-4e28-84c1-5ba2aa00f23c,2025-05-11,Monday,06:07 PM,10:07 PM,Mobile,Series,6,4.3,1
d4446798-c36b-4276-a954-2cbfe16d6763,2025-05-07,Wednesday,07:29 PM,11:29 PM,Laptop,Series,6,5.6,1
d9e252fb-2ed4-4387-9968-320d391d1102,2025-05-30,Tuesday,23:02,00:02,moblie,Movie,2,7.4,0
6d37c979-a8c0-483e-be25-d66fbb086779,2025-03-17,Tuesday,23:38,00:38,lptop,Movie,5,6.1,1
a0ac70ca-2416-47cf-8ce4-b8d2df88afb5,2025-04-23,tuesday,4:52,06:52,Tablet,Documentary,1,5.2,0
424d2691-de92-4eb5-b59b-f6ba5ecd8b04,2025-06-19,Sunday,01:59 AM,04:59 AM,lptop,Movie,3,7.4,0
451e335b-a294-4d6a-80fb-b79f0bb314c3,2025-05-12,Friday,10:09 PM,02:09 AM,,Documentary,1,7.6,0
4cdaa384-15f4-47b0-b225-bfa529f9367d,2025-04-29,Monday,21:26,01:26,,Series,2,,0
e0421b5f-875b-45fe-99e1-93ce549cb38e,2025-03-03,wednesday,08:13 PM,10:13 PM,lptop,Documentary,6,5.0,1
6c4e1ca4-8582-4e29-a347-1c054718f51c,2025-03-26,Sunday,09:36 PM,12:36 AM,moblie,Series,3,4.6,0
5b772789-9013-4449-9c11-5e2011085f42,2025-07-23,tuesday,23:03,02:03,TV,Documentary,1,7.0,0
1586d713-39fd-43cd-a780-1298c37e8dfc,2025-02-18,Sunday,18:38,21:38,Mobile,Movie,6,4.5,1
f165683e-c7c8-48c5-bfd1-3196f7e41118,2025-04-21,tuesday,18:50,22:50,Laptop,Documentary,3,4.7,0
b43f029f-734b-4451-9853-266c9612246f,2025-06-24,Saturday,21:20,01:20,,Documentary,2,,0
9e072ae6-d01d-4abc-8f59-30527ba43bab,2025-03-08,Sunday,2:28,06:28 AM,Mobile,Movie,3,6.6,0
428a36cc-e2b6-45b8-81bc-a713e9f81bff,2025-03-24,Thursday,11:09 PM,12:09 AM,Mobile,Series,2,4.9,0
d2fcc47e-f6ec-4d47-8986-7350325baf52,2025-05-09,tuesday,22:10,11:10 PM,Tablet,Documentary,3,6.8,0
ec09bfa9-aeae-4a02-b80b-39456e626b9b,2025-07-13,Friday,08:28 PM,09:28 PM,lptop,Documentary,6,5.0,1
c2cab6af-215e-4112-892a-cf9a740425c7,2025-07-26,Monday,07:23 PM,10:23 PM,lptop,Documentary,2,5.7,0
3f940980-871e-495c-a49c-6160c751570a,2025-06-20,Tuesday,22:26,01:26,Laptop,Series,4,7.0,1
e4727907-62f3-43d7-b9ca-685fa88b7658,2025-03-05,Sunday,23:42,02:42 AM,,Movie,1,4.2,0
f683ac84-01ef-465e-b99d-b6ebdb203a34,2025-06-04,Sunday,06:56 PM,10:56 PM,Mobile,Series,1,5.6,0
1f3a3ef6-568e-46ad-b1a7-465d69dfd1be,2025-02-25,Wednesday,10:29 PM,23:29,TV,Series,4,5.5,1
9ef9c150-c69e-4c0a-87bd-441edca8d291,2025-03-05,Tuesday,20:03,22:03,Mobile,Series,4,4.6,1
2894ba63-5ed2-4eca-872a-1569fc654f70,2025-02-17,Saturday,08:02 PM,12:02 AM,TV,Series,2,5.3,0
10c0e76d-bed4-40d3-bbea-9a3b3170039f,2025-04-29,monday,07:00 PM,23:00,Mobile,Documentary,1,5.7,0
5033a863-7ac3-406f-949a-4dee50da10d5,2025-03-09,Thursday,18:05,21:05,Tablet,Series,6,7.5,1
e2845e59-f840-4264-a9df-872272438ccc,2025-06-28,monday,23:22,12:22 AM,lptop,Series,1,6.1,0
b31e5fc3-2254-492f-8c83-690450e33b51,2025-02-22,Saturday,07:24 PM,22:24,,Movie,5,,1
3d83ac44-f1db-4618-bb72-a3850d5e392e,2025-06-21,Sunday,1:32,04:32,Mobile,Series,1,6.6,0
622c339e-c7b0-4987-8504-58dc14bbc5df,2025-04-07,tuesday,09:35 PM,01:35,Tablet,Documentary,5,7.9,1
985d0b8f-127e-44de-8df9-7e20d7fe2405,2025-08-05,Sunday,08:41 PM,12:41 AM,lptop,Documentary,2,5.4,0
7ab2cdc6-e95d-48ef-8a2c-2c7b287f89fd,2025-08-02,Saturday,19:20,22:20,Laptop,Movie,2,,0
db7f8036-7f12-4763-9b0b-0062755e6b17,2025-02-22,Tuesday,10:20 PM,23:20,Tablet,Series,2,5.2,0
b17e5e82-83c4-4892-b00e-c5227e30cb33,2025-06-25,Sunday,18:43,08:43 PM,Tablet,Documentary,5,5.1,1
290b8a33-600b-4698-963c-7a2493027eae,2025-06-26,Wednesday,11:49 PM,00:49,TV,Documentary,4,4.1,1
8cb4459f-be6e-4724-aaea-b1b8e1c0f996,2025-02-09,Thursday,08:18 PM,23:18,moblie,Movie,2,7.6,0
cffa4da5-633b-4c37-8515-f00e1fbb9f01,2025-04-23,Thursday,19:04,11:04 PM,Mobile,Series,6,5.4,1
3d467479-ba42-415e-8362-de21d318f1b8,2025-02-10,Wednesday,18:54,07:54 PM,lptop,Movie,1,5.6,0
80dd9725-d9b2-4922-9c9b-befd937104a6,2025-02-13,Saturday,11:25 PM,03:25,lptop,Documentary,3,7.2,0
75ea9a9f-4801-40bf-b23d-2c20fb7d621f,2025-03-09,monday,11:27 PM,03:27 AM,Tablet,Movie,2,,0
9d89b003-8443-4361-914c-efd3cc1d51b3,2025-07-04,Wednesday,22:16,02:16 AM,Laptop,Documentary,3,4.2,0
22b9afdf-7acc-4765-b802-94ee1f26cdab,2025-03-18,monday,11:20 PM,12:20 AM,Laptop,Documentary,6,7.3,1
605a1a94-72e0-4934-a2ea-b895106a9aba,2025-05-29,Thursday,05:54 AM,08:54,TV,Series,3,4.2,0
a4d93a44-93eb-47a7-a33d-fbf355a2f619,2025-06-07,monday,19:21,11:21 PM,,Documentary,3,6.1,0
6200b10d-024e-4451-9a30-f2449374bb53,2025-06-09,wednesday,07:51 PM,21:51,moblie,Documentary,5,6.4,1
b876e069-a6c2-4377-af40-b4770f6e5d86,2025-07-12,Friday,09:52 PM,22:52,lptop,Movie,6,6.1,1
ed3d76ee-3027-4d96-8307-1628f799927b,2025-05-28,tuesday,20:58,22:58,lptop,Series,5,4.1,1
cba53a2a-7c78-4498-8067-0eaefd0b7e47,2025-06-26,Friday,11:39 PM,01:39 AM,moblie,Series,5,7.5,1
e620e6be-bd7f-4229-a7e3-0dc28d6ea12a,2025-07-26,Tuesday,10:31 PM,01:31 AM,,Documentary,4,5.1,1
f4608949-cd08-4b36-b223-6cfc2921c9cf,2025-05-18,Wednesday,09:50 PM,00:50,TV,Movie,1,7.5,0
e70c378c-303c-48cf-8576-5ce96782258e,2025-02-05,Wednesday,02:47 AM,05:47,moblie,Documentary,6,5.6,1
dd5e6635-dcbc-4f67-8218-1f5fab9bafe6,2025-02-20,Monday,23:33,01:33,,Movie,5,6.5,1
11a5586c-e651-449c-98fd-76a5a57d8df9,2025-05-02,Wednesday,09:09 PM,01:09 AM,TV,Series,5,6.3,1
7877fc86-054f-431d-966f-5f22aa50e6e4,2025-05-17,Friday,04:23 AM,06:23,Tablet,Series,6,5.5,1
dac1b408-af57-484c-af52-6a01887d94d1,2025-03-13,Sunday,10:27 PM,11:27 PM,Tablet,Series,5,6.8,1
d44bacb0-52cb-44fa-8b6b-a01d29a3e662,2025-04-06,Friday,01:37 AM,04:37,,Documentary,4,5.5,1
dbb4ac71-b8cc-462a-9918-0247e48fbf8c,2025-07-07,tuesday,07:24 PM,21:24,Tablet,Series,2,5.8,0
93511da9-3166-4666-822e-ccd9a2218bc8,2025-04-07,Sunday,06:38 PM,10:38 PM,Tablet,Movie,4,7.8,1
26e53331-fa36-4a85-82e6-9a6abd3ae0d6,2025-02-20,Sunday,23:02,03:02,Tablet,Movie,1,4.6,0
46411fea-2c22-41a1-9dd5-da29f0bedf05,2025-05-27,monday,06:09 PM,22:09,Laptop,Documentary,6,6.3,1
b4817167-0817-4c44-a093-7fa68d82913e,2025-07-01,Tuesday,10:22 PM,01:22 AM,TV,Series,2,5.1,0
a0e64466-7da6-40b7-ba10-56a93e1591da,2025-06-04,Sunday,08:42 PM,09:42 PM,,Documentary,6,5.0,1
91980643-888d-45cb-a06a-738355693883,2025-07-27,Friday,20:54,22:54,moblie,Movie,3,4.1,0
eccc51bf-d8bf-475e-8dea-8306395edba2,2025-02-10,Wednesday,09:05 PM,00:05,TV,Documentary,5,7.1,1
53248521-20c7-4743-a956-e3e577d9c68d,2025-06-24,Monday,05:45 AM,08:45,,Documentary,5,4.8,1
c4cdc0c4-9d59-41b6-a4db-89cc2dd31fb6,2025-06-28,monday,1:45,05:45,Laptop,Documentary,1,5.1,0
2009a9d5-e572-4c3b-b69d-5e96cbada1f6,2025-04-12,Saturday,09:26 PM,22:26,Mobile,Movie,3,4.1,0
d9a42b4a-4fe1-4069-a0b7-7a08f3592846,2025-02-17,Tuesday,0:40,04:40,Mobile,Movie,4,8.0,1
cc8ffaaa-b18c-41b2-9eab-96b7d4014c43,2025-04-26,Friday,22:13,12:13 AM,Laptop,Movie,2,7.1,0
827d9469-0b7c-4ea7-8a91-f30d4d2be8ea,2025-04-06,Friday,11:22 PM,00:22,,Series,6,,1
9feab016-1913-4dfc-b302-4a8c1b02795f,,Monday,09:39 PM,00:39,Laptop,Series,6,4.7,1
7c296813-5318-4be2-8859-15f789e426ea,2025-07-20,Monday,22:58,02:58 AM,moblie,Documentary,1,6.7,0
cb4e70b6-9170-47e3-8bde-09bc1a4f8ba5,,Saturday,21:45,00:45,Mobile,Documentary,5,5.1,1
9186d064-8e9f-4bd5-871c-d245cbfa11e8,2025-06-30,tuesday,19:18,23:18,,Series,4,7.1,1
c76c1a46-e0d2-426c-b958-9011550e4551,2025-06-08,monday,10:52 PM,01:52 AM,Mobile,Series,1,5.9,0
47bf31a9-fd08-4e49-952f-d0f4ceda5716,2025-05-11,Friday,23:42,00:42,Tablet,Series,14,2.4,1
e3d76455-44b9-4a91-a00c-e8eabced4933,2025-07-01,tuesday,10:28 PM,12:28 AM,TV,Movie,5,4.2,1
37af174e-05b7-42db-ba9f-786bff966625,2025-03-30,wednesday,23:34,03:34 AM,Laptop,Documentary,3,4.4,0
e94c7edb-1226-4397-a002-7b9c67a999bd,2025-05-08,Wednesday,18:36,09:36 PM,Laptop,Documentary,6,7.9,1
9d295d86-1542-480c-83b1-7e426b79cc85,2025-07-08,tuesday,18:39,21:39,moblie,Series,2,6.7,0
88d0a671-fecf-4f90-8824-7b7afb39bb50,,Friday,08:56 PM,21:56,TV,Documentary,6,5.5,1
8a3b7f77-c670-4e3b-a572-f426eabede2c,2025-06-18,Sunday,23:24,12:24 AM,TV,Movie,5,6.2,1
bdaa277d-7e1d-4365-b351-82b6801476c7,2025-02-15,monday,03:28 AM,04:28 AM,Mobile,Documentary,1,6.7,0
1e9395d0-b2c8-44fd-9287-18b015eb3d1c,2025-04-21,wednesday,19:05,09:05 PM,TV,Movie,6,6.4,1
b7f7926b-0c0b-4fa6-b4ff-409fe4ab27b9,2025-03-03,Tuesday,07:09 PM,22:09,Tablet,Documentary,1,,0
d2875ace-4e23-4997-aae1-41e6b666120a,2025-07-30,wednesday,08:34 PM,21:34,,Documentary,4,5.0,1
8b9d2dbb-dce0-4c38-b415-085580197c34,2025-03-03,Thursday,09:14 PM,12:14 AM,Mobile,Movie,6,7.6,1
bdaa7d5a-8667-4011-a135-ff01d0de9531,2025-05-09,Thursday,05:40 AM,06:40 AM,lptop,Movie,5,6.4,1
21f0a0eb-0724-40ac-85d7-62e98124eef4,2025-05-14,tuesday,18:36,07:36 PM,Laptop,Movie,5,4.6,1
e35ffbc1-f9dc-4ad8-a54e-e471e019843a,2025-07-24,tuesday,09:53 PM,23:53,Laptop,Series,6,7.9,1
dee966dc-ecc3-4705-89b4-e64ef818593b,2025-02-14,Friday,06:07 PM,08:07 PM,,Documentary,1,7.5,0
ded3b733-825d-4c13-a7ef-903bf58a8f4d,2025-04-05,Monday,22:51,02:51 AM,Laptop,Documentary,1,6.3,0
9b534b2e-c22e-457f-9885-9d447ec4b200,2025-07-17,tuesday,18:38,19:38,lptop,Documentary,4,4.4,1
ae271ac4-7582-4eaa-834a-10b2049839ed,2025-02-18,wednesday,20:37,00:37,Tablet,Movie,2,4.2,0
67650c6b-bb45-4f9d-bc5a-d3e9943f201c,2025-04-14,wednesday,21:11,01:11 AM,Laptop,Series,1,6.0,0
c6eae268-0820-42df-84bc-7cb83201c9e3,2025-02-16,Saturday,08:19 PM,23:19,TV,Series,3,7.3,0
fa2e92d1-6621-4012-853b-41dd34ff84c3,2025-02-28,wednesday,08:34 PM,12:34 AM,Mobile,Documentary,5,7.7,1
0b85af2f-b9cc-4c77-9da8-9b62e0bca624,2025-07-15,Tuesday,07:05 PM,09:05 PM,Laptop,Series,6,5.9,1
8341a9f2-2e93-4c0f-9413-1b9398295e96,2025-07-15,tuesday,07:49 PM,09:49 PM,Mobile,Movie,3,4.2,0
8c0ff608-ad09-40f2-991a-536351b07f7f,2025-07-05,Wednesday,22:46,01:46,Mobile,Movie,5,7.9,1
5606b52b-cb5a-4a98-a312-ba92ff093bef,2025-02-20,monday,21:33,01:33 AM,TV,Series,6,7.9,1
72b8b170-df66-4580-aef7-cafb892182d0,2025-06-02,Wednesday,10:31 PM,02:31 AM,Laptop,Documentary,2,7.4,0
5b136121-2398-47f7-9d0a-2ed6057f4f15,2025-06-13,Wednesday,19:40,11:40 PM,,Series,3,,0
9c80ad47-a90b-4a72-a316-b8935b854e31,2025-03-28,Sunday,18:28,09:28 PM,lptop,Series,5,6.5,1
8c3f77fb-b634-4c9b-bf52-079df0ccb19f,2025-03-08,tuesday,22:27,23:27,Tablet,Movie,2,4.6,0
efd22ade-b53c-41a4-be77-099ed8ad40a0,2025-03-02,Thursday,23:00,12:00 AM,Mobile,Movie,5,7.1,1
fe537e7d-e4ad-4fcf-9e60-fe1e04e8796f,2025-03-21,Tuesday,09:34 PM,01:34,,Documentary,1,4.0,0
246c2a32-3955-48ea-9b6c-dbfe511ae02d,2025-05-30,Sunday,23:54,01:54 AM,TV,Series,2,5.8,0
e74a5f45-ad80-4963-ab6e-b37a2458bcf0,2025-05-26,wednesday,06:44 PM,07:44 PM,Mobile,Documentary,1,5.4,0
0c98280b-b909-484d-b8f9-e4a5c0940bb5,2025-03-12,Monday,06:20 PM,07:20 PM,moblie,Movie,2,7.5,0
cf9812dd-1598-40c8-9887-85d4a3f9a8e5,,Monday,04:40 AM,05:40,Laptop,Series,1,5.1,0
51321db7-8302-4d32-a994-0828c42b9586,2025-07-02,Saturday,10:29 PM,12:29 AM,Laptop,Series,4,6.0,1
156f0fd8-495b-444f-b24a-017b67c5b142,2025-05-08,tuesday,11:39 PM,02:39 AM,Tablet,Documentary,2,7.0,0
8812a491-246c-4312-823a-9fed1f980179,2025-06-15,Sunday,22:48,11:48 PM,Laptop,Documentary,4,6.4,1
ad7cad93-4916-4ee3-b1cb-9ac8a3f97291,2025-05-09,wednesday,18:36,19:36,Mobile,Documentary,3,7.1,0
0c43b103-9971-4c02-b3f2-2aa1d8062220,2025-03-24,Thursday,02:00 AM,05:00 AM,lptop,Movie,5,4.0,1
2a4aac74-7fb7-4c8a-b145-b387fe726e5f,2025-03-14,Wednesday,07:15 PM,23:15,Laptop,Documentary,3,7.7,0
a8cd08ca-b649-4f47-9aae-69b46eacece4,2025-03-26,Saturday,20:17,09:17 PM,,Movie,1,4.8,0
e69f4296-6137-4917-80be-fa840c68ca29,2025-02-27,Sunday,21:45,12:45 AM,Mobile,Documentary,1,,0
882551c0-ae88-450a-a91c-fd6e87386565,2025-02-15,tuesday,22:45,23:45,Laptop,Movie,1,7.2,0
861ea18c-201e-4744-904c-970f669a4504,2025-07-14,Thursday,23:29,12:29 AM,Tablet,Series,6,,1
7219c812-e974-499a-987c-bdcc63357b83,2025-05-03,Friday,09:35 PM,12:35 AM,Mobile,Series,4,7.5,1
ee143dd9-16cc-4905-8002-d6e9c40011b2,2025-05-29,wednesday,05:49 AM,07:49 AM,Mobile,Movie,3,6.1,0
e438fdd9-5588-4f00-ac36-069afb43d976,,Sunday,10:44 PM,01:44,moblie,Movie,5,4.9,1
ac5cc929-a008-4860-b520-af443f6eb90f,2025-03-23,monday,08:23 PM,12:23 AM,Tablet,Movie,1,5.0,0
e9d08001-beef-4c10-92cc-1e26d3c7f5e0,2025-05-29,monday,18:22,22:22,Laptop,Series,6,4.7,1
9a236e81-ebd3-4323-b5dc-2a2b30592bfd,2025-07-30,Saturday,11:40 PM,02:40 AM,lptop,Series,2,6.7,0
9c698c4d-a0af-4702-915a-04dbab159326,2025-05-13,wednesday,08:00 PM,10:00 PM,Laptop,Documentary,1,4.0,0
4ccd8fcc-feca-444f-8518-dbbd5951ff3a,2025-08-01,Tuesday,10:57 PM,02:57,Tablet,Documentary,1,5.8,0
0a6008a6-7762-4e19-9ed8-f85f986afaa6,2025-03-27,Sunday,07:19 PM,22:19,Mobile,Documentary,3,5.1,0
3310264d-59d0-46a2-b374-ba430891cb2d,2025-06-20,Wednesday,08:57 PM,23:57,moblie,Movie,3,4.6,0
d445314a-865b-4fd2-b9a9-5d5a0d2c348d,2025-08-03,Saturday,19:59,09:59 PM,Tablet,Movie,3,4.9,0
96791b7c-3d62-4bb0-aa30-3a182370bf1b,2025-07-20,Saturday,08:35 PM,12:35 AM,Laptop,Documentary,5,6.8,1
2ca81294-86de-4ae2-98d1-703310609ac4,2025-07-19,Tuesday,5:21,09:21 AM,moblie,Movie,2,4.4,0
fe85dffb-c49c-4f1d-a751-6238a340f135,2025-04-06,Tuesday,07:19 PM,10:19 PM,lptop,Documentary,2,7.8,0
6cd5c641-a269-431e-b064-f60a9cac5aa8,2025-03-23,Thursday,21:05,12:05 AM,Tablet,Series,2,,0
f68411a7-8b6f-4f2a-9306-c534efc1919e,2025-04-25,wednesday,07:04 PM,11:04 PM,moblie,Documentary,4,7.3,1
c8bc2901-c7b3-44da-841f-c84397ac0e82,2025-07-19,Thursday,21:51,23:51,lptop,Documentary,1,6.9,0
2e66fb99-a1b1-46b2-a0d3-95367dd8c632,,monday,10:54 PM,11:54 PM,Mobile,Documentary,6,4.3,1
5782508e-2b83-4f11-8d34-5a77caab0950,2025-06-30,wednesday,06:38 PM,09:38 PM,moblie,Documentary,2,6.1,0
f9457b07-aafb-4ee2-a6cc-4a9e259ca1bc,2025-04-05,wednesday,09:04 PM,00:04,Mobile,Movie,4,,1
294a4722-8da3-406f-ac76-9797ff25dc8f,2025-02-16,Thursday,06:16 PM,22:16,moblie,Movie,5,5.3,1
296520be-7163-49eb-aab4-2ab6309538d4,2025-04-15,Sunday,21:44,01:44 AM,,Movie,3,4.6,0
621741e6-dc14-43c7-bd64-d199af5303de,2025-07-17,tuesday,06:00 PM,19:00,Laptop,Movie,6,6.0,1
ecb54576-4507-4d64-a1e5-322e606d9105,2025-03-04,tuesday,22:12,01:12 AM,,Movie,4,4.1,1
ec6f3ce9-46e4-45a3-9d89-50095d616801,2025-04-18,Thursday,07:53 PM,23:53,lptop,Movie,6,7.5,1
abf7d5a6-a351-423b-8d82-03b38f90e349,2025-05-28,Wednesday,1:03,05:03 AM,Laptop,Movie,2,7.5,0
baed133b-6730-402c-a56c-2c28046f6d4c,2025-06-05,Tuesday,22:55,02:55 AM,,Series,4,4.4,1
cee9ace3-d6c4-42c6-9cd1-bd113a5646b6,2025-05-11,Friday,2:28,03:28,Mobile,Documentary,5,4.8,1
76db78c4-2548-4ee3-9baf-7941ab75d074,2025-06-18,Saturday,20:10,09:10 PM,lptop,Documentary,5,8.0,1
c1fb6236-6064-467d-b256-67b0c01588f5,2025-07-05,Thursday,06:32 PM,21:32,,Series,15,3.7,1
25e82ec5-7a14-4dbe-8897-ad20ea3573aa,2025-04-01,Friday,04:09 AM,05:09 AM,moblie,Series,4,6.9,1
02cde9a9-b6ca-44a2-bbaf-d5109e915bd4,2025-02-08,wednesday,20:03,00:03,Laptop,Movie,2,5.3,0
d2a2126c-afa7-4e70-b347-b89ae2c3ec69,2025-03-26,wednesday,20:17,12:17 AM,moblie,Movie,3,5.4,0
b3aaf9ca-3ff2-411a-9bb3-6fb088b53a5a,2025-02-11,Friday,23:20,03:20,Mobile,Documentary,2,7.0,0
64b06ffa-6168-42de-92aa-abc1717cc0ce,2025-07-04,tuesday,19:46,09:46 PM,Tablet,Documentary,2,4.9,0
d4067335-3e98-4844-86a2-b233ee176568,2025-03-15,monday,2:06,06:06,lptop,Movie,11,3.6,1
0a824be8-f5ca-4b21-b116-8dc36e6e53c7,2025-08-05,tuesday,18:00,10:00 PM,Laptop,Documentary,1,7.5,0
817e103b-12e1-4071-8ba1-391f811e2d8b,2025-07-06,tuesday,07:14 PM,08:14 PM,lptop,Movie,5,5.1,1
a9cf6923-c9eb-49b7-87b7-9438378a60fd,2025-08-01,Sunday,10:16 PM,01:16 AM,moblie,Documentary,3,4.2,0
9afde690-8e36-4cb2-b6f8-a71e12452232,,Saturday,23:12,02:12,TV,Series,6,5.8,1
db6dfb01-a94e-460b-8988-5e41e1deb710,2025-07-20,Thursday,06:07 PM,22:07,TV,Documentary,4,4.3,1
3618d6eb-ccd1-44a9-9022-ff294e7a7f4c,2025-04-02,Sunday,20:03,09:03 PM,lptop,Series,2,6.9,0
ad5b9ff9-c9e0-48de-be34-85fe28fe042e,2025-06-15,Thursday,10:25 PM,01:25 AM,moblie,Movie,1,6.9,0
85dfb0c6-6a1e-41c7-bd34-a8f68c0a0c76,2025-05-07,monday,03:36 AM,04:36 AM,Mobile,Movie,6,5.0,1
2475b69d-cacc-464f-8be0-b54354d141b8,2025-06-17,Tuesday,11:00 PM,02:00 AM,Mobile,Documentary,1,5.2,0
b315f4e6-f095-4966-9c4c-a6cd7fbf36ec,2025-03-15,Sunday,10:58 PM,01:58 AM,,Movie,3,5.7,0
29d5a404-e9bf-40ad-b626-498efc6a2431,2025-04-30,Saturday,19:08,23:08,,Documentary,5,4.4,1
e5a99d5f-3abf-4d55-81f6-81117e7ccdab,2025-07-02,Sunday,10:46 PM,00:46,Laptop,Documentary,3,4.9,0
a50fab18-4b48-496f-9af3-2ba5beeb33a2,2025-03-28,Thursday,06:31 PM,07:31 PM,TV,Documentary,6,5.9,1
addedf92-5efb-46ff-83bb-f482e8a2fd5e,2025-04-16,Wednesday,05:06 AM,09:06 AM,,Movie,2,,0
c20efbe0-34ff-47ad-9d48-5a0ebdf6c4fc,2025-06-15,Thursday,10:30 PM,00:30,Mobile,Series,4,6.3,1
d5bc3553-a0c3-48b3-b9ac-5c3a6ad185bd,2025-04-21,Monday,18:10,22:10,Laptop,Documentary,2,4.2,0
fd3bdbba-a749-4017-8a0b-597c42381054,2025-05-02,wednesday,06:27 PM,10:27 PM,Tablet,Series,2,4.0,0
cff046a8-00eb-4c97-baf7-5f82cbc41c04,2025-05-16,Saturday,23:59,00:59,moblie,Series,6,4.7,1
8d135d3c-e4db-42d2-9465-8b2ac011141a,2025-03-07,wednesday,2:55,03:55 AM,lptop,Series,1,4.6,0
b3deabb4-d347-460e-b641-f719e246a072,2025-04-25,Saturday,06:51 PM,09:51 PM,,Documentary,2,7.3,0
81893d72-7880-452c-a3e3-ed0c36264725,2025-02-06,Friday,10:56 PM,01:56 AM,Tablet,Documentary,5,4.7,1
70a375cc-ab30-43b7-9555-4ee35cb68bcd,2025-05-14,wednesday,11:29 PM,02:29 AM,moblie,Series,4,6.5,1
c018dd18-70f7-410a-9377-170d11e56c59,2025-04-01,Sunday,10:21 PM,01:21 AM,Mobile,Movie,2,5.3,0
1410b03e-5f8e-4162-8c6f-1e013a2ab99e,2025-04-29,Wednesday,06:49 PM,21:49,Tablet,Movie,2,6.5,0
77a40558-60a4-484e-b870-78095ef93c70,2025-06-13,monday,07:22 PM,11:22 PM,moblie,Movie,4,4.7,1
b7395216-ee63-48bb-a618-4eb481aa8087,2025-05-18,Monday,5:16,07:16,Laptop,Series,13,3.2,1
8a180713-9701-4c95-9100-7ffd91b59aee,2025-07-01,Wednesday,21:35,01:35,,Series,5,4.8,1
30b195ee-45e5-4ed6-8105-eb900f2391c6,2025-07-27,tuesday,01:09 AM,05:09,,Series,4,7.8,1
62e4769f-23a8-4e0f-a740-408b3a4971ab,2025-03-06,tuesday,21:14,12:14 AM,TV,Series,4,6.5,1
7519cfae-7e87-41cc-b170-ca353b930d29,2025-04-05,monday,10:39 PM,01:39 AM,Laptop,Documentary,3,,0
ecaeda78-9479-4fea-b152-456248137cec,,Saturday,05:11 AM,06:11 AM,Laptop,Documentary,1,5.2,0
79f49ecb-8eba-4506-bee2-dff808ba8874,2025-03-04,wednesday,23:20,01:20 AM,Mobile,Documentary,6,7.0,1
3c314387-a4fd-47d3-bd07-02ac097804da,2025-03-05,Thursday,10:31 PM,00:31,lptop,Documentary,6,7.4,1
581cc9f3-f212-421f-a02f-a190bfc8f7c4,2025-07-13,tuesday,20:22,09:22 PM,lptop,Series,2,5.7,0
111351b0-192d-467d-979f-20313b0c4473,2025-04-28,Tuesday,20:11,12:11 AM,Mobile,Series,6,8.0,1
1e892513-b741-4023-a23c-4a7985a76d24,2025-07-12,monday,23:39,00:39,lptop,Movie,5,7.1,1
39bf4be3-709c-49c8-9470-cceb4a8a6a00,2025-07-22,Monday,09:25 PM,22:25,,Documentary,6,7.2,1
ce4efb6d-d48e-4b2a-9288-513952b74329,2025-03-01,Friday,21:35,01:35 AM,Laptop,Series,1,4.2,0
ea3d2da6-95fd-4743-87ec-1d4b0bc6d06b,2025-05-04,Thursday,11:38 PM,02:38,Tablet,Movie,4,7.5,1
08b9b425-86c0-41c8-aa8a-fe5489c61dbc,2025-06-05,Tuesday,20:15,00:15,Laptop,Series,3,4.8,0
89b8b709-1d83-4813-bd19-bc5184f5bc15,2025-07-25,Wednesday,2:37,06:37,Tablet,Documentary,4,7.8,1
6cc89762-48f7-4555-bb0d-66f1a1fead27,2025-07-24,Sunday,10:05 PM,00:05,Laptop,Series,3,4.9,0
2e3ed1b2-036a-4c7f-a6de-5cb7afcbb695,,Friday,10:06 PM,23:06,moblie,Series,5,7.0,1
d5e3fc21-d352-4489-ac7c-0b2f3ebe5632,2025-03-06,Saturday,19:22,10:22 PM,,Documentary,5,5.4,1
b35bb2ba-a051-4bf7-8d7b-25e7cd3bf1c7,2025-07-28,Saturday,0:08,01:08 AM,Mobile,Movie,4,6.9,1
d1dd1462-1704-44d8-9744-11c69ec8c03b,2025-03-06,Tuesday,07:57 PM,21:57,Mobile,Series,2,7.6,0
f5013c18-bc52-44dd-9c5e-8fb8b18f4c3a,2025-03-07,Thursday,06:06 PM,10:06 PM,lptop,Movie,2,7.9,0
f3e8d876-1748-4403-91ba-dcc1f938434a,2025-07-15,Saturday,10:11 PM,12:11 AM,,Series,4,7.7,1
8d1c6b91-ef00-4547-bf8e-1f9de1c49524,2025-06-11,Friday,20:14,09:14 PM,moblie,Series,5,7.1,1
10482c81-a54d-426b-9cff-9ad9f244e102,2025-06-27,Sunday,23:16,02:16 AM,,Movie,6,6.6,1
f7b7bd07-a93c-4fe2-af4a-97bc51ce1b68,2025-06-27,Sunday,2:43,04:43 AM,lptop,Series,3,4.9,0
b6f45ec2-5e86-4807-af42-5e35378fd892,2025-03-05,Friday,07:54 PM,08:54 PM,Mobile,Series,4,6.7,1
8dffcfcc-ea1a-4ce7-9702-9f8687b438a1,2025-02-10,Friday,22:14,00:14,Laptop,Movie,15,3.2,1
84618241-8964-4993-831f-22a2ddb6b731,2025-04-17,Monday,19:32,10:32 PM,TV,Documentary,5,7.2,1
4e9bc61b-0c0f-4477-85e5-b2349205b047,2025-04-19,Wednesday,5:49,08:49 AM,moblie,Documentary,6,5.5,1
3ba1cf2f-af69-43fc-b7a9-e362ad913ee8,2025-07-25,Thursday,07:46 PM,22:46,moblie,Series,1,6.0,0
c599c43d-583f-49ad-b8d7-5f436b33eae2,2025-07-29,Friday,2:04,03:04,moblie,Documentary,4,5.7,1
8ab9e02c-6aac-4d6e-92be-cefba1492131,2025-07-09,Tuesday,21:01,10:01 PM,moblie,Series,1,4.6,0
961b9546-beb2-41d1-8855-dd96968cf505,2025-04-03,monday,02:55 AM,06:55 AM,Tablet,Series,12,3.5,1
048320c7-8380-4880-8518-ca511e9055cc,2025-05-18,Friday,12:35 AM,02:35,Tablet,Documentary,2,4.9,0
f2f51181-865c-4c5a-afd6-f7d9143a9373,2025-05-16,Wednesday,20:38,09:38 PM,,Series,3,5.3,0
ab91d708-bd7d-42b0-b38f-e37f89274d58,2025-04-07,Wednesday,21:15,01:15 AM,Laptop,Movie,4,4.4,1
756e9bba-693b-4c9c-995a-979228a23ebc,2025-02-12,Saturday,21:31,01:31 AM,moblie,Series,4,7.4,1
3c3f1eb2-60e8-4db4-9203-1d570f77df8e,2025-05-02,monday,06:36 PM,20:36,Mobile,Series,10,,1
71ed0276-01bf-4e8d-86d0-6c5a9b1e3b6f,2025-02-08,tuesday,07:21 PM,11:21 PM,TV,Documentary,5,5.4,1
921f68de-8efe-437e-9521-4cad968fa41a,2025-04-19,monday,21:25,22:25,Laptop,Series,6,7.5,1
30a91bd1-6b83-49ee-992d-32f17b2c23f3,2025-02-19,Wednesday,11:23 PM,03:23 AM,Mobile,Documentary,1,5.6,0
650bd559-9511-4b70-9c33-8940a6834427,2025-02-11,Tuesday,04:51 AM,08:51 AM,Mobile,Series,1,4.6,0
197504c2-9c3f-4ade-8164-1e2c5935fc35,2025-04-16,Wednesday,3:00,05:00,Mobile,Series,2,6.6,0
d648b54b-572a-456d-b548-89f52223508e,2025-04-22,Saturday,19:44,11:44 PM,lptop,Movie,2,4.5,0
0d818adc-5363-4d09-8491-dd3a3fbeab52,2025-03-27,Wednesday,0:34,01:34 AM,TV,Movie,4,4.2,1
b126fc71-9b9e-436e-b223-68179b38bb94,2025-02-24,wednesday,09:45 PM,11:45 PM,Laptop,Series,4,5.3,1
bae1294a-963e-4fc1-b903-28e5bd73d935,2025-07-25,Saturday,23:22,01:22 AM,Laptop,Series,4,6.4,1
e6b2e74b-4265-4410-99f6-9a8ab151faad,2025-05-09,Friday,08:42 PM,11:42 PM,,Movie,1,4.1,0
4505f45b-a800-4f28-8d0e-801c80b415dd,2025-03-04,Saturday,01:18 AM,02:18,,Documentary,6,5.7,1
146f123b-7777-4adc-a16b-ae5c9b3648ad,2025-05-30,Saturday,10:26 PM,01:26 AM,Laptop,Documentary,1,7.0,0
3a620a15-f67c-4f4f-82f1-9d39393bc334,2025-05-29,Wednesday,3:17,06:17 AM,Tablet,Movie,6,6.6,1
413cebe4-233a-43ea-88b1-33e0eec62d19,2025-02-21,Friday,18:58,19:58,moblie,Movie,3,6.8,0
02479613-9dab-4b72-a900-45758a1d911f,2025-07-04,Friday,09:15 PM,01:15 AM,moblie,Series,6,6.8,1
d1eb49bb-4a15-4b90-a8d0-0db83a47058b,2025-05-10,Wednesday,07:10 PM,22:10,Tablet,Documentary,3,6.4,0
909e9fb7-c87f-4da0-8d44-0e78cba9d4d6,2025-02-23,Sunday,06:48 PM,09:48 PM,lptop,Series,3,7.9,0
4cee5df7-4340-4a82-adfb-a168efe6946c,2025-05-15,Monday,22:27,12:27 AM,Mobile,Series,5,4.5,1
d4dd1d91-6201-4b85-b79d-7fa2ee4193b6,2025-06-12,Tuesday,12:27 AM,01:27 AM,lptop,Documentary,2,4.8,0
3b568e00-2243-435f-b94c-fd3f8572f5a6,2025-03-12,Friday,21:48,01:48 AM,moblie,Movie,2,7.7,0
f4d4b224-ee83-4cdd-8a35-81653d289503,2025-08-02,Sunday,5:00,06:00 AM,Mobile,Movie,4,5.1,1
f2c46f04-dddb-4af8-9e22-859b8d0952e2,2025-06-15,monday,09:01 PM,01:01 AM,,Documentary,14,3.4,1
a16274c7-5191-47a2-ac3e-79057fa1893f,,Tuesday,01:47 AM,05:47,Mobile,Series,5,7.0,1
da2fd9e9-bec9-4ab3-b79f-3f03c9d80d25,2025-05-20,Saturday,19:07,10:07 PM,Laptop,Documentary,6,4.0,1
be559f98-2f93-4d6b-86f4-a71b4592c10e,2025-06-13,Monday,23:07,03:07 AM,Tablet,Series,5,7.7,1
ca5b6a4c-4054-4c11-a8ec-d54ce2f49e72,2025-03-20,Saturday,23:48,02:48 AM,Laptop,Movie,2,7.0,0
2b79b551-f97f-41ee-8912-cb832750bacf,2025-04-02,wednesday,21:35,11:35 PM,Tablet,Movie,5,4.1,1
bfc0cb61-a575-493a-83c3-a7b231c084bf,,Friday,23:20,02:20 AM,Tablet,Series,6,6.9,1
133855dd-a841-4e7b-b972-f9c9971f8562,2025-04-04,Sunday,06:29 PM,20:29,lptop,Documentary,3,7.7,0
fa9bc28b-b551-4c90-ae7b-5b56df5eff2d,2025-03-04,Thursday,11:39 PM,03:39,Mobile,Documentary,1,6.5,0
78976e81-ae5b-4907-8cc0-1ec492cdd5e0,2025-04-02,monday,19:58,10:58 PM,Tablet,Series,5,,1
33e395f4-bab9-4218-bb69-e5f62eb7e02b,2025-05-04,Monday,11:22 PM,02:22 AM,TV,Documentary,5,6.5,1
02ffb7d6-cb79-4fe3-a2c8-a0c70c925260,,Wednesday,22:53,23:53,Laptop,Documentary,3,6.9,0
5ad90940-5e69-490e-ad61-b231df20c6e9,2025-04-14,Saturday,20:59,12:59 AM,,Series,1,7.9,0
2ba72ef5-b3fd-4b1e-8349-6243ecda20cf,2025-02-12,Thursday,07:10 PM,21:10,TV,Documentary,5,5.6,1
6759b3b3-e8c5-494e-8178-89733ad69d7c,2025-03-22,Thursday,10:26 PM,12:26 AM,Laptop,Series,6,4.6,1
856eda8b-c655-4f5a-9dcc-0f6d4e26ee3e,2025-06-02,Sunday,23:58,01:58 AM,Mobile,Movie,11,3.1,1
c7e08e55-0d42-4b17-ae3e-0c9c7c75be84,2025-02-25,Friday,10:32 PM,02:32 AM,Laptop,Documentary,1,5.4,0
f914849c-2f3a-484e-ab52-630f408494cb,2025-02-09,Monday,23:44,03:44 AM,Tablet,Movie,1,4.4,0
db1224a8-2a21-454d-a2af-f7930f2fe8b9,2025-04-08,Friday,2:40,06:40,,Movie,1,7.3,0
231acbf0-02e7-4e90-9c30-d72714768694,2025-03-20,Tuesday,20:03,10:03 PM,Laptop,Series,1,4.6,0
b62616bd-87c4-416e-ab08-a524145f40d5,2025-04-21,monday,0:57,04:57 AM,moblie,Series,4,7.6,1
0a9048dc-f8f8-4fb6-90da-3c6417b0a668,2025-07-02,monday,4:17,07:17 AM,TV,Documentary,5,5.1,1
13b92509-6114-4e6f-b812-8cd155defafc,2025-08-03,Monday,18:10,20:10,,Movie,1,6.3,0
1d65b8b6-d5bb-454d-b163-18b7edd9c89d,2025-04-24,tuesday,20:46,10:46 PM,,Documentary,2,6.6,0
49b3eb07-53b1-4777-a4bb-bd6b88c540dc,2025-04-10,Monday,03:57 AM,06:57,TV,Documentary,2,4.2,0
1078ecf4-aa4e-41dd-8ce4-4c087008f5a7,2025-06-19,monday,08:41 PM,10:41 PM,Laptop,Series,6,7.5,1
6d0c215c-3827-45ca-839f-2f7f661fda8c,2025-02-09,Monday,22:54,02:54 AM,,Documentary,4,7.4,1
1ceaf060-7d4c-491a-8adc-8a4eab10cefb,2025-03-26,Monday,08:54 PM,22:54,Mobile,Series,5,7.9,1
1c083bfe-ce42-4291-820d-56257ae00e14,2025-06-09,tuesday,06:09 PM,20:09,Mobile,Series,1,7.4,0
5af1c0bf-edf0-48f3-99fa-48cdfc9f53c1,2025-05-29,tuesday,18:45,09:45 PM,moblie,Movie,4,5.1,1
dfcbcb37-2070-4b28-9c6b-fd02ef2c9d74,2025-08-05,Monday,11:35 PM,02:35,TV,Movie,2,5.8,0
ed8a7e93-1808-4039-b81e-882d10ba600a,2025-08-06,Saturday,19:14,22:14,Laptop,Movie,2,4.2,0
9567a244-887b-4db3-ae81-b1a437db6950,2025-03-13,monday,18:15,20:15,TV,Movie,4,4.7,1
a0ac4bd3-acda-4d52-b25f-513898f0998d,2025-04-21,Tuesday,5:41,08:41,Mobile,Movie,2,5.4,0
fe6281d5-1b63-4a81-aca4-9ed4144121e6,2025-08-03,monday,01:01 AM,03:01,moblie,Movie,6,4.5,1
fd7a19a4-b7c0-470e-9c49-8e5990dd7846,2025-05-12,tuesday,09:32 PM,00:32,,Documentary,4,6.2,1
58dc4eef-dce0-4712-9256-cb7f3dc52470,2025-07-15,monday,10:51 PM,02:51,moblie,Movie,5,7.9,1
36fff007-5752-4aa2-a66c-d491dc6ca402,2025-07-01,Thursday,21:54,00:54,lptop,Movie,3,7.3,0
bd5db8e1-529e-4588-8ba6-3f496bfd7066,2025-02-25,Friday,20:07,23:07,TV,Movie,6,6.1,1
6ad71092-5e91-4d4d-af9c-9d861a76326e,2025-07-14,wednesday,3:21,07:21,Tablet,Series,3,7.7,0
b79cc538-f79a-4b3f-a0ed-f169796eaf0a,2025-03-09,Thursday,22:47,01:47,lptop,Movie,6,5.3,1
b03b2c1a-8d96-4f66-aa17-8072e5980255,2025-07-26,tuesday,10:37 PM,23:37,lptop,Movie,1,6.8,0
295b3c21-508a-4c1d-ba8a-a530d6b58fd4,2025-06-27,monday,08:26 PM,00:26,Mobile,Documentary,2,4.6,0
771a4ab3-56c9-4bd0-918f-508a6f15881b,2025-07-15,tuesday,22:06,02:06 AM,Tablet,Documentary,5,7.7,1
4aa26bb8-b101-4644-af1a-9cd8d8e287b6,2025-04-09,Saturday,18:47,07:47 PM,,Series,5,7.5,1
e9d1f632-f394-40c3-bdd9-8bbbca25c2b3,2025-03-01,Wednesday,19:58,08:58 PM,Tablet,Movie,11,3.4,1
d82be1d3-c924-4d0b-b5c2-2eabd29b7298,2025-03-16,Thursday,19:53,08:53 PM,TV,Series,1,4.2,0
9cb65722-65a5-4734-b87e-119740fc4da5,2025-05-20,Saturday,01:27 AM,02:27,Laptop,Movie,3,4.4,0
9f95c4fd-1a6b-4aee-a673-1bc26759c058,2025-04-08,Monday,04:31 AM,06:31,Laptop,Movie,3,7.7,0
b98427c9-0eec-4d0a-be17-7db0cae1082e,2025-07-27,tuesday,04:26 AM,06:26,Mobile,Movie,3,5.1,0
82dbe61c-8b5f-44f9-bf09-9a60443ef0fc,2025-05-10,Friday,18:02,21:02,Tablet,Series,3,7.1,0
1fbb9970-5a00-420d-8191-60a75e709040,2025-03-26,Monday,22:00,01:00 AM,TV,Series,5,6.6,1
afaf6523-c714-4024-acd9-fc5eb3ac7060,2025-07-20,Wednesday,23:44,12:44 AM,Tablet,Series,4,4.1,1
9dd8a1ca-3064-4cf1-a8b4-2698dc5d4b5f,,Thursday,08:47 PM,22:47,lptop,Movie,3,6.7,0
35df2a84-4280-4f2f-bce6-3f056b882390,2025-02-14,Sunday,09:05 PM,11:05 PM,,Documentary,2,6.2,0
cb4dc7b5-b836-4888-89e6-34f7c7550a2c,2025-05-26,Friday,06:49 PM,22:49,Laptop,Documentary,6,7.5,1
d413b78f-f20b-4b5c-a036-576eff24bbd2,2025-02-22,monday,21:21,10:21 PM,lptop,Movie,2,7.1,0
11fbc6c7-a1a8-4627-b6b2-7da8c22c3e6d,2025-02-08,Wednesday,09:56 PM,12:56 AM,Mobile,Series,6,4.9,1
89b83513-ea04-4c86-ac73-bc8995336a04,2025-06-16,Monday,0:56,04:56,Tablet,Series,2,7.5,0
7e04aa25-9209-4632-a00c-0ed4a26eb704,2025-04-20,Friday,05:58 AM,07:58,Laptop,Series,4,4.4,1
de9c0185-3993-40d6-b79e-10eb78e795fe,2025-04-16,Sunday,19:59,23:59,Laptop,Movie,1,7.4,0
650c40a8-7751-4b81-8231-fa773a9d132e,2025-03-24,Tuesday,20:47,22:47,Mobile,Series,5,7.4,1
1878aada-8d6d-4bdb-9aab-a57c373c97af,2025-07-29,Saturday,23:14,01:14 AM,moblie,Documentary,3,7.1,0
c871f521-219d-4318-be92-eed6b8b7f471,2025-04-01,Saturday,20:11,10:11 PM,Mobile,Movie,6,7.1,1
3ceb1d5d-23b7-49dd-8d64-8a44a499e2f4,2025-03-25,wednesday,06:00 PM,22:00,,Movie,5,7.0,1
c806a4e2-efcb-41a5-86a1-6151e948bbf8,2025-07-10,Wednesday,18:18,10:18 PM,,Series,3,7.2,0
0af32fd5-10a2-44fd-8166-3661de2e7098,2025-03-30,Friday,08:30 PM,11:30 PM,Tablet,Movie,1,4.4,0
226d2b95-77af-49ab-a7d1-3333a510f01c,2025-07-17,Monday,22:43,12:43 AM,Laptop,Documentary,1,5.8,0
062b1add-d103-4009-8880-790717642e14,,Wednesday,08:52 PM,12:52 AM,,Series,1,5.9,0
487bab39-2329-448c-a862-322f659d48fe,2025-05-01,tuesday,10:12 PM,02:12 AM,moblie,Movie,6,6.3,1
7ec8d467-0924-4acc-a62c-68731acd8ec3,2025-04-27,tuesday,2:02,04:02 AM,TV,Movie,1,5.7,0
61e591b4-48da-4951-8d63-53e060327efb,2025-05-12,Sunday,23:05,02:05,Laptop,Documentary,6,7.4,1
d46b17e3-8fe5-440a-a94a-745f3ab32e4c,2025-04-21,wednesday,21:23,10:23 PM,Mobile,Documentary,4,7.4,1
c11965ad-3ee1-4dee-9464-394043acb2f5,2025-04-11,monday,18:00,22:00,TV,Movie,6,7.0,1
03501c6e-a02c-465e-a7a3-0f0094ad3bf5,2025-03-15,Friday,21:00,01:00 AM,moblie,Documentary,1,6.6,0
86e7642a-00ec-44e1-96a2-0eaed01533b4,2025-06-23,Wednesday,22:25,23:25,TV,Series,6,7.4,1
0f052cda-ab5d-42b1-89f4-ad8fd71f2fc8,2025-02-14,Wednesday,20:31,22:31,moblie,Documentary,5,4.1,1
481d39d8-f66e-488e-8e77-19283e3807b8,2025-02-28,Tuesday,21:18,01:18,,Series,2,7.1,0
911f374e-174b-4b5c-9d80-b8cda3339686,2025-03-05,Tuesday,18:57,07:57 PM,TV,Series,6,6.7,1
dff43494-01b5-469f-939f-80f8cc7fc992,2025-02-27,Wednesday,20:56,11:56 PM,TV,Documentary,3,5.4,0
8e8d790d-b90c-4030-bc6c-eedec3654ded,2025-07-25,Sunday,06:20 PM,07:20 PM,Laptop,Series,6,6.7,1
00df8de7-54b3-4d86-94fc-4cd0113e7c48,2025-07-13,Tuesday,06:19 PM,09:19 PM,Tablet,Series,12,3.0,1
b7c121ab-da1b-4958-917d-6ff916e20a72,2025-06-08,wednesday,10:48 PM,01:48,TV,Documentary,2,7.3,0
9a28497f-8af8-4923-84c9-30ce083fba12,2025-07-05,Saturday,23:15,02:15,,Documentary,3,7.5,0
80813b18-9400-4910-888e-dcebbe5b6e16,2025-06-21,Tuesday,2:14,06:14 AM,Mobile,Series,3,4.3,0
7e82f366-e4e0-40b4-a566-637aeb6ae579,2025-04-17,Saturday,22:26,01:26,Laptop,Documentary,6,5.7,1
59018dad-912a-4c0e-ad29-7defe61e9bf2,2025-06-25,Saturday,10:23 PM,23:23,TV,Series,6,4.4,1
09b7bdab-1a14-4167-bf07-c6c46f6b049f,2025-04-21,Sunday,23:19,03:19 AM,lptop,Documentary,3,5.6,0
1f2eee2f-b640-4514-b56d-7ec5da6b2f4e,2025-04-21,Tuesday,03:17 AM,05:17 AM,TV,Documentary,6,5.3,1
91a4c250-304f-4214-b454-195e57830b0b,2025-05-24,Sunday,09:20 PM,12:20 AM,,Documentary,5,6.0,1
53a25229-4f75-494e-b57e-442e6e950c1d,2025-03-19,Wednesday,23:02,01:02 AM,moblie,Documentary,4,6.1,1
e466e6cd-f2cf-4702-8a79-edc58ea35bf1,2025-03-09,Wednesday,05:12 AM,09:12,TV,Movie,2,5.8,0
5c753fbc-178d-45ca-aa7b-3cc1d50da098,2025-03-14,Wednesday,18:26,08:26 PM,Mobile,Movie,1,5.4,0
fd9a560e-e52d-4ae4-88f9-531254a90e9b,2025-04-09,Saturday,21:43,12:43 AM,TV,Series,5,5.5,1
b137d99f-c9d7-4cbf-bdab-0af35cbbfcc4,2025-05-04,Sunday,23:00,02:00,Mobile,Documentary,1,4.3,0
cd1ff2c6-4ffd-4d8c-b057-d6017f65f04b,2025-03-13,Tuesday,08:45 PM,00:45,Mobile,Movie,6,5.2,1
710f3efc-ebd1-4c86-bcd8-ec59e468f410,2025-02-07,Monday,10:52 PM,00:52,,Series,5,7.3,1
45d4e2ff-f78e-45da-9410-9064678389e5,2025-04-24,Friday,06:25 PM,21:25,Tablet,Documentary,11,3.4,1
23b664ee-0bb5-488d-b59c-bbb6661e454f,2025-05-15,Tuesday,2:19,06:19,moblie,Movie,2,4.1,0
c8b64d07-52b7-4ee8-93ff-1b7b40c479ea,2025-07-25,Thursday,02:17 AM,05:17 AM,Tablet,Series,5,,1
17aeb9ab-bd40-4761-aca1-bb6cf5a2c105,2025-07-02,Sunday,09:51 PM,11:51 PM,moblie,Series,5,4.5,1
62026601-c957-4c4d-851a-38743a8e7c33,2025-03-12,wednesday,19:02,10:02 PM,moblie,Movie,2,5.2,0
74c37156-f7ee-4cbd-ab83-f48c19bb0a9c,2025-06-17,wednesday,22:30,00:30,Laptop,Movie,6,5.4,1
27e72452-2b06-435d-887f-b7953b4109f7,2025-07-24,Friday,06:58 PM,19:58,moblie,Movie,5,4.4,1
b73823e2-9fad-44e8-bf34-e0ea1eca6bc0,2025-05-02,Monday,05:37 AM,06:37,TV,Series,6,4.6,1
7feb6962-d6e8-49a8-a045-3abfaa850d69,2025-07-27,Sunday,11:12 PM,02:12,TV,Movie,2,7.4,0
581cf793-beb0-406f-80d2-d59b7fa4fef6,2025-07-07,Sunday,22:37,12:37 AM,Laptop,Documentary,2,5.8,0
f6997943-b407-4b14-aec2-3463476f8afd,2025-02-06,tuesday,07:17 PM,11:17 PM,Laptop,Movie,6,5.9,1
b4e84a92-80ea-42ac-8108-16a36c38e60c,2025-07-10,Friday,06:53 PM,10:53 PM,lptop,Movie,1,6.0,0
e5c48eaa-a1c3-4cbc-adf5-1884d4c67369,2025-04-23,Wednesday,07:32 PM,11:32 PM,TV,Series,2,6.7,0
dc45d067-742d-43c5-838a-c8df8e3c9836,2025-04-16,Friday,5:46,08:46,TV,Documentary,1,4.7,0
c34e8cf9-8137-442a-a11f-61ff0621f377,2025-03-21,Friday,23:18,12:18 AM,moblie,Series,3,5.1,0
c3e54185-d833-4d21-a601-de347fffcdef,2025-06-14,tuesday,11:00 PM,01:00 AM,,Series,4,,1
1c6dbd1a-5a9d-4edb-bcec-7b51a678a96a,2025-04-21,wednesday,20:53,23:53,Laptop,Movie,1,4.9,0
31eaeff6-8df4-4133-a3c9-2d559add8bed,2025-07-04,Monday,06:06 PM,21:06,,Series,2,7.2,0
af579cd2-fed8-413a-aeae-1a0ff63a37b8,2025-07-05,Friday,07:29 PM,21:29,,Movie,2,5.0,0
09248581-beb0-4c40-9b4b-a0e58917ca2d,2025-05-05,Sunday,11:20 PM,01:20 AM,TV,Movie,1,4.5,0
e262f5b1-a8cf-4cbb-8e22-7da28ff9da23,2025-04-28,wednesday,07:51 PM,22:51,,Movie,3,6.6,0
4fb0737c-7a81-43f4-955f-50aba52c0558,2025-06-05,Saturday,10:40 PM,01:40 AM,TV,Movie,4,8.0,1
af0bfe0a-d942-4ea6-92e3-044b0cadd5d2,2025-05-25,Sunday,10:18 PM,23:18,Mobile,Movie,1,6.9,0
21fee42e-8bde-4b7b-96a7-a883c079ed3f,2025-03-05,monday,20:38,11:38 PM,moblie,Series,2,6.9,0
7905030c-a1bf-4a0e-8359-173cf18f2185,2025-06-28,Monday,20:24,00:24,TV,Movie,3,7.0,0
f2660c73-9702-4988-8e9b-7ac954f1c407,2025-07-30,Thursday,04:20 AM,08:20 AM,Tablet,Series,2,5.3,0
f61dc697-f19d-4f49-abeb-386f9717726f,2025-06-09,wednesday,18:55,22:55,moblie,Documentary,6,5.6,1
3f1c3b3b-a4e5-4da6-9e4c-e887c9cd9e08,2025-04-30,Tuesday,18:33,07:33 PM,Mobile,Series,6,6.1,1
9722ee91-b2ab-44ea-a0f8-bba102cacf08,2025-02-16,Thursday,10:35 PM,23:35,,Movie,3,7.5,0
73c9ee20-eb98-49c9-afdf-06cb8daab264,2025-07-08,monday,18:01,09:01 PM,TV,Series,4,4.5,1
df08e15a-4b65-4bf8-9ac1-53a92bb965b8,2025-06-16,Saturday,20:09,22:09,Laptop,Movie,4,6.1,1
2e79f19f-4ba4-44d0-a0f8-1ec08ab15d83,2025-03-07,Tuesday,09:35 PM,12:35 AM,TV,Movie,6,5.8,1
22721c77-2dff-4968-9cb7-5a7d659ea88d,2025-03-04,wednesday,10:08 PM,12:08 AM,TV,Series,1,7.2,0
ac8c1ef7-1f8b-4d2f-b295-d775c6f4b076,2025-03-26,Tuesday,11:35 PM,03:35,TV,Series,6,4.1,1
d870c055-715c-4ce6-ac6e-f4be27464951,2025-03-19,wednesday,03:13 AM,07:13,Mobile,Documentary,1,5.8,0
c19b5df8-79f2-4ec8-8996-1a824bfe8dde,2025-07-10,monday,08:02 PM,00:02,lptop,Movie,2,5.5,0
5ab7bb40-3d3d-43d0-945b-56c905a3ae0f,2025-07-24,wednesday,19:41,11:41 PM,lptop,Series,3,5.7,0
637906c3-9f15-4444-a04f-ff83040cab7e,2025-06-05,Monday,09:28 PM,22:28,Mobile,Movie,6,7.7,1
a844d132-7a85-4df9-bcba-e649d24a6b74,2025-07-09,tuesday,05:23 AM,08:23 AM,Mobile,Documentary,2,5.4,0
b433c152-4c41-423b-8ceb-83ed74f5d554,2025-06-03,wednesday,11:05 PM,00:05,Laptop,Movie,4,7.7,1
f84d555a-4fb1-4943-88d3-3513ba0a6e24,2025-03-13,monday,07:50 PM,23:50,,Series,2,7.0,0
a4ba0398-b77a-4a03-bd2d-f5df5efef2ec,2025-07-25,Friday,20:41,10:41 PM,Tablet,Movie,4,6.4,1
da61d8fb-7cd3-46b2-8779-b3b5c7d2c2ca,2025-05-03,Monday,5:45,09:45,lptop,Series,3,4.4,0
2b61cf97-6134-4aff-840e-b9e6478a635c,2025-07-25,Tuesday,20:12,12:12 AM,lptop,Movie,2,5.1,0
8c184d17-167b-4b87-b8c2-0427a16a67bc,2025-04-09,Monday,23:53,01:53,Mobile,Documentary,4,7.0,1
770b6419-8ae7-4ec5-9786-8dee96a4a322,2025-06-07,Sunday,18:15,10:15 PM,,Movie,6,8.0,1
f3360360-c622-4613-a8c5-9c4a83dab43a,2025-07-05,Wednesday,10:03 PM,12:03 AM,moblie,Movie,2,5.8,0
878e0dc6-7905-46ca-9db4-08fb34d79277,2025-05-07,tuesday,06:01 PM,07:01 PM,lptop,Documentary,6,6.7,1
e7f993d9-3067-4c2c-b614-8570990296ad,2025-03-13,Friday,18:51,22:51,moblie,Movie,5,4.8,1
de258091-1bbf-415d-b7b5-28602d966e7d,2025-07-26,Tuesday,4:49,06:49 AM,Tablet,Documentary,3,,0
cd67e8d6-1f3a-4d9f-b764-61070044b883,2025-02-22,tuesday,10:08 PM,02:08 AM,moblie,Movie,3,7.2,0
fe38fd94-b7d4-442b-b792-99750e049020,2025-03-17,Tuesday,10:30 PM,12:30 AM,Mobile,Series,4,6.5,1
26f60d5c-55d9-42e6-b561-1a7c23d77943,2025-04-11,Sunday,2:52,05:52,moblie,Documentary,4,5.3,1
750afca7-8232-4edb-8686-35db903cf56d,2025-02-15,Wednesday,10:43 PM,02:43 AM,,Movie,2,5.0,0
89671e18-8b02-4930-922e-582cacb2bebf,2025-03-24,wednesday,11:57 PM,01:57 AM,moblie,Movie,3,6.1,0
84beca7e-e8aa-4db1-adb6-e5b8f4327d45,2025-05-30,Tuesday,08:51 PM,12:51 AM,Mobile,Movie,6,6.4,1
3e332976-dbf0-4a95-b3fc-3327d20b29fa,2025-08-04,Tuesday,04:10 AM,07:10,,Movie,1,4.5,0
1fdea94d-b766-43d1-8f40-6610c42e6c6d,2025-02-11,tuesday,23:23,02:23,moblie,Documentary,3,4.3,0
04f58756-f39a-4904-a0c2-0d6bd346c7fe,2025-07-26,monday,09:13 PM,11:13 PM,TV,Documentary,3,7.1,0
86ffa64a-2ff0-4940-abc3-97dc261bebed,2025-08-06,monday,06:15 PM,07:15 PM,TV,Series,1,7.5,0
62c76b09-f3b6-42ea-b2e7-3083417ff473,2025-05-04,Friday,06:33 PM,08:33 PM,Tablet,Series,6,5.3,1
f33e413d-6dc5-4655-94c2-92f2f6b9d63f,2025-07-19,Thursday,06:39 PM,09:39 PM,TV,Movie,1,4.9,0
859db23b-fd39-4254-8ef2-0586213d932d,2025-06-20,tuesday,20:05,21:05,lptop,Movie,3,4.0,0
bb5cfa0a-4b1d-495f-a0d8-32edfeaefb1b,2025-05-18,Tuesday,08:07 PM,10:07 PM,Laptop,Documentary,5,6.1,1
f0eb3c8d-6d3a-44cd-9d6a-92a9aef46e54,2025-06-08,Monday,11:02 PM,02:02 AM,Mobile,Documentary,2,6.4,0
35c29bb5-1374-473a-817b-716977ae45b3,2025-07-23,tuesday,22:40,23:40,moblie,Movie,2,7.8,0
1182ab03-cdd1-4f28-83d1-ee5d0ac93c16,2025-04-10,Monday,11:03 PM,01:03 AM,Tablet,Documentary,5,5.6,1
207761da-28e9-43b3-950b-58a31241d08e,2025-05-25,Friday,19:20,11:20 PM,lptop,Movie,3,6.0,0
ed1fa3ab-7010-46ff-bcad-e688d44c6dc6,2025-02-07,Friday,05:56 AM,08:56,TV,Series,4,7.8,1
908953e2-9221-47c7-9996-2a6149d3a169,2025-05-30,wednesday,22:52,00:52,Mobile,Movie,6,5.1,1
6e88cfbb-d5c9-4d3b-b019-aed8264a0cfc,2025-07-26,Sunday,19:53,10:53 PM,Laptop,Series,13,3.3,1
01844828-9e34-4bff-a87d-c700b635d7e4,2025-06-24,Sunday,22:05,02:05 AM,lptop,Movie,4,5.8,1
56a750b0-340a-4b24-8b97-3015a52222c1,2025-08-04,Thursday,07:53 PM,09:53 PM,Mobile,Movie,6,6.3,1
0d42cddd-bd7d-466e-b531-65685e601a98,2025-02-06,tuesday,18:35,20:35,TV,Movie,4,7.7,1
fcf91ae3-27e2-4b01-842c-09b724820082,2025-03-04,Monday,22:34,02:34,,Series,6,6.1,1
2b00631d-4f4b-47ce-9daa-5ac81506cd86,2025-02-23,Sunday,10:39 PM,23:39,moblie,Series,3,7.6,0
f96ca8b3-4181-46b5-9cec-f21a1ee95057,2025-06-06,Monday,22:00,12:00 AM,,Documentary,5,5.1,1
4297908a-f6df-4289-8026-e5c0cffc19b7,2025-02-10,Friday,07:49 PM,11:49 PM,lptop,Documentary,6,4.5,1
cc03dfed-b186-437a-a38a-0129dc257478,2025-07-01,monday,23:58,03:58 AM,,Series,3,6.7,0
a9270c41-000d-412e-b5ee-457a41ad8133,2025-07-25,Sunday,23:10,01:10,,Movie,4,7.0,1
a6e948fb-c862-41d8-a7d8-f136d57cfbeb,2025-06-21,monday,1:38,03:38 AM,moblie,Documentary,2,5.6,0
1b03ae4a-81d8-4040-bea9-094577cf9d62,2025-05-20,Friday,07:31 PM,11:31 PM,Mobile,Movie,6,5.0,1
702c7aa5-f600-4224-a35d-4d2c35cda8e1,2025-05-25,monday,21:34,23:34,Laptop,Movie,3,6.1,0
1129c19a-6d54-4823-837b-083c680526c1,2025-02-12,monday,3:03,05:03,TV,Series,1,6.6,0
78afd098-0259-4468-ad15-b3c77e22c187,2025-07-18,Tuesday,06:45 PM,19:45,TV,Documentary,6,5.1,1
cabd53e9-5472-489d-9b85-b271eefef493,2025-02-23,monday,19:42,21:42,Mobile,Documentary,6,5.4,1
f00a8297-ad51-40ce-81a1-1c672d49be10,2025-03-02,Wednesday,19:25,21:25,,Series,3,7.4,0
089af788-8e8c-477f-a77f-a825c0cd30d4,2025-03-11,Sunday,06:17 PM,22:17,moblie,Movie,3,7.9,0
04424426-bb70-442e-a365-2140ac1fb7d3,,Thursday,04:37 AM,07:37,Mobile,Documentary,2,6.6,0
211ea897-c972-4a60-8769-0f35c020ec0d,2025-05-06,monday,11:44 PM,01:44,,Documentary,2,5.9,0
0fdd9d4f-569b-4377-b70d-0b373840dcf9,2025-04-03,Monday,23:46,00:46,Mobile,Series,4,7.6,1
31ec7c8e-ec69-4d92-b1ad-2c3faeeb1e69,2025-07-27,Sunday,07:15 PM,23:15,TV,Movie,2,6.0,0
e83bf151-607f-4438-bc4a-85f20877f189,2025-07-27,monday,1:03,05:03 AM,lptop,Documentary,2,5.7,0
360d5b08-bb60-4d90-9fce-f234fa5ced24,2025-05-06,Tuesday,09:59 PM,01:59,TV,Movie,1,4.7,0
42b2c7b4-a25d-4854-93e1-9bc05d30d67a,2025-06-22,Wednesday,08:55 PM,12:55 AM,TV,Documentary,1,5.4,0
4fc0152d-1fa6-435c-8bfa-8d4113933839,2025-02-21,Sunday,09:36 PM,10:36 PM,moblie,Documentary,3,7.2,0
249478c3-ed6f-4d34-ab55-c96e6bf5524f,2025-07-15,Saturday,22:18,11:18 PM,,Documentary,6,4.9,1
a13d9164-c9ba-4399-a5a4-4875556c59b9,2025-05-29,Friday,5:04,08:04,Tablet,Movie,6,5.8,1
734c2fbd-36e6-400a-89cd-46b7fafcb441,2025-03-20,Tuesday,11:07 PM,02:07,,Documentary,1,6.8,0
a6b166d3-d801-4dce-bfbc-e209dff71e04,2025-05-21,Saturday,1:58,03:58,TV,Series,4,4.1,1
b98bf316-ed46-48a1-bbce-ac8f8084dbb3,2025-06-23,Sunday,10:31 PM,23:31,moblie,Movie,6,4.1,1
02d66344-abb8-4f02-ab42-f03c928d5438,2025-02-08,wednesday,5:29,07:29,Tablet,Movie,1,5.2,0
5d3a8581-0b38-482a-8e36-5dab6e505740,2025-04-05,Tuesday,09:45 PM,10:45 PM,Mobile,Documentary,5,4.2,1
115efd67-cf79-4215-bb92-2e8615b2e11b,2025-05-23,Friday,3:14,06:14 AM,,Series,1,7.3,0
d8d4cc9e-f888-48aa-8ded-e476bb52e2b9,2025-06-17,Sunday,01:23 AM,04:23,,Documentary,5,4.6,1
15b095c9-e46f-49ac-a8ae-9589521e5899,2025-04-16,Thursday,03:08 AM,05:08,Tablet,Series,5,4.2,1
318cca63-8528-4f7c-8398-99c7871e1775,2025-03-22,monday,03:49 AM,07:49,TV,Documentary,14,2.8,1
abe5079d-2510-46f1-93de-1d98ab30f80b,2025-06-16,Tuesday,19:31,08:31 PM,moblie,Documentary,4,,1
4969aaf9-68c0-4921-8e42-ce687e90e1cf,2025-02-21,Thursday,20:14,21:14,lptop,Movie,2,4.6,0
acea3e8c-51d5-4638-9eb3-7e38b11ef180,2025-03-06,Friday,05:32 AM,07:32,moblie,Series,2,5.4,0
fd8f7876-6312-4f6f-8391-ef4c53baf1a7,2025-03-24,Saturday,2:46,04:46,lptop,Documentary,5,5.4,1
1e31f69e-d218-4ef7-bd20-5ddb5e0fd622,2025-04-06,Sunday,0:50,03:50 AM,Tablet,Series,2,7.4,0
187ced4c-2ccb-48cf-ae8c-5a8255647aa2,2025-04-20,wednesday,03:27 AM,06:27 AM,Laptop,Documentary,3,6.8,0
ca609f30-fa58-47bc-a5f2-34ba78dac5e3,2025-07-04,wednesday,4:56,06:56 AM,Laptop,Movie,6,5.9,1
6b771ef5-ffd3-428a-9d37-967f4a371fa3,2025-08-04,Wednesday,21:10,00:10,Tablet,Documentary,5,7.2,1
36b90c8a-895e-4acb-ada8-a2085e52a41b,2025-05-31,Sunday,05:23 AM,06:23,TV,Documentary,14,3.4,1
b6a536f2-d854-4669-979d-6d70ccf2d5c0,2025-04-23,Wednesday,21:45,11:45 PM,moblie,Movie,6,7.3,1
6b7b15a8-4443-49b9-8a18-162c652ac4b2,2025-03-04,Friday,08:07 PM,23:07,TV,Movie,2,,0
7b84a5fd-2a43-4833-a022-ba05896a3167,2025-04-26,Saturday,01:17 AM,02:17,Laptop,Documentary,4,5.4,1
f89c581e-6648-47ba-87d3-16a40faa6388,2025-07-29,monday,0:34,02:34,Laptop,Documentary,6,7.6,1
5d62d5a4-1771-4136-a83e-9fc51418bb20,2025-04-12,tuesday,20:56,00:56,Tablet,Documentary,3,7.4,0
f7418127-dbe1-4f75-a89e-1156603a5a9e,2025-07-27,Thursday,06:54 PM,10:54 PM,TV,Documentary,1,7.3,0
4e74106c-214a-4501-be73-b7c451157a9a,,Wednesday,21:17,01:17,Mobile,Documentary,4,6.4,1
64b33296-d58c-4fbc-abd2-d5bd1468e6d6,2025-05-13,Wednesday,19:23,10:23 PM,moblie,Series,3,5.7,0
9ddf857e-b272-402d-b9ae-dbc0a8652fd9,2025-07-28,Wednesday,21:12,01:12 AM,Mobile,Documentary,6,4.5,1
2ddb2cb2-dc48-4963-81c7-0e744b4b74b7,2025-07-22,tuesday,3:52,06:52 AM,,Series,4,6.9,1
50dcc95b-4501-4c63-97b1-3da730cc84de,2025-06-20,wednesday,09:31 PM,22:31,Tablet,Movie,5,7.7,1
ffec3428-f61a-481d-b7a1-acfc10d365ad,,monday,11:13 PM,03:13 AM,Mobile,Movie,3,5.1,0
1b11d366-85d4-4381-8b21-bf32f9c067bb,2025-05-25,Thursday,10:39 PM,02:39,TV,Documentary,5,4.4,1
2b804b5a-92b9-44a7-9458-a70d88009dff,2025-08-06,wednesday,21:13,00:13,,Documentary,3,4.7,0
d29b8bdb-6ebe-4514-86e4-6368a2a1cdeb,2025-04-21,Friday,3:27,05:27,moblie,Series,2,7.8,0
9ea47ae7-b583-4eb2-933e-aae6941cd219,2025-05-06,Tuesday,19:28,08:28 PM,lptop,Documentary,6,7.8,1
8a389e92-310a-470f-9e44-0d33746f23f5,2025-05-14,tuesday,18:47,21:47,moblie,Series,1,6.1,0
da3f5949-e7a3-436a-9c57-56e9bdb99193,2025-04-09,Saturday,02:39 AM,04:39 AM,lptop,Series,2,5.1,0
6b6b7cef-45f7-40a6-b631-8006ced5e32b,2025-05-06,Sunday,10:37 PM,02:37,Mobile,Movie,1,6.6,0
3bc3394d-91ba-4f8e-b883-6d54c8d90660,,Friday,08:22 PM,21:22,moblie,Documentary,1,6.5,0
eb94aca8-8cf3-4788-b1e5-0bb29f1caefa,,Friday,19:54,11:54 PM,Tablet,Series,5,6.9,1
ece6e964-5cca-46e3-82d2-cf03d7712608,2025-06-08,wednesday,01:05 AM,03:05 AM,Mobile,Series,14,3.3,1
203aa096-ecc1-4c30-b9b7-b68bd3b7b5f2,2025-05-04,Sunday,19:12,11:12 PM,,Series,2,7.9,0
7db4b464-7fea-4660-8411-8422923fb410,2025-03-17,Sunday,12:10 AM,01:10,lptop,Series,1,5.5,0
bf746264-7c5f-44e9-a040-d9d12362dbcc,2025-02-12,Tuesday,11:59 PM,03:59 AM,Mobile,Movie,3,7.7,0
63a63e71-307a-458f-bb08-3a166e4aec5b,2025-04-23,Thursday,18:50,20:50,Tablet,Documentary,1,,0
eb2a8177-bd97-4924-8889-4a566c0a81f1,2025-05-09,Wednesday,20:18,00:18,,Movie,4,6.8,1
e41c318d-e7cb-43b9-bd36-e9ec965d8d37,2025-04-12,Wednesday,07:04 PM,22:04,lptop,Series,4,5.7,1
1610d436-4305-44dc-bb3c-5b80fce1536b,2025-04-24,Thursday,06:06 PM,20:06,moblie,Series,5,6.2,1
72bb8c2f-06c1-48b7-8fdd-c486b6f3dfd8,2025-06-26,Tuesday,06:57 PM,08:57 PM,Laptop,Series,11,2.9,1
02899426-630c-4c0f-9f67-1abcd7ef0f68,2025-05-03,Tuesday,09:57 PM,23:57,,Movie,4,,1
3af82e13-d639-43fb-a91f-82b9921f1bb1,2025-04-10,monday,12:29 AM,02:29 AM,Mobile,Series,4,4.4,1
73e67d43-8d0c-4ed4-b9fb-1f8c8096fbd0,2025-03-22,Friday,18:38,21:38,lptop,Movie,6,5.9,1
8ed807f1-866d-440d-aa6d-9bb102231b19,2025-08-03,monday,07:12 PM,20:12,moblie,Series,3,7.0,0
971b8e2e-a974-4ac9-9482-65d1c291dc3c,2025-04-24,tuesday,2:32,03:32,lptop,Documentary,6,6.1,1
1cb7a83c-cf89-4191-8eb1-0f9b2db92bb1,2025-06-03,Monday,21:55,10:55 PM,Mobile,Series,2,7.0,0
78b8063a-d279-4a3c-b2b4-67bb279e7593,2025-04-15,monday,2:00,04:00 AM,moblie,Movie,3,7.5,0
8cd10757-4cfd-4c5a-a6e1-113b1148fffc,2025-08-05,Tuesday,20:23,21:23,Laptop,Series,4,4.6,1
537d9b1e-3a6f-4a38-a1e2-386998b23559,2025-05-02,tuesday,10:25 PM,01:25,,Documentary,5,4.8,1
187e74d2-2d2c-4087-88ac-d1ba9e098bdc,2025-06-02,Friday,11:44 PM,03:44 AM,,Documentary,1,7.4,0
bd91c4fc-4393-4f46-8cf0-46814eb3c01a,2025-02-05,Sunday,06:51 PM,10:51 PM,Laptop,Movie,3,5.7,0
2f713666-f056-4198-ac32-8554d655dbd5,2025-03-24,tuesday,10:14 PM,01:14 AM,Tablet,Documentary,6,6.8,1
43130d4d-b32f-4595-9f65-3f97ec20dd1b,,Friday,10:21 PM,01:21 AM,moblie,Documentary,4,7.9,1
1140561e-e6ef-452c-b67e-d8d824c769cb,2025-06-12,Thursday,20:56,10:56 PM,Laptop,Movie,6,6.6,1
77f1d3cd-e55b-453e-ac88-f6f6e9738995,2025-05-13,Tuesday,01:50 AM,04:50,Tablet,Movie,2,6.7,0
6d194925-92c6-4315-b715-bf2c4b16d35a,2025-04-15,Thursday,09:39 PM,23:39,Mobile,Movie,2,6.8,0
c5683e21-2b37-4bda-af51-42e05944349a,2025-02-20,Friday,03:43 AM,05:43 AM,Tablet,Documentary,1,4.2,0
d72d98ce-2dae-42b2-8973-6c9ec0b7c3cf,2025-06-16,Sunday,10:05 PM,00:05,moblie,Movie,2,4.5,0
6d2b19bc-7e05-456e-86ad-1bab670aa0a5,2025-02-12,Thursday,19:29,08:29 PM,Laptop,Series,6,4.8,1
f17c4ba9-596b-4b59-acd1-a7cc4d78e60f,2025-04-16,Wednesday,22:37,01:37,Laptop,Series,4,7.3,1
c7ce56fe-daaf-432b-9a8b-8eedbf7d42ec,2025-02-20,tuesday,18:37,10:37 PM,TV,Movie,6,4.5,1
7ce46ebe-705a-4692-92b9-b76889865f8d,2025-03-03,Saturday,06:23 PM,08:23 PM,,Series,4,4.0,1
ae0b8e41-d868-4e39-81aa-af23ff7956b6,2025-06-23,Wednesday,20:34,21:34,moblie,Documentary,3,7.6,0
09874fde-46ad-46f6-b813-5a7777999030,2025-04-15,Wednesday,02:21 AM,06:21,TV,Movie,5,6.3,1
8b0b43f5-3c4a-4664-a6b4-8f832b0e1122,2025-03-31,Friday,09:21 PM,22:21,Laptop,Series,6,6.9,1
ff0e170a-385e-4f9b-89bb-770d0b190440,2025-04-23,Tuesday,20:53,10:53 PM,Tablet,Documentary,2,4.4,0
97b3894c-1bac-4183-b330-bba6b16f6b62,2025-06-27,Friday,22:40,02:40 AM,,Documentary,1,7.5,0
a452a79d-0788-480a-aaa1-fa8a7a45df32,2025-03-08,Tuesday,23:18,02:18,lptop,Movie,1,7.3,0
da305a2f-deea-499e-a983-be187a4554e1,2025-07-09,Sunday,08:47 PM,23:47,lptop,Documentary,4,6.0,1
ae6edb18-73ca-43ee-a452-349d2b73a500,2025-06-21,Wednesday,09:27 PM,23:27,,Movie,1,,0
e212b4ee-33de-4582-9cbc-780424a3179c,2025-05-11,Sunday,10:44 PM,01:44 AM,lptop,Movie,1,4.5,0
ba2aaf98-2c82-49b5-9b85-c068f0880d56,2025-04-11,Saturday,22:33,01:33 AM,moblie,Series,2,6.9,0
9b46d3dc-43b7-4a4c-826c-bbe7419be226,2025-06-12,Monday,06:58 PM,07:58 PM,TV,Documentary,1,5.9,0
6943ca4d-2b4c-47cf-8536-35c6a1021c38,2025-04-23,Friday,22:28,01:28 AM,TV,Documentary,3,4.3,0
2af41a87-2fb8-42b8-9cf1-03ca17972c1e,2025-03-21,Thursday,12:57 AM,02:57 AM,Tablet,Movie,6,5.8,1
1e413590-959c-447f-aea6-87bc72f97af2,2025-02-06,Thursday,18:42,07:42 PM,lptop,Documentary,2,5.7,0
46e3e10b-82f9-498a-89c7-06460bc72a50,2025-03-06,Thursday,21:00,12:00 AM,Laptop,Movie,6,6.6,1
ca15055b-9a02-49f2-a7cc-300f2cf1d1ca,2025-05-04,tuesday,11:21 PM,03:21 AM,TV,Documentary,5,5.2,1
1adcbfcf-b775-4ad4-8960-3567a789ad69,2025-06-16,Thursday,04:00 AM,07:00,Tablet,Series,3,7.1,0
c3709fde-e9df-4bfe-a30e-2384d1825180,2025-05-03,wednesday,22:00,02:00,TV,Series,2,5.8,0
e7d992b0-28f3-4e94-a6de-459203acc248,2025-08-03,Thursday,23:56,12:56 AM,Laptop,Series,3,4.3,0
6cab898a-ac61-4193-b53b-f44b12ef3835,2025-07-18,Sunday,06:40 PM,21:40,TV,Documentary,1,4.3,0
6b3ce5c3-9411-46b5-9c98-238d43c137e3,2025-05-09,Friday,06:02 PM,07:02 PM,moblie,Movie,6,4.4,1
640fb620-84d8-4bc9-9b8f-c82edd3095a1,2025-04-04,Wednesday,10:46 PM,02:46 AM,Mobile,Movie,1,5.0,0
d683029f-b9ba-42a5-a092-f785870a5d0d,2025-02-22,tuesday,2:00,06:00 AM,lptop,Documentary,4,4.9,1
e61de400-8afc-4c23-9b2c-c56a2c3e7d63,2025-06-13,Wednesday,08:47 PM,23:47,Laptop,Series,1,5.0,0
23b70c22-017b-4b46-b27d-6805483fe9b2,2025-02-12,Thursday,20:41,12:41 AM,lptop,Movie,5,,1
2a05b02c-e4e4-4f2c-8856-b52ef6f9eee8,2025-06-09,wednesday,10:38 PM,01:38 AM,moblie,Movie,4,4.6,1
e0a3ac2c-38f4-47e7-a171-b021755cf2a1,2025-05-28,Wednesday,09:34 PM,01:34 AM,Tablet,Series,1,5.8,0
1eeb2666-fd5f-4269-bc96-64478bd19b0e,2025-03-19,monday,09:20 PM,11:20 PM,Laptop,Documentary,4,,1
e16ac39d-ee7f-4d46-a994-ca1f8b71ddfa,2025-05-29,Tuesday,19:39,20:39,Tablet,Series,5,,1
72403515-8b7e-4e9a-80d6-15cc7e298aca,2025-06-19,wednesday,5:05,06:05 AM,Tablet,Documentary,3,,0
eece36a1-2254-4b60-8507-18efc86b03cd,2025-06-05,Saturday,11:09 PM,01:09 AM,lptop,Series,4,7.9,1
56c324ff-7d01-4064-8196-5b77478ad0ae,2025-05-31,tuesday,23:09,03:09 AM,moblie,Documentary,3,5.0,0
4b939f24-22ce-4407-88e2-960bb2bbb188,,Tuesday,0:56,04:56 AM,Mobile,Movie,1,7.5,0
0061f451-44b4-41a1-9156-f27fe1b321e7,,Wednesday,21:34,23:34,TV,Movie,3,4.2,0
be1103b6-0b3f-4a23-bb56-3f5d8ba66d84,2025-04-23,Wednesday,09:38 PM,12:38 AM,TV,Documentary,1,7.0,0
8142cca3-765c-4cb3-aac6-652380b9acd2,2025-02-06,monday,20:27,23:27,lptop,Movie,6,7.2,1
f35ed08b-5d1e-40b1-9e02-1593a0dd8915,2025-06-17,Monday,04:27 AM,06:27,moblie,Documentary,4,,1
6aae486c-a38b-42e9-bfc9-abc657d04b25,2025-06-29,monday,22:12,00:12,lptop,Movie,3,7.2,0
37e98e52-fd69-4d5d-b551-9fc4bb70910d,2025-02-26,monday,22:24,01:24 AM,Laptop,Movie,6,6.5,1
5cebc847-f00c-4f5c-8e69-ca291b37b47c,2025-06-23,wednesday,19:47,08:47 PM,TV,Series,4,7.0,1
6f4beb70-b520-451e-9d00-84d9114355f9,2025-07-24,Thursday,09:53 PM,00:53,Tablet,Documentary,1,4.3,0
2f575f12-387b-4c55-b7ab-b125e87d4668,2025-04-13,Wednesday,19:47,21:47,Mobile,Series,2,6.9,0
3a159ceb-1ec7-40c5-89e3-9152ff42f2d9,2025-07-22,Thursday,02:53 AM,06:53 AM,Laptop,Series,2,5.4,0
86d8c691-309a-4fde-8b28-857db8e7174f,2025-06-29,Wednesday,07:27 PM,10:27 PM,Mobile,Movie,3,6.9,0
4521fe74-399f-4217-89d5-671103874be8,2025-04-01,Saturday,21:06,01:06 AM,moblie,Movie,1,5.8,0
893a766d-b7cb-48e0-b69f-7df60538e2ee,2025-02-05,Wednesday,19:44,10:44 PM,,Documentary,1,7.4,0
f7c4f735-44aa-43be-aac6-0075c47a386d,2025-05-12,Thursday,09:53 PM,10:53 PM,TV,Series,4,7.3,1
1898fb3b-94a9-4ab6-b6b7-55967603e11e,,Thursday,11:40 PM,00:40,TV,Series,1,6.6,0
40170de3-6ce8-499d-b764-4afbcbab4cb4,2025-05-11,tuesday,10:43 PM,12:43 AM,,Series,5,4.1,1
88d1f9c7-fcee-4703-885a-eaaccb52581c,2025-04-17,Saturday,11:27 PM,03:27,moblie,Series,5,4.2,1
48a023db-2eab-4a6f-9b49-1a1d15cfa881,2025-06-30,Wednesday,10:12 PM,01:12 AM,lptop,Series,5,4.8,1
e0a85f41-285c-4927-bb2c-0bc75b8763e4,2025-08-06,Sunday,4:34,05:34 AM,,Movie,5,7.8,1
696825cc-c88a-4399-87ba-c08b4add5198,2025-03-02,wednesday,09:37 PM,00:37,TV,Documentary,3,4.6,0
a9dd1508-7fa0-4ccc-aecc-e170bc3c1ceb,2025-07-01,Sunday,22:06,23:06,Tablet,Movie,5,6.7,1
bf4a9cd5-f8cb-44fe-b1c3-6ef4afae33bb,2025-03-23,Monday,11:25 PM,02:25 AM,TV,Documentary,5,6.4,1
1dab2f74-cd25-4cbf-9855-2e9cc1c60536,2025-06-27,wednesday,07:54 PM,09:54 PM,,Movie,1,6.0,0
32a30750-eb57-4611-9413-d6f72a3e6afc,2025-06-14,tuesday,11:19 PM,03:19,,Movie,2,5.5,0
0b2c874a-7b93-4e56-893a-854b865c2bf5,2025-06-28,tuesday,11:20 PM,03:20,Tablet,Documentary,1,6.2,0
f31b09ec-b1c3-46b1-a6b2-f2ed31197a8f,2025-07-24,Friday,4:13,05:13,moblie,Documentary,5,5.4,1
4a98cd4b-5d57-49d7-bf1a-49619009aef3,2025-06-05,Sunday,07:22 PM,20:22,Tablet,Movie,6,,1
34c53c7c-485a-4252-92f2-bb3c35b7a579,2025-07-31,Friday,12:05 AM,03:05 AM,,Series,2,5.6,0
87bfbc16-4a14-4c31-ac67-50942a0c0dc5,2025-08-05,Wednesday,05:52 AM,09:52 AM,,Series,3,5.9,0
6f8b1ff4-17cd-46d5-9ab8-ce0b2becc616,2025-03-12,Sunday,12:21 AM,04:21 AM,Tablet,Movie,3,6.4,0
ea285a7f-2740-49e3-8369-01ee5da9f97a,2025-07-07,monday,5:39,06:39,,Series,2,6.5,0
b998475d-492e-4666-877f-104a6c2fd34d,2025-03-18,Sunday,07:01 PM,11:01 PM,lptop,Series,3,4.0,0
7ba8edf4-28e3-4ade-bbd7-7695cb5a6fc4,2025-07-20,Thursday,18:04,08:04 PM,moblie,Movie,1,5.7,0
97713adb-93fb-4c79-8768-b38744ca3aaf,2025-05-10,Saturday,09:27 PM,22:27,TV,Documentary,1,4.1,0
475861a3-a7e0-429a-940c-8822d287fcd9,2025-03-04,monday,18:00,22:00,,Series,1,7.8,0
c9c8fc5a-22a1-4654-a884-f879a35e0c6b,2025-04-19,Tuesday,20:24,11:24 PM,Laptop,Documentary,5,7.9,1
4eaceaa8-d7f3-457c-a1c0-c2dd157164d2,2025-05-16,Thursday,23:57,03:57,Laptop,Documentary,6,6.7,1
a5c30c61-f50b-46be-a273-103bf578edb1,2025-03-13,monday,23:05,01:05 AM,Mobile,Series,3,5.0,0
d0234fe7-1c57-45aa-a552-30fa9fb876de,2025-04-22,monday,23:08,02:08 AM,Laptop,Series,4,4.7,1
06f8613c-aee9-4dcb-b296-d65765589fd1,2025-05-15,Wednesday,03:10 AM,07:10,lptop,Movie,5,6.7,1
1c5f84f3-847f-44f0-86e6-b87f8202242c,2025-06-28,Friday,19:02,10:02 PM,Mobile,Documentary,3,,0
92c2466c-885a-46fd-81f3-6508187399a8,2025-03-12,Sunday,06:33 PM,22:33,moblie,Movie,5,7.4,1
6154948d-c011-49fd-a0f0-9e1cc50ce73d,2025-05-19,Monday,20:38,21:38,moblie,Documentary,3,5.3,0
e4b0452a-6c70-48b1-89c2-b3a260a8a3b6,2025-04-23,Saturday,08:44 PM,22:44,lptop,Series,3,4.1,0
ca026446-46eb-4bb0-a37d-ffd3c6a36ad8,2025-02-18,Thursday,07:49 PM,21:49,Tablet,Documentary,3,6.5,0
5d7f7255-478f-4e31-ab95-f36f2558613d,2025-03-11,tuesday,11:35 PM,00:35,Mobile,Documentary,6,6.3,1
1628661f-63fd-4bed-84a8-41eaea3c7ce1,2025-05-11,Saturday,18:07,08:07 PM,TV,Documentary,3,4.8,0
ca0ac560-4bed-4755-bf42-9b12ef12befb,2025-02-24,Sunday,22:15,00:15,Tablet,Documentary,1,4.5,0
55c696de-2301-45d8-81a1-5d86e4053907,2025-05-24,tuesday,23:29,03:29,lptop,Series,5,5.1,1
8592196e-53d7-4c1c-b864-441c17373017,2025-04-26,tuesday,06:22 PM,20:22,moblie,Movie,6,6.5,1
50e7a057-fe3c-4a3e-b2a3-086914fa1e0a,2025-02-18,Wednesday,0:42,02:42 AM,TV,Movie,6,4.8,1
1e71a4c4-6394-4a93-8880-ad9e4cc23c0b,2025-07-30,Friday,07:18 PM,20:18,Mobile,Series,3,4.2,0
a79b0e32-d587-43e7-8a5f-f61686a43c7a,2025-06-17,Thursday,19:54,20:54,Laptop,Movie,2,5.2,0
b0f82fd1-dc82-4017-bd90-3abf988e6f59,2025-03-14,Saturday,19:20,09:20 PM,TV,Documentary,2,7.3,0
4a66bef8-0053-4f0f-8019-21d2f7740600,2025-02-23,Monday,07:22 PM,20:22,,Movie,1,6.6,0
8583b5f9-759e-483b-85b6-2cb4e64520c7,2025-07-27,tuesday,07:55 PM,08:55 PM,TV,Series,1,7.1,0
f56dc510-e38d-4ba9-b871-f53f31b17383,2025-04-15,Tuesday,08:21 PM,12:21 AM,lptop,Movie,1,4.8,0
fa1da76b-03e7-4910-b96b-b868251b4727,2025-02-09,tuesday,10:09 PM,12:09 AM,lptop,Series,5,5.7,1
7b7a8ef8-d441-49df-91fe-90e1e4ca5925,2025-04-17,Monday,20:09,22:09,Laptop,Series,4,7.2,1
569deed6-fc10-4946-be64-74758f4cf2bd,2025-04-10,Wednesday,09:48 PM,01:48,,Movie,5,4.3,1
021e192f-38a9-49d7-ab6d-c4963608f58f,2025-06-19,Monday,0:26,04:26 AM,Tablet,Series,5,7.9,1
2cef1aa1-aad9-4cb6-8d5f-2b691a645f7f,2025-07-22,tuesday,0:02,04:02 AM,Tablet,Movie,3,5.9,0
2b9cb1ab-2cc9-41d2-b179-d014aeb18f2b,2025-04-03,tuesday,18:05,20:05,TV,Documentary,4,5.4,1
1d327d9e-380f-4481-a3c7-d202c56bdada,2025-07-20,Wednesday,10:28 PM,12:28 AM,Laptop,Movie,1,6.3,0
80e37f26-b5a4-46f1-bb98-316e9c6bc147,2025-03-16,monday,07:40 PM,08:40 PM,Laptop,Documentary,4,7.1,1
0e1142d2-7864-494e-bb98-70d5b72bc2e4,2025-03-21,Thursday,08:43 PM,11:43 PM,Laptop,Movie,3,4.1,0
5dce3418-70d2-4f9f-8fc0-ba2c48604985,2025-07-02,Monday,06:57 PM,20:57,TV,Documentary,1,6.7,0
e90af8fd-4ae3-4488-8e8c-3bf5569be72e,2025-03-23,monday,07:49 PM,23:49,Laptop,Movie,4,6.1,1
3d9b4e17-1669-419a-8e08-fa3dc3f4fa59,2025-08-05,Monday,22:40,12:40 AM,Tablet,Documentary,4,7.5,1
bfbf056e-ec93-441e-9e82-ae9b12f859f1,2025-02-28,monday,20:04,11:04 PM,Mobile,Movie,3,4.6,0
ce604f0c-de4b-4347-aa94-c7369c80f447,2025-05-09,wednesday,20:28,00:28,Laptop,Series,2,6.6,0
0c108800-9c99-44b2-8914-3934dea04e19,2025-05-04,tuesday,08:40 PM,12:40 AM,lptop,Movie,15,3.0,1
4a2a4fdf-6904-4e50-867a-7d1b9d8c067a,,Friday,23:02,01:02,Tablet,Movie,5,7.1,1
014aa193-655a-45ae-8ab7-1be7fb311a69,2025-05-06,Thursday,22:59,01:59 AM,,Movie,5,5.9,1
cb8c952e-d474-4394-872b-a26814fb6427,2025-03-16,monday,09:03 PM,22:03,moblie,Series,1,5.4,0
5db2cadb-9e87-41e1-8d6a-c0bd3d445289,2025-02-12,tuesday,09:36 PM,10:36 PM,moblie,Documentary,3,6.6,0
0b8aef58-055e-4464-a729-33016de30f7d,2025-07-03,Sunday,02:36 AM,03:36,TV,Documentary,13,3.3,1
ffc5e0a7-b0b0-4d79-87a3-0ca25f62e03b,2025-06-06,Saturday,22:16,02:16 AM,moblie,Movie,5,7.1,1
f0330e83-a60f-47e2-aad1-aa1c037ebce2,2025-05-26,Thursday,23:21,12:21 AM,,Documentary,4,6.0,1
ac8ae980-dce3-4d48-b62b-e12f70962932,,Wednesday,08:08 PM,09:08 PM,,Movie,1,7.8,0
4db92ab2-b1c0-41e5-9798-8096a9e8e2f5,2025-03-26,Thursday,5:04,07:04,Mobile,Movie,3,7.6,0
c1102244-af43-462d-9628-7310a156e837,,monday,02:27 AM,05:27 AM,lptop,Movie,2,7.2,0
60f4bc67-98c4-4d13-82c3-4e39165d7133,2025-08-01,Saturday,05:46 AM,07:46 AM,moblie,Documentary,6,5.0,1
c8fc677c-804e-4bf2-96e4-8a578863fc82,2025-03-30,Saturday,19:26,09:26 PM,lptop,Series,1,5.5,0
f5c8c28f-7a5e-4d28-a016-4d56ac3ca6d4,,Saturday,09:02 PM,22:02,Mobile,Series,5,4.5,1
34c397ee-1142-4f8d-b012-76542d6b0c1f,2025-04-07,Thursday,23:03,01:03,Tablet,Movie,6,6.3,1
225755ab-db49-48eb-96a6-fe4ffec8a3c7,2025-02-15,Sunday,20:43,12:43 AM,Tablet,Movie,5,7.5,1
f0869f72-123a-498e-aff0-3dd3872cc6f2,2025-06-25,monday,22:17,11:17 PM,moblie,Movie,3,6.4,0
e0308d78-d919-4740-aa9e-5663fb8abbc4,2025-05-18,monday,19:59,22:59,moblie,Documentary,5,7.5,1
09c45611-7a79-40ac-ad6b-11279fb0af49,2025-07-08,Sunday,20:20,10:20 PM,moblie,Series,3,4.9,0
84300e91-2e6a-4aca-836c-24db708379a3,2025-04-02,Thursday,23:24,01:24 AM,Laptop,Series,3,7.0,0
b6e0e2f8-d1a6-4435-a6e3-d0f8d0b602f4,2025-05-19,wednesday,20:13,21:13,,Documentary,1,4.7,0
ff1700b4-e0bc-4338-8630-20bfc951830c,2025-02-22,Wednesday,11:41 PM,12:41 AM,,Documentary,10,2.8,1
8c65f022-41ac-476d-9046-2fe954868a44,2025-02-22,tuesday,07:15 PM,21:15,Laptop,Movie,6,4.1,1
a64be1f4-5975-4804-a2d6-1dbff87b7acb,2025-06-19,Saturday,01:11 AM,03:11,Mobile,Documentary,4,6.9,1
107cdbb4-8930-44a4-8565-d8dd96ca4e71,2025-04-27,monday,23:04,03:04 AM,moblie,Movie,4,6.5,1
215c39d9-4601-4901-aa7f-717ec94d2526,2025-07-05,Friday,08:06 PM,11:06 PM,TV,Documentary,5,7.2,1
5288ad84-4a95-4d95-b13f-893d7d5eb41d,2025-07-23,Tuesday,05:52 AM,09:52 AM,Mobile,Movie,5,4.7,1
679773ee-394b-4036-8d7a-5e0030a9f6b9,2025-07-02,Sunday,20:45,12:45 AM,,Series,2,7.4,0
f7ea01ef-c20f-46ce-acfa-d1c1f0da2b63,2025-04-05,Saturday,21:28,22:28,lptop,Documentary,6,4.4,1
c146e4bd-0c83-4781-8527-b5ae85c6ec16,2025-05-23,monday,20:36,23:36,moblie,Documentary,4,6.9,1
5796ee1a-4247-4903-8c67-724c11421d83,2025-02-09,Tuesday,07:45 PM,20:45,Tablet,Documentary,4,5.5,1
0cbabe15-f455-4a70-8487-c9adb9b7dd17,2025-05-05,monday,06:00 PM,21:00,TV,Documentary,1,5.1,0
810463df-26e7-484e-b6e3-d91f9be28b44,2025-07-01,Thursday,08:30 PM,11:30 PM,lptop,Documentary,6,4.7,1
1a9da331-218c-4a53-a9e8-e76141c2408c,2025-07-14,Monday,08:27 PM,11:27 PM,Tablet,Movie,11,3.9,1
1a163b91-a39d-40e9-97af-efe0928663c1,2025-05-23,Thursday,19:28,21:28,moblie,Series,2,7.6,0
822c139f-5fa0-4deb-bf9b-39cb0f062c16,2025-06-21,wednesday,21:56,12:56 AM,lptop,Documentary,4,6.8,1
ddc82849-cf11-4964-8531-2c6a8d3fcd01,2025-07-19,Thursday,10:05 PM,00:05,,Documentary,1,5.8,0
103f83ec-fc99-405e-9348-eba394899f7e,2025-02-24,monday,21:48,00:48,moblie,Documentary,3,5.3,0
57102182-5e31-474d-813f-b04524d584b6,2025-08-06,wednesday,20:14,21:14,Laptop,Movie,3,7.9,0
7ffa9c48-be15-4569-8a77-6a100ad4a05f,2025-03-05,Friday,23:05,03:05 AM,,Documentary,5,5.9,1
384c8016-cfdd-46cc-a999-7b7a24fce0e2,2025-08-03,Monday,22:43,11:43 PM,TV,Series,13,3.2,1
d071831b-90b8-4619-9f1f-de17a0574348,2025-02-07,Saturday,06:53 PM,20:53,,Series,6,5.5,1
3403e7a9-274c-409b-bea9-6c1014e33d69,2025-05-29,Tuesday,08:35 PM,22:35,lptop,Documentary,1,4.6,0
7348cfa3-3a16-4ccd-ad0f-f8b1fd1d5c00,2025-07-18,Wednesday,09:41 PM,11:41 PM,Laptop,Documentary,1,5.0,0
23ae46df-20bb-4ac5-9b81-c8ef4ca05c7e,2025-04-20,Tuesday,01:26 AM,05:26,lptop,Series,3,6.7,0
2270c142-3f8a-45cc-b5cf-6a884c1472f6,2025-07-05,Wednesday,10:04 PM,00:04,moblie,Series,2,6.4,0
65b22466-9bf4-49ee-99d9-97d7e59c2c49,,Thursday,06:02 PM,21:02,lptop,Documentary,6,7.4,1
af826fcf-b80a-49e5-98b9-a71ce2186917,2025-06-18,Thursday,22:53,12:53 AM,lptop,Series,3,6.0,0
ceeab854-cd60-47b4-a195-df7af830e906,2025-06-10,wednesday,09:18 PM,23:18,,Series,6,5.5,1
49b19a59-7f3c-4ba4-b332-74de6e78dce6,2025-03-03,tuesday,11:15 PM,01:15 AM,,Movie,4,4.8,1
8c2b8cb9-c7e6-4d39-b259-cb0ad5ac390c,2025-03-25,Thursday,20:53,22:53,TV,Movie,3,7.6,0
23753eec-0dbc-41e1-8529-a0408716e780,2025-04-09,Thursday,19:13,09:13 PM,lptop,Documentary,2,5.0,0
28608e77-4f48-43a0-925c-dae6c75fdfb0,2025-07-31,monday,23:47,03:47 AM,TV,Movie,1,7.0,0
d6daa9e2-5ffb-47ea-beff-4715a05aa3dd,2025-07-21,Tuesday,5:08,06:08 AM,Tablet,Movie,5,5.9,1
5fa3bcdb-f149-4c75-9d11-55010d944363,2025-06-24,Tuesday,19:17,21:17,Tablet,Documentary,2,6.6,0
c1c4098d-4e8a-4e73-ba3c-09cb6690c3e5,2025-02-27,Saturday,06:54 PM,21:54,moblie,Series,5,4.1,1
db8fc27f-0a72-4b7f-98e4-d14dbb295eda,2025-03-01,wednesday,11:32 PM,02:32 AM,lptop,Series,4,6.8,1
4a2fc9b0-bbba-4718-8fd3-b3729518fcf4,2025-06-03,Tuesday,11:10 PM,03:10,lptop,Series,6,6.5,1
ef3a469e-938f-4a72-9305-13ff60e2c6cf,2025-03-28,Thursday,22:57,02:57,Tablet,Documentary,5,4.3,1
e2fe7be1-8685-4a63-bc57-ab19e2a9026d,2025-05-31,Friday,10:55 PM,02:55,moblie,Movie,3,5.9,0
ef1fd48e-24f3-47ae-8daf-c6c557db5d44,2025-03-02,tuesday,09:18 PM,11:18 PM,TV,Documentary,2,,0
9eb71c1c-4f1f-4c9d-bf63-1d6ecdbb0c80,2025-02-13,Tuesday,19:20,22:20,TV,Movie,6,5.9,1
12442efc-d240-42c0-b879-d0999e9742ff,2025-07-06,tuesday,20:53,10:53 PM,lptop,Documentary,4,5.8,1
c26fc8b2-61c6-48c9-9482-b9f5efa0c3c1,2025-06-23,Tuesday,10:01 PM,02:01,,Documentary,15,3.2,1
371e9422-ae3f-48f8-a2e6-60559506c2ea,2025-03-30,Tuesday,5:26,08:26 AM,Laptop,Documentary,10,3.7,1
e1448452-e9e5-47ff-a091-ae36b1669859,2025-05-22,Tuesday,02:22 AM,04:22 AM,Mobile,Series,5,5.7,1
2388f8d5-ac09-4386-8e3e-642b2758a7a4,2025-04-27,wednesday,2:01,05:01,TV,Series,5,,1
c2a393fa-35ee-4648-a55d-5008fc2e56fe,2025-03-01,Tuesday,03:01 AM,04:01,,Movie,4,6.8,1
cb195ed6-5d5e-4cb9-be30-9c437ebb20bb,2025-03-20,Thursday,19:39,10:39 PM,,Documentary,2,5.9,0
a3b8dca8-1be3-4ebd-aa5c-69ff6f4a7540,2025-06-10,Thursday,04:15 AM,06:15 AM,moblie,Documentary,6,7.8,1
82a8f65e-d583-40a1-aeea-df347768686d,2025-07-24,Monday,09:45 PM,00:45,moblie,Movie,6,5.2,1
0c55961c-9b8a-41de-b14b-fc066d0b3c58,2025-03-16,Wednesday,10:37 PM,02:37 AM,Tablet,Documentary,4,5.9,1
7f427094-3769-430c-a759-b92aee0e6595,2025-02-10,tuesday,22:26,02:26,moblie,Series,2,7.9,0
a6e1503e-33e9-4595-914e-6fedbe2b7b0d,2025-03-12,monday,18:39,21:39,moblie,Movie,6,5.8,1
db552ce3-067d-4752-aac3-d0a1133fc90c,2025-03-02,tuesday,08:15 PM,23:15,Tablet,Series,2,4.0,0
3ccb2e0e-c4bd-4b40-b92d-05dc5f633e5c,2025-05-11,tuesday,18:43,19:43,lptop,Documentary,4,8.0,1
e98fe375-a7bf-4c2e-9087-a93991058351,2025-04-16,tuesday,22:02,02:02,moblie,Documentary,1,4.8,0
74547b2a-3bd7-4097-b659-f8fa18ae2425,2025-03-29,Monday,20:31,09:31 PM,,Documentary,4,7.4,1
3e3ad9f4-9f96-4e96-80ed-600adde66fcf,2025-05-27,Sunday,18:21,22:21,moblie,Series,3,6.1,0
21d440ff-1570-4732-996f-afe6f8fe9216,2025-04-08,Tuesday,09:46 PM,22:46,,Series,5,6.9,1
a6913f82-7b76-41d8-a364-2e185c591ba1,2025-03-08,Tuesday,19:26,20:26,TV,Movie,2,7.8,0
c3986fcc-5864-4373-822d-1e87fb92b3c9,2025-03-21,Saturday,21:34,22:34,,Series,4,5.1,1
6a199a5f-6da8-40a8-a09c-9774673f19a7,2025-05-26,Friday,09:31 PM,01:31,lptop,Documentary,2,4.7,0
7251aebd-2358-4787-ae72-337d20311170,2025-05-13,wednesday,4:20,08:20,TV,Movie,5,4.8,1
1f8d420e-a445-4056-8c40-720ad89f0496,2025-06-14,Wednesday,09:21 PM,23:21,Tablet,Series,2,5.1,0
bc052cc7-b738-4f53-8b7e-33a689748b69,2025-03-21,Tuesday,08:11 PM,10:11 PM,Mobile,Series,4,4.5,1
e9d4b8d6-1a13-4cf6-829c-ded51963f482,2025-06-21,wednesday,23:17,02:17,TV,Series,3,6.3,0
b79d790e-6f19-4e31-8b50-f5f39d007180,2025-04-20,Tuesday,10:13 PM,01:13,,Documentary,5,7.1,1
334f4153-c099-4210-bfec-ff41cdd9af90,2025-04-20,Sunday,23:14,03:14 AM,,Documentary,4,8.0,1
49f218ce-38d4-44ff-9d59-ec43c4bdf361,2025-03-23,wednesday,12:20 AM,02:20 AM,Laptop,Series,2,5.1,0
c8bd43ef-c04a-4ea4-be9a-515d24699e21,2025-04-05,Friday,03:21 AM,04:21,,Documentary,2,,0
c871ccf6-97a3-4383-b76d-edd470a3062d,2025-03-21,Friday,09:36 PM,01:36,moblie,Documentary,6,5.5,1
9ab582a8-102d-4df3-b00a-2bc23f044e91,2025-07-27,Wednesday,19:47,21:47,,Documentary,1,5.1,0
fa19979b-9c51-446b-8581-32709b8e491b,2025-02-27,Sunday,19:35,23:35,Tablet,Documentary,6,6.4,1
15761331-41cf-42a7-bc82-03cdf4b4fe3b,2025-07-09,Friday,12:47 AM,04:47,Laptop,Documentary,5,5.9,1
426887e7-6bb0-48fc-86b7-e443948f8e61,2025-07-08,wednesday,4:13,08:13 AM,moblie,Series,2,7.1,0
c52d238b-8666-45cf-92bd-7f6fbea01c32,2025-05-05,Friday,08:28 PM,22:28,Tablet,Movie,5,5.5,1
c4196cd5-de55-4f02-8723-3013a8f879dc,2025-05-11,Friday,12:28 AM,03:28 AM,lptop,Movie,3,7.7,0
a1ccd8dd-ead7-4891-8007-4fe7374b2570,,Tuesday,5:51,09:51 AM,TV,Movie,4,6.2,1
96681137-2514-4340-9d7f-aa7077b49711,2025-02-25,Monday,18:03,19:03,TV,Movie,5,4.9,1
73d0071d-3db3-4b7f-91e1-9cd810a7a85d,2025-05-03,Thursday,19:39,08:39 PM,TV,Movie,5,6.5,1
f8c7ba8c-d7f5-4d4c-b99a-9101eaca2538,2025-03-10,Monday,23:50,02:50,lptop,Movie,6,6.1,1
8d2ed371-a192-44d6-bfb6-375465c28692,2025-07-25,monday,01:17 AM,04:17,Tablet,Movie,6,4.6,1
d1828c0f-1b1f-4f61-8b1b-6611e35a06b7,2025-08-03,Monday,06:35 PM,07:35 PM,moblie,Series,2,6.5,0
c00ebb24-10e8-4c8d-96b6-2535e375980c,2025-07-18,Monday,07:38 PM,08:38 PM,,Movie,5,7.5,1
b914b374-c222-4aac-b1f3-6b871d6c13df,2025-07-08,Friday,19:07,21:07,,Documentary,1,6.6,0
009d9203-1178-45fa-aa17-7b462818f7ef,2025-04-02,Tuesday,06:01 PM,08:01 PM,moblie,Series,4,,1
df5eeabe-fe19-4f05-be31-6275119fc380,2025-03-15,Tuesday,19:38,10:38 PM,moblie,Series,3,4.2,0
768bc316-98d8-454d-864a-765e88ba0043,2025-07-05,Thursday,22:01,12:01 AM,TV,Movie,3,7.2,0
2f7cc104-a158-419f-9ac3-a1033511fffe,2025-06-18,Tuesday,21:03,22:03,Mobile,Documentary,6,6.0,1
628c1b47-db3f-4e7b-993c-ede2f9efa4d2,2025-06-10,Sunday,11:34 PM,02:34,moblie,Series,6,6.3,1
9bf5f583-4313-4111-8dd9-c6859bec8f33,2025-04-19,wednesday,21:10,01:10 AM,moblie,Documentary,1,7.4,0
fa3de628-0c4e-4147-95bf-830bb4c8397b,2025-05-31,wednesday,23:29,12:29 AM,lptop,Movie,2,6.9,0
c88de538-11ca-45d9-bbf5-e651c584cf75,2025-07-25,Thursday,19:48,09:48 PM,moblie,Series,13,3.3,1
9ad7a990-9eb9-4f75-8bb1-7d8700d7ec1f,2025-03-10,Sunday,07:18 PM,10:18 PM,lptop,Movie,2,6.9,0
909fe48f-a090-4545-9c89-62ac3d33e0ca,2025-06-07,Saturday,22:17,01:17 AM,lptop,Movie,1,5.4,0
68c8f0ef-be3c-4632-a5d6-e3aed41de35f,2025-05-15,Friday,23:30,01:30 AM,TV,Documentary,3,5.4,0
74075a16-87ff-4b0c-85ea-16a0595e7b4c,2025-06-08,Monday,23:19,02:19 AM,TV,Series,4,6.4,1
37557799-ec13-4591-b144-1ebd25b18159,2025-04-13,Sunday,10:22 PM,01:22 AM,moblie,Documentary,1,6.7,0
984ae9aa-47fd-47b2-a457-1071fec4fbdc,2025-07-23,Tuesday,07:33 PM,22:33,Tablet,Documentary,5,7.4,1
b7ed1b0b-f86f-47dd-8afd-dfd9b91597de,2025-02-18,tuesday,2:27,04:27,Laptop,Movie,3,,0
f9616228-f30c-4692-aec1-40f6b7e68ebe,2025-03-28,Thursday,11:00 PM,02:00,Laptop,Series,4,5.8,1
843d1f24-5461-4620-bb11-049707fc75ad,2025-06-02,monday,22:59,11:59 PM,lptop,Series,3,6.5,0
df1ef0b7-c9ca-4020-b265-bb6f0dc9f998,2025-04-10,Tuesday,08:42 PM,10:42 PM,Mobile,Movie,3,4.3,0
80d36842-b410-40ae-9a7c-70fb861896ca,2025-03-27,Monday,5:20,09:20 AM,Tablet,Movie,6,6.5,1
39fe6354-4d40-4ce6-8481-e95df999d769,2025-05-31,wednesday,22:07,02:07,,Series,6,7.9,1
5b493a30-a728-410e-b841-8c44369f12ed,2025-04-05,Tuesday,09:11 PM,22:11,moblie,Documentary,6,5.0,1
30b3284b-20bb-4e01-b0f0-3ef228045e6e,,Monday,08:21 PM,09:21 PM,Laptop,Documentary,3,4.7,0
cb216a58-53a0-4bc6-853e-8677c8e2579b,2025-07-06,monday,20:02,11:02 PM,Laptop,Movie,1,4.1,0
f761d773-7394-4409-b1ad-94a04b30f809,,Monday,06:48 PM,20:48,lptop,Documentary,4,4.6,1
5ae905a5-f7eb-45b6-a409-478381bbaf51,2025-07-23,Wednesday,09:08 PM,00:08,lptop,Movie,4,5.6,1
7e9b75fb-f7dc-4459-8875-e18f51a780e3,2025-02-27,Friday,18:05,08:05 PM,Mobile,Documentary,4,7.5,1
f51af71e-19b6-4235-a7c5-b909311a3c36,2025-05-23,Wednesday,21:04,22:04,lptop,Movie,1,4.1,0
20248d89-f6a9-457d-8a52-3df724f1da73,2025-06-01,Thursday,08:26 PM,11:26 PM,Mobile,Documentary,2,5.6,0
54b24430-0349-4ec4-9e51-a9aa5076c4af,2025-06-11,Monday,09:56 PM,01:56,Laptop,Movie,1,5.2,0
8e09aa3d-d241-4817-9573-9c0a12c4c36a,2025-07-05,Wednesday,20:31,11:31 PM,Mobile,Movie,5,7.2,1
2564d438-fdf8-4c76-8583-2ac178f74d3b,2025-07-09,Friday,19:16,10:16 PM,moblie,Series,4,4.4,1
0c0cbe32-d2c6-4c21-8282-fcf4fcfeb802,2025-06-30,Saturday,18:01,10:01 PM,Laptop,Movie,1,7.6,0
301e678c-bf78-4f1c-b8a9-9973bc0c8b5d,2025-04-04,tuesday,01:41 AM,02:41 AM,Mobile,Movie,3,4.6,0
77991465-0fb3-44d1-857c-8cadeea5cbc9,2025-05-31,monday,23:24,03:24,Laptop,Series,6,4.5,1
c9a39239-2c6d-4c87-b05e-ea5b1bc7cfec,2025-06-02,Thursday,09:05 PM,22:05,lptop,Series,4,7.1,1
5ce4bcf8-9df0-4e7d-945d-85d0ad75484e,2025-08-01,Tuesday,05:05 AM,09:05,,Documentary,6,4.0,1
f8419ff3-5b1e-47be-b640-d829f6241a46,2025-06-14,Saturday,22:17,02:17,Mobile,Movie,4,4.3,1
0bb42563-c237-45ab-82b9-caba194b5724,2025-06-05,wednesday,19:57,09:57 PM,TV,Movie,5,5.7,1
766cc951-8e7d-4926-938e-e3edc8a1e522,,Saturday,19:49,23:49,Laptop,Movie,5,4.7,1
34c1168a-8389-4fed-9471-69fa1ecfbca6,2025-02-22,wednesday,19:44,21:44,Mobile,Documentary,5,7.0,1
a2e5123b-5291-4164-be67-1e732ab1620a,2025-07-30,monday,19:49,11:49 PM,,Series,1,4.7,0
2b6630ca-b6d2-426d-bbf4-d4658ec1644d,2025-05-15,Tuesday,23:51,00:51,,Series,5,7.8,1
16c91793-1fb5-4e38-bc29-410de3b46cd4,,Saturday,18:48,10:48 PM,Mobile,Documentary,6,4.9,1
105a93ea-8d07-4a67-b89a-e230d2a89687,2025-02-12,Saturday,07:57 PM,20:57,TV,Movie,1,6.8,0
2bd98c7d-33f5-490b-a793-5f6a5ffb0243,2025-05-23,monday,3:59,07:59,Tablet,Series,4,6.2,1
e7be24b5-2a02-4183-aa40-bb9bd8667d22,,Tuesday,02:41 AM,05:41,moblie,Documentary,2,4.4,0
cfa4bee2-1fda-46ed-a8ef-2512f469328c,2025-07-12,Wednesday,10:39 PM,11:39 PM,TV,Documentary,6,6.9,1
85b76e14-2943-4960-aca6-bcead01638ef,2025-05-24,Wednesday,22:26,12:26 AM,lptop,Series,2,7.7,0
87c9da46-fb6e-404a-a305-17245981d9a4,2025-06-21,Friday,3:00,04:00 AM,moblie,Series,6,6.1,1
68676230-8c98-47a9-b4ec-3fb584cb9860,2025-06-05,wednesday,0:12,01:12,TV,Documentary,6,4.0,1
228d0335-4c00-456e-86c5-348b9976a786,2025-06-28,Saturday,07:56 PM,22:56,Mobile,Documentary,3,7.3,0
863fe7e9-4d1e-4596-b29d-cc2a41022b7e,2025-04-27,Saturday,5:18,09:18 AM,Tablet,Documentary,2,4.9,0
18279660-367b-420f-a36c-c50f97b969b5,2025-03-28,Friday,03:25 AM,05:25,Laptop,Series,3,5.4,0
6e27b953-9501-4bf4-b406-52cf6df0b703,2025-07-11,tuesday,18:53,20:53,lptop,Series,6,5.0,1
72554ee0-27f5-437c-a042-449592f51b36,2025-06-02,Wednesday,06:52 PM,21:52,TV,Movie,5,6.6,1
708ddff3-ee7d-4376-b2ab-296b3696ae45,2025-06-12,Sunday,01:55 AM,05:55 AM,Laptop,Documentary,6,4.1,1
3a4b2faa-17fe-4925-a667-71de94d72879,2025-05-20,Tuesday,20:36,21:36,Tablet,Documentary,3,4.9,0
44cd2235-772e-4c45-9863-f4ed6e044345,2025-07-05,Sunday,01:05 AM,04:05,moblie,Series,3,,0
0f729ce7-0c96-49ee-bc99-8b48fa92b6c8,2025-05-28,Friday,10:00 PM,00:00,TV,Series,3,6.8,0
dc916ebd-5062-48b5-8a4e-65f50f527658,2025-02-18,Tuesday,11:48 PM,03:48,Mobile,Series,1,5.9,0
147a8368-dcb4-4008-83a3-38e1da741595,2025-07-17,monday,05:20 AM,06:20,Laptop,Series,3,5.7,0
27c7bf4b-04cd-4228-954a-fab131e29d21,2025-05-20,Wednesday,07:23 PM,20:23,TV,Documentary,6,5.8,1
43c8f281-ee91-440f-8247-05e70de373ef,2025-03-04,Thursday,11:34 PM,01:34 AM,TV,Documentary,1,7.0,0
2cf1aff7-cfba-4b4b-847c-524065e7f029,2025-02-06,Monday,2:41,06:41 AM,Mobile,Series,1,4.6,0
65f050f0-fbe5-4143-9894-9b1d13c43465,2025-04-18,Saturday,11:34 PM,01:34 AM,Tablet,Series,1,5.6,0
805b09a0-94f2-4898-ad16-815deabd1bd8,2025-06-02,Sunday,23:16,03:16 AM,lptop,Documentary,6,5.5,1
59bf9035-06b5-41ca-94af-86780ff7bb62,2025-02-27,Wednesday,23:27,01:27,Mobile,Documentary,5,4.4,1
c1c9db82-599d-497e-be7a-5faa70f5269e,2025-05-30,Monday,04:54 AM,05:54 AM,Laptop,Documentary,5,7.8,1
f24f3ae7-c26f-401f-9c3a-876dd224fa1b,2025-03-12,Monday,23:12,01:12 AM,lptop,Series,5,4.5,1
b0d04a88-f46b-46f8-8119-544de5b5128d,2025-07-07,Thursday,20:27,12:27 AM,,Documentary,1,4.8,0
544fb154-c5eb-4cb8-a7fd-cf7b610e1057,2025-04-06,monday,10:21 PM,23:21,,Series,12,2.7,1
35da1cdc-bc8b-4f7c-99e2-4bdb8c7cac2f,2025-06-17,Saturday,07:11 PM,11:11 PM,Mobile,Series,2,4.4,0
c1d8a104-1251-488f-97c7-dc958ffd06aa,,Friday,08:01 PM,22:01,lptop,Documentary,11,3.3,1
0a4cd397-a04c-4a5b-b762-cf14b3764698,2025-04-20,Saturday,09:12 PM,12:12 AM,TV,Documentary,3,6.4,0
330d4534-8246-440d-bc14-b2d7f5cdb6c9,2025-04-29,monday,09:25 PM,23:25,Tablet,Movie,2,6.9,0
ee822316-aeab-490f-954c-5e802a70a1c9,2025-04-12,Sunday,11:05 PM,12:05 AM,Tablet,Series,6,6.9,1
11d2d607-c4b3-434e-973d-4690fc731473,2025-05-02,Thursday,07:11 PM,08:11 PM,Mobile,Movie,4,5.3,1
f9102095-0b4d-4098-9750-e052fe84a27a,2025-03-18,monday,11:03 PM,02:03,lptop,Movie,5,7.2,1
1678c83d-26b4-40bb-a2a4-f51d6dbda223,2025-02-19,wednesday,06:28 PM,20:28,lptop,Documentary,3,4.8,0
e8831b9d-f3f5-4711-ac39-a6fed4ef6985,2025-07-06,Sunday,19:04,20:04,Mobile,Series,3,7.0,0
46c1b530-5abb-4f56-8f12-79538fe90c90,2025-03-13,Thursday,0:29,02:29 AM,Laptop,Movie,3,6.5,0
bc4a7dec-0c53-4874-9932-680810e28106,2025-03-09,Monday,18:11,07:11 PM,TV,Movie,5,7.6,1
6c43bbee-ed49-4e77-9319-5f1c5dde64ec,2025-04-21,wednesday,23:57,03:57 AM,Mobile,Movie,1,4.6,0
102fe37e-d252-4080-98f6-0c163d106527,2025-03-13,Sunday,10:18 PM,02:18,TV,Series,5,6.3,1
de7ad95e-3251-49a4-ae02-43c785fde38b,2025-04-02,Monday,11:13 PM,03:13,Mobile,Movie,2,6.2,0
dc261419-e8e8-4e1b-874b-b5648d2787b1,2025-06-04,Thursday,19:05,21:05,moblie,Series,4,6.6,1
ff3346d8-e59b-4fc2-b4ae-e418c30a2f4c,2025-05-20,Sunday,23:51,00:51,moblie,Movie,1,6.4,0
30ca8094-033f-42fb-a210-6d97ccd174ad,2025-04-23,Sunday,11:00 PM,01:00 AM,Tablet,Documentary,3,6.8,0
a44ddb15-1968-4886-8f69-8c8f0bdd6bc3,2025-06-28,Wednesday,02:35 AM,05:35,Laptop,Documentary,6,6.4,1
05b29671-2d61-4a52-ad0c-3eeda8ad4b5c,2025-04-06,Tuesday,11:14 PM,02:14,Tablet,Documentary,5,7.6,1
ec1646a0-0b50-4a04-b098-5da06a4d94d5,2025-07-23,Friday,09:11 PM,23:11,moblie,Movie,3,5.7,0
9aab6621-a6d0-435c-bcf9-eda6ef3f4463,2025-02-06,Sunday,09:37 PM,01:37,Laptop,Series,6,7.6,1
2786861c-15c9-448e-8bd3-3222cb33da78,2025-02-19,Saturday,12:22 AM,04:22 AM,Tablet,Movie,5,4.3,1
c083ae2a-dca5-4fa3-91d1-ffb196daa2ee,2025-03-20,Tuesday,20:49,12:49 AM,moblie,Movie,2,6.2,0
17ef09a3-4df9-4507-b8ad-9a3b8cf6470f,2025-08-05,Sunday,11:42 PM,02:42 AM,Tablet,Series,4,4.4,1
f0af1607-fcaa-40b0-a60c-c79d7d3b9f3d,2025-04-04,tuesday,18:12,07:12 PM,Laptop,Series,2,5.7,0
7b79e6d0-afa4-4cd5-8b88-5f23be36a47f,2025-03-21,monday,21:52,10:52 PM,Laptop,Series,4,5.2,1
f09ab40a-4071-45b1-becb-e7b1ad3a852f,2025-02-26,wednesday,22:18,02:18,lptop,Series,5,4.9,1
be6f6cd1-b93e-401f-b6aa-3ac818b85892,2025-07-13,tuesday,07:47 PM,11:47 PM,TV,Series,6,6.4,1
c45a981c-ec4f-49ff-bbbe-8aff23144b0d,,tuesday,22:54,02:54,Laptop,Series,3,6.1,0
aa217c06-69e4-464f-bdde-f5c0a55cf9b1,2025-07-17,wednesday,10:30 PM,23:30,Mobile,Series,2,4.8,0
9c5f7439-efc0-4e88-88c7-8cb49d8c56ef,2025-04-11,Friday,22:06,23:06,Laptop,Documentary,5,5.2,1
0ef8f57b-2a84-4692-8810-e2f5d24bc186,2025-08-05,Sunday,4:07,08:07,Tablet,Series,5,7.7,1
6d721676-4f79-4eaa-8324-bd11a0ddea65,2025-02-09,Wednesday,09:56 PM,01:56 AM,lptop,Movie,3,4.5,0
3f651c43-b3cf-40e5-b7c8-aaceac854fac,2025-04-07,tuesday,19:51,11:51 PM,,Documentary,3,4.4,0
4a04b478-4301-4e25-ae85-d618c5754dee,2025-04-22,tuesday,20:07,10:07 PM,moblie,Documentary,4,7.4,1
9e8bd212-4fdd-4c87-8232-7ca499473cff,2025-06-05,Sunday,11:30 PM,01:30,Tablet,Movie,6,6.2,1
abf56356-dec3-459d-86a8-4c2c32390800,2025-02-11,Sunday,10:41 PM,11:41 PM,,Movie,4,6.0,1
ff681106-9dc8-4e85-93b7-eee65252e56e,2025-03-19,Tuesday,18:09,07:09 PM,,Movie,2,4.8,0
79b875a2-b08c-4bea-afcc-857c33695481,2025-07-23,tuesday,18:50,21:50,Tablet,Series,1,7.3,0
ee64f881-dac1-456f-917f-a96aa19abd7b,2025-07-11,Sunday,10:20 PM,23:20,Mobile,Documentary,10,2.7,1
31b564f6-aa8d-4759-af69-e7edc5f1bea2,2025-03-03,Wednesday,21:26,01:26 AM,lptop,Movie,5,5.2,1
a8e0815e-9cbe-4a93-9e94-56fa692ab417,2025-05-25,Tuesday,08:04 PM,23:04,Mobile,Documentary,6,4.5,1
bf25db27-4447-430d-9b0b-ec5bc19380b5,2025-07-24,Monday,19:03,21:03,,Documentary,4,7.5,1
499f248d-5214-4eb0-b787-5669bfcd7190,2025-03-10,Thursday,11:28 PM,03:28 AM,TV,Documentary,2,5.0,0
35b23a4c-8e89-48c6-b9b5-ae7d4af08f2a,2025-05-29,Saturday,08:55 PM,22:55,Mobile,Movie,6,7.9,1
9bee3f2e-8d97-4aeb-a660-f7d9ae24710e,2025-03-30,monday,10:00 PM,01:00,Mobile,Documentary,2,5.8,0
4e0c92c3-312f-4b5c-a33d-4402a77e6b79,2025-02-16,monday,21:20,10:20 PM,Mobile,Movie,5,7.7,1
34ce1a68-72d5-4abf-b2b9-a47cd5bb2755,2025-02-06,Monday,20:50,12:50 AM,,Movie,10,2.7,1
e2cf24f0-72ec-43a7-a569-ad9187a6b420,2025-05-04,Tuesday,22:18,01:18,,Series,5,,1
acfb29df-1347-466c-ae7a-463e01701105,2025-04-15,Tuesday,23:43,12:43 AM,Mobile,Documentary,6,6.1,1
cbb99400-838c-4058-a1d7-be7f5dd7de22,2025-03-10,Monday,21:12,10:12 PM,Tablet,Series,4,5.4,1
d52a4e6c-b639-4296-bc20-4525e22c5769,2025-03-18,Friday,10:41 PM,02:41 AM,lptop,Documentary,4,6.9,1
5684f451-bd9f-4fea-a3d4-2c44219ca04a,2025-06-05,Tuesday,3:31,05:31,lptop,Series,4,5.6,1
523f17ea-b9c0-44c7-bfab-b86edb684126,2025-05-11,Saturday,18:27,10:27 PM,Laptop,Movie,3,6.2,0
99dc5f9d-63bf-4baa-9b1a-f98dc094d8ec,2025-07-13,monday,20:08,23:08,Tablet,Documentary,2,6.1,0
c13e6892-76c1-456d-ae66-ad5cd9539c9f,2025-07-16,tuesday,07:53 PM,20:53,,Movie,6,6.4,1
90e958aa-938b-439d-b619-5321495a232b,2025-07-09,Tuesday,05:27 AM,06:27 AM,,Documentary,2,6.1,0
4f565aba-5cba-4297-b440-2b9f622a38b9,2025-05-21,Friday,4:34,08:34,lptop,Series,3,5.5,0
2dd70905-84b9-49a5-893a-e353b4ef1e10,2025-02-25,monday,1:42,03:42 AM,TV,Series,2,7.7,0
0a0164e1-71f8-4929-966f-4c87a908edca,2025-02-25,Thursday,23:21,01:21 AM,Mobile,Documentary,2,6.7,0
3d3f60ee-2041-4e6e-9b9b-06b66a74c721,2025-04-04,Wednesday,09:11 PM,00:11,Mobile,Series,2,7.5,0
cc628c84-2f82-43d0-afb2-8ba356bf5229,2025-04-29,Friday,07:22 PM,10:22 PM,Tablet,Movie,5,5.7,1
9b7d3f30-982f-434c-aac4-c0007e47b1d0,2025-06-01,Saturday,1:48,03:48,Laptop,Movie,4,5.5,1
77ea97fa-d03b-43f4-bebe-1c0f1ffff0cb,2025-06-05,Thursday,02:50 AM,05:50,Tablet,Series,4,5.5,1
b4f5f681-486d-4f90-85c6-4576fdad1f40,2025-04-07,Saturday,10:37 PM,00:37,Laptop,Documentary,3,6.9,0
d77524e9-e9f2-49f5-bdd1-64251df08a89,2025-04-16,wednesday,23:27,02:27 AM,Mobile,Series,4,5.5,1
1124d792-3b3f-4d14-80d0-9e8b13402470,2025-07-29,monday,20:35,00:35,,Movie,2,4.7,0
cd2d0cb1-1c99-4139-a83e-73acd27a7e74,2025-06-12,Saturday,20:20,12:20 AM,TV,Movie,3,6.2,0
e17085e2-1333-45cd-9efe-9b850df3c87d,2025-02-09,Wednesday,03:53 AM,04:53 AM,Mobile,Movie,6,7.8,1
cd5d80e8-4f0c-4e61-9fb4-989b61086412,2025-02-13,tuesday,21:24,00:24,Tablet,Movie,3,4.3,0
d494dd5e-63a1-43a4-a6e8-c953ec033614,2025-03-14,Tuesday,12:06 AM,03:06,Laptop,Documentary,3,7.8,0
bdccecfb-a2e3-42cb-904a-be07ea650a7a,2025-02-09,Tuesday,09:07 PM,01:07,Mobile,Movie,6,6.2,1
179fe3f6-77d2-40df-b088-7bc91af02f8b,2025-07-18,Thursday,5:44,07:44,,Series,3,6.2,0
ad4ef1d9-09dc-44b6-a7e5-000912c66fb3,,Thursday,06:28 PM,19:28,TV,Series,3,6.7,0
60889bad-7860-432e-b75b-8c822b4cf907,2025-05-07,Thursday,23:24,02:24,lptop,Series,6,5.3,1
72670b98-fb64-4269-9ec9-a22d3a1b76bd,2025-05-02,Wednesday,11:46 PM,01:46,lptop,Series,5,4.8,1
747479b2-aa4e-441e-83b8-b7830a23e5e5,2025-05-12,monday,18:58,20:58,,Movie,5,6.8,1
e04ae0ac-8898-4299-a580-3962162f99bf,,Friday,06:31 PM,10:31 PM,moblie,Movie,2,4.9,0
e3224a4b-adee-4b22-90b6-0e37a124368d,2025-05-28,Saturday,07:54 PM,20:54,TV,Documentary,2,5.1,0
4cd7c6ca-e8cb-44b9-9897-7b82fe0bd678,2025-04-29,Sunday,1:28,04:28,,Movie,1,5.7,0
260d55c4-5be8-4a1a-9371-ffc9965d0793,2025-03-16,Saturday,20:47,23:47,Tablet,Documentary,4,5.2,1
f767fa30-6f24-410a-855e-94f3081c1363,2025-07-27,Monday,08:00 PM,12:00 AM,Laptop,Series,6,4.6,1
f1ac1606-803a-4dd3-8604-55f84f741b5d,2025-02-08,Monday,11:33 PM,00:33,Mobile,Series,1,7.8,0
5f8d7a81-5832-472b-bf58-d4491b9f0feb,2025-07-23,Thursday,07:02 PM,21:02,Mobile,Movie,1,5.8,0
66aef46d-4798-4e6e-9178-6ad25cd14ee4,2025-03-11,Thursday,11:59 PM,01:59 AM,moblie,Documentary,5,5.6,1
6bd635c1-5547-43d5-8551-ffbb56bb6771,2025-03-09,Tuesday,18:12,10:12 PM,Laptop,Movie,5,7.7,1
0e8248f6-94ef-4745-93f6-e5eeeef68d01,2025-07-08,Wednesday,18:08,22:08,Laptop,Series,5,5.9,1
aff68b94-079a-4467-a93a-e19f59409d16,2025-06-29,monday,09:59 PM,22:59,Laptop,Movie,1,4.1,0
3469eeb9-71ad-4f51-ab75-707483e6c054,2025-03-14,tuesday,09:46 PM,00:46,lptop,Series,4,5.6,1
fec94ab5-9a7d-4209-b3c5-a9418bad4ef4,2025-02-17,Friday,18:29,21:29,,Movie,4,7.9,1
050938e5-ee4d-489d-829f-839e1780b6d2,2025-07-11,monday,20:41,10:41 PM,Tablet,Documentary,5,4.2,1
d92c1c0e-563a-4eba-a401-f2c3a5aca0de,2025-05-04,monday,08:08 PM,12:08 AM,Tablet,Documentary,2,5.1,0
b50a68a3-799a-45ef-95c7-e74647b3a2cb,2025-03-26,tuesday,21:25,01:25 AM,Laptop,Movie,4,,1
c766e39c-b30c-48f5-acd7-69fa9d188d6d,2025-04-22,Thursday,10:00 PM,01:00,Laptop,Movie,4,6.4,1
a26d993a-d290-4a40-9785-bcab171022af,2025-08-04,Monday,10:53 PM,01:53 AM,Tablet,Documentary,6,4.5,1
b33e0639-ace6-4314-9ecd-341dc8696edc,2025-05-09,Saturday,22:26,02:26 AM,moblie,Documentary,3,8.0,0
d2a32e52-4fd5-4089-8914-7b9fe2d2df86,2025-04-05,Wednesday,11:02 PM,02:02 AM,moblie,Series,4,4.2,1
7607a3c1-f23b-4205-9728-aac9171b13a0,2025-04-12,Saturday,06:56 PM,22:56,Tablet,Series,2,7.8,0
1cb912eb-7ef4-4999-b190-7696ccc138a0,2025-03-02,tuesday,06:40 PM,10:40 PM,lptop,Series,4,4.7,1
bd468959-9f7c-4870-87be-6ee76668e44c,2025-06-08,wednesday,06:06 PM,09:06 PM,TV,Series,5,4.1,1
9c8e01e6-0d94-4044-bed4-b9a1d2c88d58,,Friday,07:01 PM,22:01,,Documentary,5,4.1,1
17ff2713-4d00-46ef-966c-371d9188ed6b,2025-04-21,monday,21:48,01:48 AM,,Series,4,4.8,1
5b946241-2565-4c51-9a2d-267f7dde25f3,2025-03-21,Wednesday,10:59 PM,12:59 AM,lptop,Movie,3,4.7,0
e180f0a0-b663-4e32-b756-2daa93967836,2025-07-22,Sunday,21:32,23:32,TV,Movie,2,5.9,0
6f160421-7574-4369-b257-1a1bae2a4fec,2025-03-28,Wednesday,01:22 AM,03:22 AM,Mobile,Movie,6,5.5,1
5a7d35dc-ff30-4414-b95a-0549096142e5,2025-06-23,wednesday,23:53,03:53,lptop,Series,5,7.6,1
f4da65a2-b42d-471e-8d57-32b4d506e660,2025-07-28,Monday,09:05 PM,11:05 PM,moblie,Movie,2,5.0,0
ae006abd-b71c-4a76-bbdd-a7b44c3001e4,2025-07-21,Wednesday,07:02 PM,21:02,moblie,Movie,2,4.5,0
7fee18a0-52ba-433a-b802-1b944b0eab6d,2025-02-08,Wednesday,10:14 PM,02:14,Mobile,Documentary,14,2.1,1
2f3bf732-59f8-4bac-952b-d2c597180406,2025-05-23,Wednesday,07:21 PM,08:21 PM,Tablet,Series,3,5.0,0
d417b7c4-9869-4001-b611-147fb0f2e5e7,2025-06-04,Tuesday,05:59 AM,06:59 AM,Mobile,Documentary,6,5.1,1
30b2c1df-4b00-4a6b-ae6e-dbd747f9dba7,2025-03-08,Wednesday,23:28,00:28,moblie,Documentary,4,4.4,1
2ad1e12d-d8d7-4253-b2e8-51465a327b48,2025-06-11,Friday,0:49,01:49,TV,Documentary,6,7.4,1
6edc0e57-74b1-4ae4-ac37-6797e4a39cd7,2025-02-08,monday,02:05 AM,04:05,moblie,Series,1,6.7,0
4ed54b73-028b-4809-8d2a-b2571eceadaf,2025-04-29,Thursday,06:17 PM,22:17,lptop,Movie,4,5.9,1
9c084b0f-0f83-430d-b555-151275d8854c,2025-06-24,wednesday,04:10 AM,08:10 AM,lptop,Documentary,3,5.3,0
e1a71ff0-c7ca-46fd-aba4-faa816e7a9ad,2025-06-08,Monday,01:00 AM,03:00,,Movie,6,7.0,1
0d4e7111-66bc-4017-a233-ef5fe8372e50,2025-06-02,Saturday,19:15,11:15 PM,moblie,Series,2,5.6,0
68bd492c-c78b-46f2-8806-4a2c30256e5d,2025-05-16,Saturday,4:53,06:53 AM,Laptop,Series,6,5.9,1
2520ecc5-1360-4221-8fe8-c494b47297b6,2025-02-20,Saturday,11:09 PM,01:09 AM,Mobile,Series,2,7.4,0
e94b1eb4-f3bc-45c1-a5d3-9a8333c91d7d,,Sunday,18:14,20:14,Mobile,Series,2,6.9,0
9f85dbff-b4b5-4b02-a82f-f5ff59334284,2025-04-25,Sunday,04:20 AM,07:20 AM,moblie,Movie,6,6.5,1
24cd276f-636f-4cd7-bf9a-2b533094857a,2025-05-20,monday,09:25 PM,22:25,lptop,Series,2,4.3,0
503877b4-2506-4873-87d3-d5726edd174a,2025-05-24,Friday,08:25 PM,21:25,lptop,Movie,5,5.3,1
55d61bab-db2f-4ec3-ab08-a52960570ca2,2025-06-26,Tuesday,03:43 AM,06:43 AM,moblie,Series,2,4.6,0
b566173c-7194-41e5-85e9-721a4a2ea28c,2025-03-19,Thursday,08:23 PM,22:23,,Movie,10,3.3,1
9c6adddb-d694-480a-96fc-6f64ce3527ac,2025-07-09,wednesday,09:26 PM,10:26 PM,Mobile,Movie,6,5.4,1
b337b7e8-8612-4576-babb-52857733e84c,2025-02-26,wednesday,05:34 AM,07:34,,Documentary,2,6.6,0
b4aecb68-fb29-461d-9dd3-5616cd7c701b,2025-08-01,Wednesday,12:51 AM,03:51,lptop,Series,6,6.9,1
42362856-ded4-4b9c-a144-ad1cb4c94976,2025-06-20,Friday,21:34,11:34 PM,Mobile,Documentary,3,6.3,0
3c25e162-38be-40e1-8d82-afdef52911c6,2025-05-28,wednesday,22:03,02:03,,Movie,5,5.8,1
d1e0b090-ec6f-4377-9490-bd89a7163f73,2025-08-02,Wednesday,22:52,00:52,Tablet,Documentary,6,6.8,1
3904de13-dc97-4207-94a4-43f13ae3f209,2025-07-22,Friday,23:47,02:47,Mobile,Movie,5,5.2,1
8aad3f25-8405-49e8-9e2d-67dae002bba6,2025-05-06,Sunday,4:36,08:36 AM,TV,Movie,2,6.1,0
65737ce9-740d-4c4c-ac16-92aa70bcbbec,2025-07-16,Thursday,08:06 PM,09:06 PM,moblie,Movie,3,7.1,0
6de18863-756b-439c-9d1d-1fa78237ca5b,2025-04-01,Monday,23:42,02:42,moblie,Series,3,7.9,0
775a673a-2124-4839-b48f-66d5abf5d1e8,2025-02-05,tuesday,11:18 PM,02:18,TV,Series,2,5.3,0
0dff15f8-d7e7-45e7-9020-dcfebe8bd8e3,2025-04-16,monday,18:55,07:55 PM,moblie,Documentary,4,7.6,1
803c7e93-5887-4982-a16b-e3d7b762ae6f,2025-07-26,Thursday,03:55 AM,05:55 AM,lptop,Movie,1,7.8,0
cc32de2c-2b89-414a-b60c-03490ddfd16b,2025-02-27,wednesday,07:32 PM,11:32 PM,Tablet,Series,5,6.7,1
8717e072-4d15-4557-af40-dd8c623fa942,2025-05-23,Friday,18:33,20:33,TV,Series,3,6.8,0
40c3acd4-5651-4eda-a20a-cfc28312ea3c,,Thursday,11:00 PM,02:00 AM,moblie,Documentary,2,7.1,0
1976ae75-b584-40b5-8ae0-ff59debfefa1,2025-05-01,Monday,08:04 PM,00:04,,Series,6,4.3,1
26c08942-b056-42c0-a8e6-937265681b1e,2025-04-15,Saturday,09:47 PM,01:47,,Movie,1,5.4,0
73629a2d-5ad5-4b68-acc5-56625abd5159,2025-02-18,monday,06:21 PM,20:21,Laptop,Series,3,5.0,0
039b866a-b8f5-4934-8613-67990572dd0c,,monday,5:58,07:58 AM,Mobile,Movie,5,4.9,1
d1345b2e-654c-4f10-a273-7d3790d0c014,2025-06-30,Sunday,21:41,00:41,TV,Documentary,6,6.1,1
b7148ae1-65ed-4ef3-aaa4-ce25d2c7d8a4,2025-04-04,Friday,01:31 AM,03:31,Tablet,Movie,6,5.7,1
7d28b5bf-6dcd-4841-ab78-c1cb748eaac1,2025-06-12,Saturday,11:21 PM,02:21,Tablet,Series,4,4.7,1
04bbc29d-1d90-4f74-bc4b-c09dbf7d242c,2025-05-19,tuesday,22:33,11:33 PM,Tablet,Documentary,2,5.1,0
39412dd7-8ef4-4e7d-8d79-7a6b57136825,2025-05-02,Thursday,10:14 PM,02:14 AM,lptop,Series,3,7.5,0
3f5d71ae-7be9-497a-869b-99b6f99c47c5,,Wednesday,19:52,10:52 PM,TV,Series,6,6.0,1
836b59ef-fe4b-4372-a21c-ae496e1b2f39,2025-04-27,monday,07:16 PM,08:16 PM,lptop,Series,6,6.0,1
d0e44e23-6b9b-48d3-bf46-7b4627e71937,2025-07-05,monday,07:53 PM,10:53 PM,TV,Movie,2,7.2,0
057915c0-b6c0-4f69-9c82-254c67969231,2025-02-08,Saturday,20:08,22:08,lptop,Documentary,4,6.0,1
d90040f0-8ed8-47b1-af2f-9b0fe4f72e2c,2025-03-05,Friday,04:09 AM,07:09,Mobile,Movie,2,5.6,0
038a84ae-40b3-4add-8a9b-928b3bec7800,2025-03-28,Saturday,21:36,01:36,Tablet,Series,4,6.4,1
e5f4b9f4-3814-4593-88ec-0c1f557bcef3,2025-04-30,Monday,20:36,21:36,Mobile,Movie,15,2.0,1
d1a5deaa-fa8c-4eef-a412-a548201beef9,2025-07-23,Monday,08:12 PM,11:12 PM,lptop,Documentary,5,6.2,1
4390f969-4bcd-4019-85c0-e7cdc376468b,2025-02-18,Wednesday,09:34 PM,23:34,Laptop,Series,4,5.0,1
d75041fb-832e-4be0-84ea-36bf367123b9,2025-05-30,Monday,2:21,06:21 AM,TV,Documentary,1,,0
13f35fcf-5467-4fc6-a631-8844516650c9,2025-04-20,Monday,11:44 PM,02:44,Tablet,Documentary,3,6.9,0
72c84c09-027a-4c03-9f0a-6edcaea74102,2025-03-31,monday,20:19,00:19,,Movie,6,7.8,1
d6a76e9b-9fd1-4c7e-84a9-89ef2322e76b,,Wednesday,19:35,10:35 PM,Laptop,Series,5,7.1,1
e9ac9bb7-9e85-4384-b381-c3bce397a00d,2025-07-17,monday,23:05,01:05,Laptop,Movie,5,4.6,1
d508bb7a-d502-42a3-9671-b70d62db8a1c,2025-05-17,Friday,09:58 PM,01:58 AM,TV,Movie,6,6.1,1
e2bf4822-190e-4e8d-b91a-f7f746c8ae76,2025-06-21,wednesday,11:13 PM,00:13,Laptop,Series,3,7.2,0
44f545a6-c7ba-42fb-9310-d89f91f944ef,,wednesday,23:22,02:22 AM,Laptop,Documentary,1,6.6,0
b3078c92-826a-432e-afcf-c9431e870b4e,2025-05-10,Friday,22:36,11:36 PM,moblie,Series,2,5.4,0
607cecaf-1178-4a53-975f-17759103f13d,2025-07-02,Sunday,06:20 PM,21:20,Laptop,Movie,2,6.6,0
7c02216b-a33b-49f5-b877-efbf92100628,2025-03-11,wednesday,1:16,02:16,,Movie,6,7.9,1
2dd1b62b-9bdb-40c8-b9ba-234ec8344a6f,2025-04-02,Tuesday,0:17,04:17,Laptop,Documentary,4,5.9,1
35509127-c7d2-46e0-b627-af4b1b5922c1,2025-02-26,tuesday,10:00 PM,02:00,Tablet,Documentary,1,5.0,0
21067cd3-5ee5-4223-9538-6a142af24419,2025-08-03,Tuesday,03:20 AM,05:20,,Series,3,7.2,0
2e5d791f-50d4-480e-ae45-70dd9b6b4274,2025-08-02,Thursday,3:05,07:05 AM,,Series,5,7.8,1
3b54f406-ea77-4500-be98-f07ed4ce06a4,,Sunday,08:19 PM,10:19 PM,,Documentary,2,6.9,0
a1d0bb49-d227-480c-a65b-24726e9459ec,2025-05-12,tuesday,04:47 AM,07:47,Tablet,Documentary,2,7.4,0
4979d048-f86a-4330-a041-690cf548d2e2,2025-05-08,Tuesday,08:59 PM,00:59,lptop,Movie,4,5.2,1
a6c3488f-4f95-469e-aebd-60ccb174f077,2025-02-16,Friday,19:52,21:52,moblie,Movie,3,6.9,0
8bd06017-b102-4f58-9f36-d6a0d8cba03f,2025-06-05,Monday,22:19,23:19,Mobile,Movie,5,5.3,1
31a49ee9-a1b2-4544-9779-455fd491158c,2025-07-01,Tuesday,11:50 PM,01:50,Laptop,Movie,6,5.9,1
79558811-58a6-47ee-9d82-24b6ecdfb23b,2025-05-23,Friday,0:21,03:21 AM,Tablet,Movie,4,7.3,1
122a7d7d-17db-4db8-a376-35b720233cd3,,Friday,22:46,11:46 PM,TV,Movie,5,4.8,1
e21f30e8-7681-449a-9724-3a0fe4703e76,2025-05-25,monday,19:53,11:53 PM,moblie,Documentary,6,7.8,1
f5189cdc-fdf2-439a-bfc2-65c91081ac79,2025-03-23,Saturday,08:44 PM,10:44 PM,,Series,4,,1
e33319bd-85fe-4443-8896-4411ded06b52,2025-06-25,tuesday,07:45 PM,23:45,TV,Series,1,7.1,0
9f792e05-96f7-4921-9701-83cf0f72a8f7,2025-03-12,Monday,5:18,09:18 AM,Laptop,Movie,3,6.4,0
e1cf27bc-c20d-473c-9456-2958d619c618,2025-07-11,tuesday,18:12,22:12,lptop,Movie,3,6.8,0
66bfb14e-23d9-4acc-bcb3-2f51ce8c6b3e,2025-02-21,Saturday,21:30,12:30 AM,moblie,Movie,6,7.8,1
29ba6d20-884a-4b95-bca4-60ffce06aed5,2025-07-30,Monday,07:21 PM,09:21 PM,Tablet,Series,1,4.6,0
551bf4d8-f3c4-47a6-bc3e-d43ca835abe2,2025-07-17,Saturday,19:04,22:04,Laptop,Movie,2,5.9,0
1eee94a1-9833-4c28-ab60-b9e847558f1a,,monday,10:26 PM,11:26 PM,Tablet,Documentary,2,6.1,0
46d49dab-8efa-4e7b-8401-ddf31b982a7a,2025-05-06,wednesday,3:42,05:42,TV,Series,2,7.6,0
176444eb-b87b-441f-9635-ab9ccb0b8e5e,2025-05-28,Friday,08:42 PM,12:42 AM,Tablet,Documentary,5,4.7,1
095ce9f4-6029-4d69-9a52-12f3698352e3,2025-02-28,Monday,22:20,12:20 AM,Laptop,Series,1,7.4,0
b9e7d425-4f63-4eb5-9352-cd98255d3f69,2025-06-21,Tuesday,21:15,23:15,Mobile,Movie,3,7.2,0
9169536d-49f1-4abf-83b4-2c20a76205fd,2025-04-13,Saturday,3:40,06:40 AM,Mobile,Documentary,5,7.9,1
56c9a8d7-88d5-4680-882b-160888d552b4,2025-03-27,Monday,21:12,01:12 AM,,Documentary,6,4.0,1
0292a579-a038-448a-9ff2-0e1d4f7479c8,2025-04-17,Sunday,01:17 AM,04:17 AM,moblie,Series,4,5.3,1
02e289a1-d593-4465-900c-bed59de57f04,2025-05-28,Monday,11:07 PM,12:07 AM,Laptop,Movie,1,5.7,0
caca46e0-d872-4593-ae7e-0b001d41a5e1,2025-07-16,Monday,02:22 AM,04:22 AM,TV,Movie,6,6.6,1
fbaf7f99-9194-4cd3-92a2-0710e708f6b9,,Friday,07:48 PM,22:48,,Movie,4,4.7,1
ce93c277-183b-447e-bfb4-a993af8888c5,2025-06-04,monday,09:00 PM,12:00 AM,,Series,4,4.7,1
9a959fad-f657-426f-b1e6-d6991bd2e33b,2025-04-27,Sunday,22:27,02:27 AM,Laptop,Series,3,6.9,0
f384b454-9413-42cd-9435-831b39d060f6,2025-03-06,monday,02:21 AM,04:21,TV,Documentary,2,4.8,0
9bc92c46-d5cd-4a1a-ab70-892a48f17eca,2025-06-05,monday,23:20,01:20 AM,,Movie,5,5.2,1
9c0febc4-4810-42fd-afe5-5dce650ec9bd,2025-06-12,Wednesday,2:33,04:33,,Movie,10,3.1,1
0fe6a62d-fffe-4615-bf2e-7f0ab9625773,2025-06-02,Thursday,10:23 PM,01:23,TV,Series,3,6.9,0
cab78e0c-0989-4ef0-8fd1-7a25530cc2d0,2025-08-04,Thursday,23:05,01:05,moblie,Movie,4,7.5,1
cf715f2a-3fd1-4771-a978-af3aae64820d,,Sunday,06:33 PM,08:33 PM,moblie,Documentary,6,6.7,1
bf5f68bc-7625-4503-995a-6bfef20ba309,2025-03-16,Wednesday,10:47 PM,23:47,lptop,Documentary,6,,1
d91fb436-ece4-4a84-8d28-e9a12fb7c3dd,2025-05-11,tuesday,09:43 PM,10:43 PM,Mobile,Documentary,6,6.4,1
cb2bbea6-cccd-4fde-b431-47ba44c90b94,2025-04-07,Sunday,06:22 PM,08:22 PM,Tablet,Documentary,4,4.6,1
a67dd010-e24f-47d9-b66f-96bb94b22dc9,2025-04-05,Tuesday,04:35 AM,08:35,TV,Movie,1,5.4,0
09dd645a-6f9e-487b-9cdc-d2d7333c9227,2025-04-03,tuesday,09:11 PM,00:11,Laptop,Series,2,5.1,0
5fbef1e4-81d8-41df-b9f8-e96e8072e9fd,2025-04-24,wednesday,20:40,11:40 PM,moblie,Series,4,7.7,1
c7d193f4-224c-4a2b-9d61-a2ae3f07ee39,2025-06-29,Saturday,0:03,01:03,TV,Series,4,4.8,1
633938dd-186e-4e5e-bfb3-e003533f3d8d,2025-04-29,monday,22:23,23:23,Tablet,Documentary,2,6.1,0
1aae9912-2142-418d-a846-06338012c876,2025-02-23,Wednesday,01:10 AM,02:10 AM,lptop,Documentary,3,4.2,0
fa5d07ce-2133-46ad-a5c7-b54bb6f7a045,2025-03-08,Tuesday,11:17 PM,02:17,Tablet,Series,2,7.8,0
cbc91b75-ed9d-4345-92a7-3fb9aae4242c,2025-04-20,Sunday,10:58 PM,11:58 PM,,Documentary,1,5.4,0
07701bf8-5c5e-4794-b806-af0c31f8eb5d,2025-04-03,Friday,07:53 PM,09:53 PM,lptop,Movie,4,4.3,1
91aefc9a-7b9e-4beb-97d7-49a0a580c418,2025-06-17,tuesday,20:34,10:34 PM,,Documentary,6,,1
c8dae7e5-c592-4bc0-af7d-b272fb5ca994,2025-03-09,monday,06:11 PM,09:11 PM,Tablet,Movie,6,6.3,1
fc1903c6-75cb-4b69-8e35-5d9739e840a3,2025-07-27,Monday,08:38 PM,11:38 PM,Mobile,Series,6,8.0,1
c6498279-eaa0-47c4-b47a-82aa499e1732,2025-05-28,Monday,06:44 PM,20:44,Laptop,Documentary,5,7.0,1
e726c3d2-e13a-4030-8b42-94943c5c501d,,Monday,2:15,03:15 AM,moblie,Movie,6,6.7,1
2529bcbf-f59e-4228-bc6f-093716ccbe13,2025-05-02,Tuesday,1:30,04:30,TV,Documentary,1,5.5,0
090620d4-2d80-4d77-978d-66043d02e431,2025-05-06,monday,02:07 AM,04:07,Laptop,Movie,5,5.4,1
215312ca-976d-413e-a9a8-ee894f43ee8a,2025-04-15,Monday,07:44 PM,11:44 PM,Mobile,Documentary,2,5.6,0
6a35fb6d-5278-4a34-822e-9c19b2c296a4,2025-05-15,tuesday,18:58,19:58,,Documentary,1,7.4,0
38eea8e9-d969-49a1-b2fc-28791f90b3b9,2025-06-05,monday,06:41 PM,10:41 PM,,Movie,3,4.3,0
8f12b172-ef3e-431f-9926-732a45a291f7,2025-04-25,tuesday,19:54,22:54,Tablet,Movie,2,4.7,0
f6a7c7b7-503e-4153-97fb-3d375a97b98d,2025-04-14,Friday,08:05 PM,21:05,moblie,Documentary,1,7.9,0
cd2d1bb6-3a31-410b-9b71-c18ae4fa9c69,2025-05-11,Tuesday,12:19 AM,03:19,Tablet,Documentary,3,6.2,0
0a9ab364-f91f-43ea-bea0-ab98ed47bdf6,2025-02-06,tuesday,07:52 PM,10:52 PM,Mobile,Documentary,6,4.8,1
a038d3a9-5987-470a-a298-08187cb4dbb7,2025-08-06,wednesday,3:36,05:36,lptop,Series,6,7.3,1
125cd06f-499a-490c-a078-745e1630729f,,Tuesday,06:13 PM,22:13,TV,Movie,4,5.0,1
7ce7a37c-618c-442a-9f24-adc04454bb3e,2025-06-25,tuesday,22:54,01:54 AM,Mobile,Documentary,3,6.7,0
4216c997-7816-4b1e-a025-80f86fc2934c,2025-07-19,Sunday,18:39,08:39 PM,Tablet,Movie,5,6.9,1
341a00ab-ee8f-45b7-a3b7-1524677a5c65,2025-05-04,Friday,04:27 AM,08:27,,Movie,3,4.3,0
e67c8566-6081-43c7-9b6c-fcf09b2246b2,2025-06-05,Thursday,09:51 PM,12:51 AM,lptop,Series,6,6.8,1
5b09f375-0cec-4e99-838e-2facdb884868,2025-05-03,Tuesday,20:12,00:12,TV,Movie,4,6.7,1
c9e0a0ec-b9ce-45da-b535-0510466b0544,,Thursday,11:17 PM,02:17,TV,Documentary,5,6.1,1
b10987b8-5fb9-4762-8ca3-cd4114fc727c,2025-03-15,monday,09:13 PM,01:13,moblie,Movie,3,6.6,0
0beb856c-ee1a-4901-ba1f-6e24a7f786fe,2025-02-22,tuesday,09:34 PM,22:34,,Documentary,1,,0
13643fa6-682e-4277-9244-d450d3fac73d,2025-04-19,tuesday,10:50 PM,23:50,Mobile,Movie,5,4.4,1
4c9a633b-42e1-4998-ba88-23dc5f8c9f06,2025-07-10,wednesday,07:48 PM,08:48 PM,moblie,Movie,1,,0
21c523ec-d0ca-4e89-9f5a-c788e63d89be,2025-04-02,Saturday,4:39,08:39 AM,lptop,Series,3,6.7,0
22c07958-8f05-45bd-8bb8-c500d6b19355,2025-05-22,Sunday,08:42 PM,23:42,moblie,Movie,6,4.3,1
754a635e-e296-474c-8b98-e2894a97bdfe,2025-07-20,wednesday,21:08,01:08 AM,Mobile,Documentary,6,5.6,1
02482365-ba30-421d-a572-d70e2580c456,,Saturday,06:49 PM,08:49 PM,Tablet,Series,5,4.9,1
20cb125e-d3b7-4934-9563-a931f706dc92,2025-07-05,Monday,09:54 PM,10:54 PM,,Movie,4,7.3,1
f3e755db-02d6-4d8d-9244-8fe03af5e143,2025-07-31,Monday,22:13,00:13,Mobile,Documentary,4,5.5,1
12b18508-faa9-4490-9dbd-0a5c47aaf281,2025-02-13,tuesday,5:06,07:06 AM,moblie,Series,6,7.3,1
8bca123b-b1b3-490d-ab9f-649ecaf7b8cf,2025-02-13,Sunday,11:07 PM,01:07,Laptop,Series,1,6.4,0
be084ae2-7af3-4730-8a33-d9d939f5c493,2025-06-21,Friday,08:10 PM,22:10,Tablet,Documentary,3,4.8,0
a6dbff0e-d9f4-47ae-a893-4d63c83053ee,2025-06-20,monday,22:07,12:07 AM,Mobile,Series,6,7.5,1
da895ce9-14ad-4db1-8280-36dd942413c1,2025-07-08,tuesday,23:53,01:53,moblie,Series,5,6.3,1
ed26e41b-be38-493b-8fe2-eb0acacaccd9,2025-05-31,Wednesday,5:13,07:13 AM,moblie,Movie,2,6.0,0
bca1ade1-7be3-4e9d-ad35-114ed4c9def0,2025-05-11,Wednesday,06:39 PM,20:39,,Series,3,4.3,0
753ca655-6064-4ab6-8c7f-a6beb76c7002,2025-06-04,Thursday,23:27,01:27 AM,moblie,Movie,2,5.4,0
9fbdd872-a9a8-4ee4-9467-d32138ec2cf8,2025-08-05,Wednesday,10:36 PM,23:36,lptop,Series,6,5.6,1
6978f846-1420-4618-b080-4cf5b531bcf2,,Saturday,22:12,01:12,TV,Movie,4,6.1,1
b7c614f4-a0a8-45cb-876c-bc806dadce1b,2025-05-19,monday,23:05,03:05 AM,lptop,Series,4,7.3,1
5961c4d8-80c5-4304-87b3-92334c3aa7b1,2025-06-22,Wednesday,06:30 PM,10:30 PM,TV,Movie,2,6.6,0
3037da03-e39f-43a2-9331-967ac00af6ce,2025-07-06,Tuesday,11:40 PM,00:40,moblie,Documentary,2,6.5,0
8ec50235-1559-4ca9-8283-f82775e6a9b0,2025-02-21,Tuesday,1:50,05:50,Laptop,Movie,3,7.9,0
a763eac3-69f4-41c1-93e4-6062feede0f8,2025-05-07,monday,23:45,02:45,TV,Series,1,6.5,0
505ecbee-fa84-4529-bd57-6393814a36b4,2025-06-22,Thursday,19:33,22:33,Mobile,Documentary,6,6.5,1
7674a2f3-3578-4465-b691-588c398b75f6,2025-03-07,Saturday,02:23 AM,04:23 AM,Tablet,Documentary,3,4.9,0
3c3b7721-6eb3-4dc7-bf75-fa4190c4a51c,2025-05-07,wednesday,11:30 PM,03:30 AM,Laptop,Series,3,5.0,0
7dfeaa15-4aec-4124-9d1c-a65f049bf175,2025-04-22,wednesday,19:12,23:12,Tablet,Documentary,5,7.2,1
b088fc52-82ad-412f-abdf-14c69652dcd4,2025-07-28,Saturday,21:10,11:10 PM,,Movie,3,7.3,0
f1c95b6b-60d9-43d6-b833-0cc9ef846875,2025-07-19,Tuesday,09:34 PM,12:34 AM,Laptop,Movie,5,5.2,1
dec9dfa1-fffe-4ac5-8412-d6db7b9bec04,2025-06-20,monday,07:59 PM,20:59,TV,Documentary,3,7.3,0
bfc8c985-cd4e-49c1-adf2-41350b5c18ee,2025-04-19,Friday,07:40 PM,11:40 PM,lptop,Series,2,5.8,0
6f420cd0-7b27-46b9-a90a-075045159bff,2025-04-28,Sunday,11:43 PM,03:43,TV,Movie,4,,1
c79d2728-eba0-4de7-9dbf-a14ab32e9f22,2025-03-06,Thursday,06:04 PM,08:04 PM,,Movie,6,5.2,1
29ae9fd6-0ef4-494c-9383-e77343c1b4bf,2025-03-16,Friday,19:56,22:56,,Documentary,1,4.1,0
aea842c5-2411-4ad5-88ec-a50908f22dde,,Friday,21:01,01:01 AM,,Documentary,3,4.6,0
437aad06-52a9-4779-bc12-616a0e318b97,2025-07-12,Saturday,10:19 PM,23:19,Laptop,Movie,1,7.3,0
4f3a2b48-ea5c-4216-8ef7-fea7d6fb211f,2025-02-12,Wednesday,19:57,21:57,Mobile,Documentary,5,7.2,1
1839787e-de31-4639-adef-485af4056f53,2025-05-19,Sunday,01:42 AM,04:42,lptop,Documentary,1,5.1,0
f2ad8c06-6242-4209-8f88-ee8123b9aec8,,Sunday,23:16,02:16 AM,Mobile,Movie,2,6.3,0
f15a058b-cb98-4608-814f-03f5b53b5e10,2025-04-24,Friday,06:20 PM,22:20,Tablet,Movie,5,7.6,1
96f33bc6-d8da-4d77-99fc-8c7d1dce29d3,2025-07-08,Wednesday,01:45 AM,04:45 AM,Laptop,Movie,3,4.3,0
76d4b55c-0175-4b15-87fb-8e78a0354e3f,2025-07-23,monday,18:53,20:53,,Series,5,6.2,1
098e1600-5b6e-4077-ac4b-981b39be1839,2025-04-15,Friday,18:00,10:00 PM,lptop,Series,4,7.3,1
6af2bc78-a2eb-4b1f-96fd-1d8902bffe29,2025-05-07,monday,22:53,00:53,Mobile,Documentary,4,4.3,1
3d2ecf77-8b55-4988-a77d-3f4851c3adfe,2025-05-26,wednesday,10:04 PM,12:04 AM,Mobile,Movie,3,6.2,0
96f1cfe9-5dd6-4eb6-ba5b-3720a1b4788f,2025-08-02,Saturday,2:11,05:11,lptop,Movie,1,6.7,0
69917c30-ae8a-49db-a762-344311c03160,2025-06-19,Tuesday,23:30,03:30,Mobile,Series,1,7.6,0
22dff674-0003-4bd9-b936-1eeea7667e4a,2025-07-09,Monday,06:51 PM,21:51,lptop,Movie,1,5.6,0
47417d6b-ae54-447b-b422-4613acc2b7b4,2025-07-24,Thursday,19:07,09:07 PM,moblie,Series,4,5.8,1
602f59ea-ffed-4195-a63f-79abe9880683,2025-08-04,wednesday,10:16 PM,02:16,Mobile,Documentary,4,7.8,1
5455ace2-fa78-41a6-984d-ae0f4b6eaba0,2025-06-08,Tuesday,10:39 PM,00:39,moblie,Series,6,6.7,1
26ff5f27-5d44-438b-a638-cb3985c5b4f5,2025-05-24,wednesday,03:44 AM,07:44,Laptop,Series,6,7.1,1
3c37cee1-f489-44f6-9b82-bb3c304c8209,2025-06-04,Tuesday,23:45,12:45 AM,Laptop,Movie,1,4.8,0
3d16f174-3341-492f-9017-b6a71de0740d,2025-07-11,Friday,21:50,00:50,lptop,Movie,3,6.1,0
398d49b0-c49c-42b7-832a-06fae09026b8,2025-05-28,wednesday,22:09,02:09,lptop,Series,3,6.4,0
6c2015cb-c352-49bd-9156-d612a6f98f33,2025-03-10,wednesday,07:54 PM,20:54,Mobile,Documentary,4,4.8,1
88f4e5d5-0b22-4659-99d5-47cbefc43836,2025-05-17,Tuesday,10:03 PM,02:03,lptop,Documentary,3,5.2,0
2f1ed5fc-32d2-4917-83aa-70fbe44c5041,2025-04-10,Friday,06:56 PM,19:56,Mobile,Series,1,4.4,0
77f48181-8498-4b31-aa01-3f4575a97823,2025-07-06,Friday,12:25 AM,02:25,Tablet,Documentary,1,6.8,0
5825bdd5-0d0f-4370-9f3f-ed82f0cfd14d,2025-07-08,Tuesday,10:30 PM,12:30 AM,,Movie,2,6.8,0
15cdf1f1-5bc7-420a-bbe8-8c8753144712,2025-02-24,Tuesday,04:53 AM,06:53,lptop,Documentary,1,7.2,0
fbd5be09-0f41-484f-be9d-4351dfde412f,2025-08-03,tuesday,21:14,10:14 PM,Mobile,Series,2,5.3,0
91bcf81d-c854-4f37-9c88-ebc87128fb6f,2025-03-06,Tuesday,19:48,21:48,Tablet,Documentary,2,7.5,0
c259fae4-5def-4b9e-9cc9-30d3c0552970,2025-07-09,Thursday,09:15 PM,00:15,,Documentary,3,4.6,0
2d5524e4-2b57-4051-9b46-27d9d9ecacde,2025-03-15,tuesday,19:59,21:59,moblie,Series,4,8.0,1
43cf8482-004d-4b7b-b77a-e16f9264dddb,2025-05-07,Sunday,09:47 PM,11:47 PM,TV,Movie,2,5.8,0
b8006741-cc5d-44cf-9fe8-196210c142d6,2025-07-10,Tuesday,20:19,12:19 AM,lptop,Series,1,6.1,0
6a855ef2-b4be-4fea-bde3-5b3771b6a319,2025-07-07,Sunday,10:36 PM,11:36 PM,lptop,Documentary,3,7.6,0
294165c1-1988-4fcd-9891-37e1f57f79d2,2025-02-28,Thursday,21:34,22:34,,Documentary,4,4.5,1
37692db3-88af-4b16-9ba3-e6e2d77a4f13,2025-04-08,Tuesday,01:05 AM,02:05 AM,Mobile,Series,2,6.7,0
9526343d-3bb8-4854-979c-1edc17cbddc6,2025-05-26,Tuesday,21:23,22:23,lptop,Series,6,6.0,1
9e809d4e-8df3-4599-a412-e5396ad58c5d,2025-04-14,wednesday,05:32 AM,07:32 AM,Laptop,Series,3,5.6,0
cb40e32e-d6d4-4d61-88d7-040d937e2ed7,2025-06-17,Saturday,06:39 PM,07:39 PM,moblie,Movie,2,7.4,0
3704d509-1c25-41f8-82f8-0d43b6745dfa,2025-04-24,tuesday,20:13,22:13,Laptop,Documentary,5,7.4,1
1afc50dc-a2b2-45b8-bd97-ba05fc89f066,2025-02-08,Wednesday,20:47,23:47,TV,Series,3,6.9,0
645edca8-adbf-47a6-9c58-a9fe693ac218,2025-07-01,Sunday,22:50,01:50,Mobile,Documentary,6,5.6,1
02c8a16d-1de7-4db2-86e2-06f92fc013cb,2025-06-27,Thursday,18:20,09:20 PM,Laptop,Documentary,6,4.4,1
da6a21bd-d964-46f8-8888-bb45f97dc906,,Saturday,22:02,12:02 AM,TV,Documentary,3,5.8,0
c7acae9f-af45-4dcb-9998-fac25c50a128,2025-05-22,wednesday,12:32 AM,03:32,,Series,3,4.1,0
7d3f677e-2d9b-411a-a9b7-e549c88afd13,2025-03-29,Thursday,18:31,20:31,moblie,Series,3,6.3,0
457150bd-9e04-4d89-9468-ebe107db9290,2025-02-12,Wednesday,18:55,08:55 PM,TV,Documentary,5,4.6,1
18b86e39-edc9-4fda-9e7e-6fbd4944484f,2025-07-10,Wednesday,11:31 PM,02:31 AM,,Documentary,4,7.0,1
c6b192c1-c6c6-49c9-91bd-597aece3e153,2025-06-24,Monday,06:36 PM,19:36,Tablet,Movie,2,6.8,0
9d628a7f-b518-4b8c-b629-3b4d62ce681e,2025-05-12,wednesday,06:41 PM,09:41 PM,TV,Documentary,4,5.7,1
f5d00241-4116-448b-a8f3-5c6f30aa23f7,2025-06-04,Monday,2:37,05:37 AM,Tablet,Documentary,6,7.8,1
5345ad32-acb0-47bc-b9ee-79064d432f89,2025-06-17,Friday,18:11,07:11 PM,,Series,1,7.8,0
b3aa165d-12ba-4bad-bfff-458b11dca3d1,2025-06-25,Wednesday,1:47,05:47 AM,TV,Series,6,5.9,1
3b84ddbc-0ac0-458a-94c4-7954f89d4d86,2025-05-16,wednesday,22:07,11:07 PM,Tablet,Documentary,1,7.2,0
4ff5ca86-22ba-40d8-a438-4fa944ffe7f2,2025-06-28,Tuesday,10:32 PM,23:32,lptop,Documentary,1,6.9,0
6cb068ab-6d9d-4b51-b83a-8e268b35e89f,2025-03-22,Thursday,09:58 PM,22:58,Mobile,Movie,1,5.3,0
f49244d6-2507-4a4e-8472-20ee8ca3ca49,,Sunday,10:58 PM,11:58 PM,Mobile,Documentary,4,7.7,1
5fc08f7d-792b-464c-961f-df2a8ebf9e64,2025-02-25,wednesday,21:27,00:27,,Movie,5,,1
ab93445e-6e6e-4d45-bdf3-b0faa8f3f03f,2025-05-24,Wednesday,22:10,00:10,Tablet,Series,14,3.6,1
9f11beed-e6b3-4c14-87c7-f36d3fac899f,2025-03-05,wednesday,10:47 PM,00:47,moblie,Movie,1,7.6,0
ce3ac857-b045-44f3-a154-b5acafdfe5d7,,Thursday,05:55 AM,07:55 AM,moblie,Series,5,5.4,1
bb2725b8-1767-4099-8383-0ee06cfc7580,2025-03-06,Friday,02:45 AM,06:45 AM,moblie,Movie,4,4.8,1
5a1343de-dc3b-4d92-ac50-edee13824367,2025-07-02,Monday,06:37 PM,08:37 PM,moblie,Series,6,6.6,1
f6c752b0-6384-4c93-b6a5-8d22e45f1426,2025-03-13,Saturday,09:24 PM,11:24 PM,,Movie,5,7.0,1
0db1c0f8-9af5-493b-911a-7479559a09a6,2025-03-31,wednesday,19:36,10:36 PM,Mobile,Documentary,4,4.5,1
330a9e12-4687-43e9-9060-2ee937c51167,2025-03-23,Tuesday,12:00 AM,02:00,moblie,Series,1,7.7,0
3a9b0477-9602-4121-b97b-00965665a845,2025-05-06,monday,11:00 PM,12:00 AM,TV,Documentary,3,4.9,0
b2224e11-4e74-4c8a-882e-3d96f3a5c0db,2025-03-05,Monday,23:49,02:49 AM,moblie,Series,3,6.7,0
8b381795-4f80-4a11-bb1f-eb40e49a6b15,2025-02-17,Saturday,21:18,23:18,lptop,Documentary,5,7.5,1
98c2142c-e781-443a-82da-6bb7b5637b3d,,Tuesday,22:58,23:58,TV,Series,3,6.1,0
2cc361fc-fe02-425e-8302-7f1dfbed565b,2025-04-24,monday,18:16,07:16 PM,TV,Documentary,6,6.1,1
93f9fbdf-6f21-48cf-8c9d-c5fcd4611cd6,2025-02-18,tuesday,01:59 AM,02:59,Laptop,Movie,5,6.6,1
3f2cac08-327c-4f3c-a9e4-a1a40424156b,2025-08-06,monday,09:56 PM,01:56 AM,lptop,Series,3,6.9,0
b7744836-17ff-4e81-a5f6-8ad155b27062,2025-04-15,tuesday,21:13,00:13,,Movie,5,4.7,1
1fb35f11-8dcf-4c81-bfa4-85e018d881a5,2025-07-18,Thursday,09:08 PM,23:08,Laptop,Movie,6,5.4,1
b84ef75a-a7ce-4a00-9588-358ce4265725,2025-08-05,Friday,07:45 PM,23:45,TV,Movie,3,5.1,0
16ffc29f-2ec3-4d80-a9af-96e79758b4b1,2025-05-14,Monday,21:18,12:18 AM,Laptop,Movie,4,5.1,1
271deec2-56f2-43bb-b2d6-c0aca189ec32,2025-03-07,Saturday,05:07 AM,07:07,lptop,Movie,10,3.2,1
54987764-d495-4c90-b0b2-42c3e90a39be,2025-05-12,monday,09:10 PM,22:10,Laptop,Series,4,5.8,1
7c9d7102-823d-45df-ae51-248de9ec1bdc,2025-04-09,Wednesday,4:59,05:59,Tablet,Documentary,1,,0
5e7cb7b1-942c-41d5-90fa-69700af4650a,2025-07-22,tuesday,05:38 AM,09:38 AM,TV,Documentary,6,,1
86334f56-53ef-43a0-8fc5-4ea45a091f29,2025-02-25,Tuesday,0:32,02:32 AM,,Documentary,4,7.0,1
56a77e28-aec1-4e9f-a3be-b1e7e296803f,2025-05-21,Monday,20:56,09:56 PM,Tablet,Movie,3,7.6,0
15c5f178-563f-4b50-9fac-fb2593c6eea8,2025-06-05,Monday,10:27 PM,00:27,Mobile,Series,1,7.4,0
b38b48be-642a-45b4-a0a4-4bf9365426dc,2025-07-10,Monday,08:15 PM,09:15 PM,lptop,Movie,5,4.4,1
6aa737a6-2335-4ada-9972-77eefc1e1117,2025-06-09,Friday,06:13 PM,10:13 PM,,Series,3,6.4,0
a311c432-6ccc-4f6c-9d06-0b2f27d43409,2025-02-14,Thursday,19:39,10:39 PM,Tablet,Series,4,5.6,1
678ecaa0-a38f-4247-a914-4d94d84cd69c,2025-03-27,Friday,23:00,02:00,moblie,Documentary,1,5.3,0
14fa4991-a62d-441e-ae8a-04fd396f8074,2025-07-03,Sunday,06:11 PM,22:11,TV,Movie,5,5.9,1
4dcec747-7db6-4cec-b3b6-15315ae2dbd0,2025-07-27,Thursday,08:51 PM,10:51 PM,moblie,Documentary,3,7.0,0
2f383897-daff-49ec-a684-109e4ca1fdb1,2025-04-24,Friday,10:59 PM,01:59,moblie,Documentary,6,6.7,1
ca8929bf-132b-4511-b94d-e354f284b2aa,2025-06-27,Saturday,18:12,20:12,lptop,Series,3,6.0,0
49f16973-31c2-405a-822e-b96d4456f78d,2025-05-13,monday,07:24 PM,08:24 PM,Laptop,Documentary,2,6.2,0
d2b721fa-f74f-4e3e-a77d-91461b523be1,,Saturday,04:25 AM,06:25 AM,Mobile,Series,5,5.0,1
e1fe45be-26f1-4a25-8749-9f9487b793c6,2025-07-28,Sunday,07:32 PM,11:32 PM,Mobile,Series,1,5.7,0
c73919e5-6b54-49f4-8f4e-07e4f2139efd,2025-06-16,Saturday,11:38 PM,03:38 AM,Laptop,Documentary,1,5.9,0
6feb64cc-6806-4c46-bb97-f56ad5b42097,2025-05-23,Friday,3:23,05:23 AM,moblie,Series,4,4.8,1
bc739704-a626-4aff-a256-9033910c64db,2025-02-21,monday,12:11 AM,03:11,Mobile,Documentary,3,4.3,0
556145b2-911b-4174-819b-737415225da0,2025-05-08,monday,22:35,12:35 AM,lptop,Movie,3,5.8,0
fc90fc98-afd6-48c2-8f16-5864c97942ef,2025-06-09,Monday,10:04 PM,00:04,moblie,Series,5,7.3,1
c47502b0-e5ad-4d39-9c68-120126ce18ad,2025-04-13,wednesday,11:37 PM,03:37 AM,Tablet,Movie,6,4.1,1
6280d50b-08d8-42db-8681-fb26417f98f8,2025-03-13,Monday,20:06,12:06 AM,,Movie,1,4.9,0
e0902571-327b-4230-821e-eae81e652141,2025-03-16,Friday,10:18 PM,01:18 AM,moblie,Documentary,6,5.6,1
d6b7d833-a5b8-4d54-96d0-45f42fe168c9,2025-07-28,Tuesday,09:08 PM,10:08 PM,TV,Series,1,6.2,0
504e340e-3a28-42f7-acaa-738ac6ce1add,2025-06-09,monday,09:28 PM,11:28 PM,TV,Documentary,6,7.9,1
eca9aa37-661d-433b-b271-34c7f27b04e7,2025-05-17,monday,11:15 PM,12:15 AM,,Series,2,6.6,0
9b3df9b5-839b-421d-86de-47b007650ee2,2025-04-24,Monday,11:52 PM,03:52,Mobile,Series,3,6.3,0
8b691850-9fc2-4560-89d4-3a35d063ddf9,2025-08-04,tuesday,0:29,03:29 AM,moblie,Series,5,,1
a9d33122-fd47-4962-a340-95a4b259a56b,2025-08-04,wednesday,20:19,00:19,TV,Series,5,8.0,1
6fa2d8b4-810e-4453-ae4a-70cd1c217045,2025-05-06,Sunday,07:39 PM,10:39 PM,,Movie,4,5.8,1
9dfbe1d4-313a-472d-a2d6-830c57a8138b,2025-07-01,Thursday,21:31,11:31 PM,,Movie,5,5.8,1
14c0fe23-66d1-442a-a77e-37ddd4811791,2025-03-20,Thursday,21:18,00:18,Laptop,Series,6,6.7,1
8277c749-3736-474d-a937-e6141a26b093,,Saturday,10:51 PM,00:51,Laptop,Series,1,4.3,0
d1e0e04d-adc0-445d-aec6-7b71839e0f81,2025-06-05,Wednesday,22:30,01:30 AM,lptop,Movie,4,7.3,1
7dd4ffbb-6c82-42b5-8209-ae2da3032c0c,2025-04-08,Wednesday,05:03 AM,07:03,,Series,6,7.9,1
7acd3ac3-3fbd-45ff-bd51-795f8b48a17f,2025-04-23,Saturday,09:41 PM,11:41 PM,Mobile,Movie,5,6.0,1
364d3bf4-6f8b-4469-a2ab-d7d138666ad5,2025-07-30,tuesday,06:22 PM,22:22,Tablet,Movie,6,7.8,1
2ec2c662-1aef-49b8-a9b4-5d2e41729b37,2025-03-16,Sunday,01:17 AM,04:17,lptop,Series,2,7.0,0
ffccda3a-bb87-4c1c-aff1-177f11c21546,2025-02-22,monday,10:13 PM,01:13 AM,moblie,Movie,1,6.2,0
0c1b5adb-3e3e-413e-ae01-23378a3f8384,2025-05-11,wednesday,07:23 PM,23:23,moblie,Documentary,6,4.7,1
cf2ae014-3faf-4b10-9799-4cbf849a4b4d,2025-05-05,wednesday,20:54,21:54,lptop,Documentary,1,,0
8d658908-831f-49b7-9e73-72cdc59640c0,2025-06-25,monday,19:51,23:51,moblie,Documentary,3,4.6,0
4d2b0341-410b-415e-99c1-dbdd33f86dc1,,Monday,11:58 PM,02:58 AM,Laptop,Series,6,6.3,1
ff80835c-802b-4d02-9de8-980ad831f8ee,2025-05-19,Friday,20:25,22:25,TV,Series,3,6.6,0
cfb80cee-b345-49f0-898c-88749f317376,2025-02-20,Tuesday,20:47,11:47 PM,lptop,Movie,1,4.9,0
1b0c7f34-04bf-4f9f-8b92-b59e70737f74,2025-03-04,Tuesday,0:21,02:21,moblie,Movie,5,4.0,1
e8c3f96b-8748-4e8a-8943-5ca23bb3cfd5,2025-05-07,Friday,18:40,08:40 PM,moblie,Series,2,4.6,0
a5ecb1ce-3ac1-4668-81c0-3543fec1a609,2025-03-17,Sunday,19:04,23:04,Mobile,Documentary,6,5.6,1
39a8c1b9-e90a-48fd-8e73-0356996aca2d,2025-05-05,Sunday,19:54,08:54 PM,moblie,Series,3,7.0,0
3a206b98-349e-4849-970a-d6d8b3d776c5,2025-06-28,Wednesday,10:04 PM,01:04 AM,Laptop,Documentary,3,6.8,0
b282fd0a-a802-4b1b-888a-51b334682c30,2025-02-18,tuesday,10:31 PM,11:31 PM,,Movie,4,4.1,1
94a47d42-bc86-46eb-9b6d-702d29825600,2025-05-27,Friday,06:10 PM,22:10,TV,Series,5,5.8,1
560f889f-942a-488d-bbd1-47bf9b8effdb,2025-02-16,Monday,12:15 AM,01:15 AM,moblie,Movie,4,,1
d3cd9b04-f7f9-477a-aa56-05214e946ab2,2025-05-03,Friday,09:50 PM,22:50,,Movie,4,4.8,1
359403fa-6584-4d1a-9ea6-99033b2b46e9,2025-04-20,Sunday,12:31 AM,02:31,,Documentary,3,7.7,0
6c3f517f-228d-4dbd-a8ec-c8b04442b89d,2025-08-03,Monday,04:05 AM,07:05,Mobile,Series,5,4.7,1
31f66b8c-5b23-43fa-8dd3-d7726969dbd6,2025-04-10,Saturday,18:15,22:15,Mobile,Documentary,1,6.6,0
b0776f96-c216-4d86-8d2d-d542a324ca04,2025-02-15,monday,18:26,19:26,Mobile,Movie,6,7.3,1
cc99ba56-e5bb-4ac9-958d-411befd4713a,,wednesday,06:08 PM,09:08 PM,Mobile,Movie,5,4.9,1
94743833-adc7-4c25-9ec6-46e3b1dba7fc,2025-05-07,Monday,10:55 PM,00:55,,Documentary,3,5.9,0
2466d1a4-7447-4028-98c5-417c901a798a,2025-02-13,Sunday,06:40 PM,10:40 PM,,Series,1,,0
c2d0b81e-eede-4ca3-b04f-822bd9480023,2025-08-04,Monday,21:24,23:24,lptop,Documentary,1,7.3,0
2f7d9143-9f08-448a-9c44-040497c8f236,2025-05-02,wednesday,21:03,01:03 AM,Tablet,Series,1,5.6,0
d9496116-48df-4dbd-bddf-2365b84496cc,2025-02-21,Sunday,18:14,09:14 PM,Laptop,Documentary,5,7.1,1
0c3b18b8-2a07-4638-a906-70be5af47d37,2025-02-14,Saturday,23:46,02:46 AM,moblie,Series,5,7.1,1
5631b063-f122-49b0-8424-07582f84bc44,2025-07-16,monday,19:19,10:19 PM,Tablet,Documentary,5,4.3,1
dbc53014-fa06-4958-a16b-259725595e99,2025-07-19,Wednesday,23:09,03:09,TV,Series,3,7.4,0
2b5d5b21-0dd8-4818-8815-44f4f89bdee4,2025-03-03,Saturday,04:54 AM,05:54,moblie,Movie,4,5.8,1
7c9be3d7-9ff9-441c-98aa-72b675260c55,2025-03-18,Saturday,22:49,01:49 AM,TV,Documentary,3,5.4,0
19dcf39a-da96-4263-9956-8604f9784e47,2025-07-12,Saturday,18:29,08:29 PM,lptop,Documentary,5,5.7,1
26e29f2f-e012-4a20-9743-598f5b55fbe4,2025-06-17,Sunday,3:58,04:58,,Documentary,5,6.6,1
f1c2e5be-6bee-4e57-90c3-f1cac074f4bc,2025-03-06,Thursday,22:25,23:25,,Series,1,,0
35d290cd-a19c-4cf8-9ee0-c6932fcf91a0,2025-04-20,Monday,06:01 PM,22:01,TV,Series,5,5.6,1
ff42ae9e-9c6e-4916-a43e-5f6e6b6f76a4,2025-07-21,Friday,23:23,02:23,Laptop,Series,2,4.8,0
b156e4bd-0725-4872-9f4a-0c18fb00336f,2025-02-05,Thursday,21:51,11:51 PM,lptop,Series,1,4.3,0
4b9ffd63-cd8d-422f-8e05-e9d664b260f1,2025-05-20,Sunday,07:29 PM,21:29,Mobile,Series,4,7.4,1
c27dfe2a-01bb-4e41-b6c7-1eaffd116e3f,2025-05-18,Wednesday,23:50,12:50 AM,moblie,Documentary,6,4.5,1
a2e3087c-71c2-4383-aee3-69ca9023e40f,2025-05-09,Wednesday,21:12,10:12 PM,TV,Movie,3,4.0,0
88e8b80f-16ee-41cf-a2d0-4216f0075bbf,2025-03-19,Tuesday,11:28 PM,03:28 AM,Mobile,Documentary,4,6.6,1
4a7b5f29-7517-482a-9dd8-731d17a94365,2025-05-07,Sunday,06:55 PM,20:55,lptop,Movie,3,,0
8140edf4-9c37-4b52-862c-789b56ab64ba,2025-06-04,Wednesday,18:37,19:37,lptop,Movie,5,6.9,1
cf32e879-7143-4df5-8316-2f08cadaac52,2025-02-22,Wednesday,10:07 PM,11:07 PM,Laptop,Documentary,13,3.5,1
7c0d5db0-5e61-4804-8be2-094fb8eb4303,2025-02-05,monday,2:18,05:18 AM,lptop,Series,1,6.0,0
58930825-0f2f-4782-a997-4957aab2a52b,2025-06-10,Sunday,05:16 AM,08:16 AM,Laptop,Movie,1,6.2,0
fb87ed19-1eb7-4ac2-87ee-739f7a9fb8d0,2025-05-17,Saturday,20:42,00:42,Mobile,Documentary,1,4.7,0
6412a6e5-c6a4-4833-b866-1b737370c7b1,2025-08-01,Monday,03:55 AM,05:55,moblie,Documentary,4,4.6,1
9c2fa5c1-0cc8-4cb0-8152-16f0f78b4401,2025-07-28,Thursday,10:07 PM,01:07,,Movie,1,7.3,0
c26323c0-6366-4f48-8474-26e970f656ad,2025-07-06,monday,07:22 PM,20:22,Tablet,Movie,2,4.1,0
927a28b9-c3d5-4c44-980e-ab51ea3cbee0,2025-06-16,Thursday,06:12 PM,21:12,moblie,Documentary,4,5.2,1
1a6f9754-ebc7-4b60-b6ba-b12718c19848,2025-07-30,tuesday,21:42,01:42,lptop,Movie,4,5.6,1
8809e002-a003-415f-b680-4675337d46a8,2025-05-02,Thursday,08:13 PM,21:13,Mobile,Series,1,6.7,0
eaade162-a8be-4c52-bdd6-abbf81d75207,2025-02-28,Thursday,4:48,07:48 AM,,Series,1,4.3,0
48108116-c5c4-44fe-abf9-4972ad466983,2025-06-02,Friday,11:05 PM,12:05 AM,TV,Documentary,3,5.0,0
047f4103-5b32-4259-ad64-d4f88fcc43bc,2025-02-26,Monday,4:42,07:42,,Movie,4,4.6,1
0623030f-4167-44a4-be3d-8a497d47d054,2025-04-25,Wednesday,11:05 PM,03:05,,Documentary,5,6.9,1
7a708179-ea8d-431e-8d9d-258f02c3f0d7,2025-05-11,Thursday,08:07 PM,11:07 PM,Laptop,Documentary,6,6.9,1
21ee298b-fad2-4211-ad00-387e9bf85694,2025-03-24,Saturday,21:51,11:51 PM,moblie,Movie,5,5.3,1
28d4f589-28a7-42f2-b22f-c311ed07096f,2025-06-05,Thursday,06:42 PM,09:42 PM,moblie,Series,4,6.3,1
ed945b72-222f-4850-8c01-e655959bd763,2025-08-04,monday,21:58,10:58 PM,Mobile,Documentary,5,7.9,1
f8315263-3bd5-44bf-86c3-2513454161d9,2025-05-17,monday,11:41 PM,01:41 AM,Mobile,Series,6,5.6,1
e64838f5-d917-483e-a952-b31fba324519,2025-06-26,Friday,07:15 PM,10:15 PM,Tablet,Movie,1,4.6,0
dac24348-7bd0-4bad-a563-83b83507b71c,2025-02-26,Tuesday,02:51 AM,06:51,TV,Series,5,4.1,1
f3f4df11-ce90-4ea7-8a28-d8cfeac62c18,2025-03-08,tuesday,19:08,23:08,Tablet,Movie,3,5.5,0
9fe147ca-4ee3-4b8e-bb2f-0a3edfae2a5e,2025-04-24,Saturday,06:14 PM,22:14,moblie,Documentary,6,5.8,1
2ca35fbe-7463-40f0-8d9b-8d2474d0ba3b,2025-05-18,wednesday,20:26,09:26 PM,Mobile,Movie,3,6.1,0
1563241d-6cdb-41e6-8411-1c00fd135857,2025-06-09,Monday,18:02,07:02 PM,Mobile,Series,4,4.0,1
52056206-c064-4743-9523-ec8df078686c,2025-07-27,Wednesday,19:45,08:45 PM,Tablet,Series,3,,0
460b8997-fbb6-431c-9756-e64565eee12e,2025-03-10,wednesday,01:28 AM,03:28,Mobile,Series,4,5.2,1
96c771ff-8500-465c-8ea0-11dad8abee80,2025-02-16,Monday,08:22 PM,11:22 PM,Tablet,Documentary,5,4.6,1
79e8ace8-6b19-4f47-8c04-177c0118d140,2025-06-19,Saturday,07:23 PM,20:23,TV,Documentary,3,5.9,0
cb909d1b-59ba-41bb-b09e-74d167a6c35e,2025-04-27,Tuesday,05:52 AM,07:52,lptop,Series,14,2.7,1
aa07e366-f729-45d4-b850-34094bc00188,2025-07-11,Wednesday,18:26,08:26 PM,lptop,Documentary,1,5.8,0
0d0c9744-1186-440c-9403-83613e04a665,2025-06-29,Wednesday,09:37 PM,00:37,moblie,Documentary,4,4.8,1
312502d5-6989-4109-8e9a-d548bd05be86,2025-06-01,Saturday,1:39,04:39,Laptop,Series,4,6.7,1
e5899da0-9768-4273-acf7-0c8be23b018e,2025-06-29,Saturday,1:10,05:10 AM,,Movie,2,5.0,0
b6abe9a4-4944-457f-9d51-8ca66b81c7ff,2025-07-04,Tuesday,22:26,02:26 AM,TV,Movie,6,4.6,1
1914deaa-7917-46b1-8136-dd190b2ed4db,2025-05-03,Wednesday,21:51,23:51,Laptop,Series,3,5.6,0
a28f0a66-5ba4-4249-ae82-f25dfccfd667,2025-07-04,wednesday,11:18 PM,02:18 AM,Laptop,Movie,4,7.2,1
33dc8b89-6886-4968-b681-8981efe2286d,2025-06-06,Sunday,10:35 PM,00:35,Mobile,Documentary,1,6.7,0
73c25c68-640f-4406-8c55-f3804c6a24c9,2025-04-03,Monday,22:25,02:25,Laptop,Documentary,1,7.8,0
3cc5e2e4-40c1-4e3a-bfd0-d4d07e5f5a1d,2025-07-20,Monday,18:01,09:01 PM,Mobile,Movie,5,4.5,1
b9f5820b-07e1-40d2-be37-cabb09c55a15,2025-07-16,monday,21:26,01:26 AM,TV,Movie,6,6.6,1
c0190411-59ff-4272-9b44-ed1462f61691,2025-02-07,Wednesday,08:03 PM,00:03,TV,Documentary,6,4.2,1
f8ca02af-e347-4220-85d8-c78e95b07709,,Wednesday,09:23 PM,01:23,TV,Documentary,3,5.0,0
dfb1a5a4-9f40-48e9-99d7-a77c5e129f59,2025-06-09,Thursday,18:19,07:19 PM,,Documentary,3,6.8,0
cf45a92d-61dd-483b-a74c-ddcdb0c70266,2025-02-21,Monday,21:51,11:51 PM,Mobile,Movie,3,7.6,0
89f4c47d-e24f-4eba-acf6-442d36fc0943,2025-07-09,Wednesday,04:06 AM,06:06,moblie,Movie,3,5.5,0
6b7f768f-4439-4812-965f-90f7324cf7ef,2025-05-22,monday,11:40 PM,01:40,lptop,Documentary,2,5.1,0
6c76e88e-be15-40af-bfff-ee7ebcc7b7c6,2025-07-30,Sunday,1:55,05:55 AM,,Movie,3,7.3,0
3db30951-f289-4c94-b447-b74614c3bc1f,2025-07-30,Wednesday,10:24 PM,00:24,Laptop,Movie,6,4.1,1
8fb9dc7a-3932-4396-993f-33e0a3070c7e,2025-08-04,Saturday,11:06 PM,01:06,TV,Series,3,7.5,0
d0ec5d37-fb6b-43f7-8b4c-5dc3f4dd492d,2025-05-31,Sunday,23:22,02:22,moblie,Documentary,3,4.4,0
77e65862-0725-40c7-8a54-61f36c9755c7,2025-04-27,Monday,4:29,05:29,lptop,Documentary,2,4.3,0
5662f924-6df7-41a6-949a-9b7818e53af6,2025-04-07,wednesday,19:31,11:31 PM,TV,Movie,3,5.9,0
caa7cf7f-4e10-4bb9-ae47-b7d88fbf9d9b,2025-07-14,Friday,20:52,21:52,Tablet,Movie,4,4.7,1
36d2346b-0b4d-4f61-8cb8-e9b250783d74,2025-07-03,Thursday,07:07 PM,11:07 PM,Laptop,Series,5,6.9,1
181b4907-0d2c-45bd-be10-ff8f8b52081a,2025-05-12,wednesday,01:23 AM,02:23 AM,moblie,Documentary,4,5.5,1
35f697a3-93be-4b73-9067-f3fb989a5955,2025-02-14,monday,11:09 PM,03:09 AM,,Movie,5,7.6,1
993f26c5-27c6-4fdb-bdac-88e57bdd315a,,Friday,10:13 PM,12:13 AM,TV,Series,6,6.9,1
04816f84-865d-49be-9587-5814a929bb4b,2025-02-21,Wednesday,10:14 PM,23:14,Tablet,Series,5,4.3,1
4da654a4-4a5a-4066-ac1a-bab5307f71e5,2025-02-22,Wednesday,06:08 PM,07:08 PM,,Documentary,2,6.4,0
6b2e2e9a-388b-4d5a-8c45-6df1ba4efc95,2025-08-05,Friday,06:21 PM,21:21,Mobile,Movie,2,4.7,0
915ef060-c41a-4325-a7dd-1c73a9a54bce,2025-05-17,Wednesday,11:05 PM,03:05,lptop,Series,5,5.1,1
3985c83f-2d1a-4cd7-aec3-a55d1122d526,2025-08-01,Saturday,07:29 PM,20:29,TV,Documentary,1,6.0,0
e6cbef92-7e90-42ec-b2a1-d4f959c44032,2025-05-02,wednesday,21:42,00:42,Tablet,Documentary,5,7.3,1
9df8a094-ca3c-4548-9c4d-86efd1b6177b,2025-03-29,Tuesday,19:29,10:29 PM,Mobile,Documentary,14,3.5,1
9c76bede-260e-420a-ab46-8cda41394059,2025-05-10,Thursday,10:44 PM,01:44,TV,Documentary,4,4.3,1
777655e9-07f2-4662-a13e-b06f81a22238,2025-07-08,Monday,22:33,01:33 AM,lptop,Movie,6,7.4,1
16955b6e-b4a7-412f-a150-a78f8c2f7415,2025-02-16,Sunday,09:35 PM,01:35 AM,Tablet,Documentary,6,6.8,1
48d16d65-10d2-4434-88dd-17305145c03d,2025-04-23,Friday,09:32 PM,23:32,Mobile,Movie,2,5.0,0
af1a8168-cbe3-49af-a0d8-42b411a82768,2025-05-24,tuesday,2:58,05:58 AM,,Series,3,6.1,0
84987174-780e-41d4-8971-ca8b7118f642,2025-02-21,tuesday,05:36 AM,06:36 AM,Mobile,Movie,3,7.8,0
ad61c8b7-9089-4bd5-a3ac-4654f33d7319,2025-07-14,Friday,21:14,11:14 PM,Mobile,Movie,1,7.5,0
ebdd9da3-5f2d-40ce-b647-3db3e01ad26f,,wednesday,21:46,00:46,lptop,Series,4,6.4,1
d84b092d-6dbd-4934-9eab-774a9833c718,2025-07-21,Monday,21:16,11:16 PM,,Series,3,6.3,0
9599da0e-b384-4cf7-a2d5-61f2d05624e5,2025-02-07,Friday,05:14 AM,07:14,Laptop,Movie,3,6.4,0
871b534d-b275-45b9-ba28-cf7392cf3ce7,2025-06-25,Sunday,20:09,10:09 PM,Mobile,Series,4,7.4,1
a5971bfb-fce9-4a83-b936-e2eab4144777,2025-03-15,Monday,18:33,10:33 PM,lptop,Movie,4,7.2,1
0faaf402-2b8f-45fc-a7d1-daa98bca6900,,Wednesday,11:42 PM,12:42 AM,Laptop,Movie,1,4.5,0
8113303f-9f86-489a-90d8-f39ea142d560,2025-03-22,Tuesday,03:59 AM,04:59 AM,lptop,Documentary,1,5.4,0
dc727d8d-3174-43ee-bc0f-f4eb5f1fa3b4,2025-07-30,Thursday,11:09 PM,02:09 AM,Laptop,Documentary,2,5.1,0
6a1dc15a-7edc-494a-b4fc-905d34ea25b5,2025-04-30,Friday,19:06,21:06,moblie,Series,4,4.5,1
31fd1ba5-0b24-4d06-a415-23f914335670,2025-03-19,Saturday,06:19 PM,07:19 PM,,Movie,2,6.1,0
9e22ca9f-51e6-4151-92ea-3c243e1078f8,2025-03-24,Thursday,18:37,21:37,,Documentary,3,6.7,0
5e1e2da5-a5f9-42e7-9780-d8f8e471f9ef,2025-06-02,Saturday,19:34,11:34 PM,lptop,Movie,6,4.1,1
735851db-4105-49ff-b104-5ff9d9970e1c,2025-02-26,Friday,10:17 PM,12:17 AM,Laptop,Series,2,7.2,0
73dde197-e15b-4872-a374-d83f30a2a69e,2025-07-05,Monday,09:05 PM,23:05,Tablet,Documentary,2,5.2,0
c96ab01f-b6d5-4c4d-bb1a-a87a08869a48,2025-07-01,Saturday,07:08 PM,22:08,moblie,Documentary,2,6.1,0
ee6902ef-21c6-4f38-89df-35b7ce9ec3da,2025-04-21,Monday,21:26,12:26 AM,,Movie,3,5.5,0
00d6e127-488b-4476-8dd5-1354a36996e9,2025-05-07,Friday,18:22,21:22,Mobile,Documentary,6,,1
91516506-37c9-4e91-8d70-524c5365f4dd,2025-05-05,Saturday,22:42,01:42,moblie,Movie,1,4.6,0
6ad2d384-8dc6-44d5-aad7-8be5800506fd,2025-03-17,wednesday,21:32,11:32 PM,Tablet,Movie,5,6.9,1
516f9ddf-1d9b-448e-b42d-8e2e76fb95ce,2025-06-09,Monday,22:00,00:00,TV,Movie,1,4.6,0
52c42e40-8323-46d2-9c27-17c628f05bc5,2025-07-28,wednesday,20:06,00:06,moblie,Documentary,1,6.2,0
1824bc95-c0c1-492e-9ed0-cf10e464233e,2025-06-16,wednesday,11:17 PM,00:17,Laptop,Documentary,4,5.1,1
47f0aee7-24e1-40c9-a0c9-df0b58780ba0,,tuesday,06:11 PM,10:11 PM,moblie,Documentary,6,4.5,1
fd876de1-6c20-40f9-8fe9-c0dbeefbed68,2025-04-21,Thursday,23:20,03:20,Tablet,Series,6,7.3,1
619bcd71-998d-4525-b45e-f116cdaa89af,2025-06-26,Monday,10:43 PM,01:43 AM,,Documentary,6,4.4,1
e551023d-a3ae-447b-aa2e-ec1695512f79,2025-06-20,monday,23:37,00:37,Tablet,Documentary,5,5.2,1
e7843316-1a63-4190-917e-f1519ccd15bc,2025-04-22,tuesday,11:41 PM,01:41 AM,Laptop,Documentary,6,6.4,1
478099d1-c0ff-43ff-a7b4-133490a920db,2025-07-09,Wednesday,06:10 PM,22:10,TV,Movie,4,5.9,1
538b766f-579a-4265-a397-ff2375ca0e0a,2025-06-15,Sunday,03:39 AM,05:39 AM,,Movie,15,3.8,1
c54cdf54-6989-4471-99e2-4f380f05c33a,2025-04-25,Thursday,04:54 AM,06:54,,Documentary,2,5.6,0
6b8c1c0d-7b7d-417e-bb95-256735c257bd,2025-03-24,Tuesday,10:09 PM,01:09 AM,Tablet,Movie,2,6.0,0
803e82c0-3d29-4df9-ad3d-34b6a6466e0c,2025-08-01,monday,10:59 PM,23:59,lptop,Movie,2,7.5,0
4d9b61c9-c8c7-48b3-ac7b-3285f879b1d5,2025-06-26,wednesday,11:09 PM,02:09,,Documentary,6,4.1,1
31722676-4da3-4b8c-b7d3-8dba1003fa51,2025-05-31,monday,09:04 PM,00:04,,Series,6,5.1,1
cbf48df0-3488-45ab-b7ee-401385182810,2025-04-27,Tuesday,08:34 PM,11:34 PM,Mobile,Movie,6,6.5,1
4b2069d3-7fad-4e89-ae21-39be6b7ce103,2025-04-06,Sunday,11:48 PM,02:48,Laptop,Series,2,4.4,0
a7303bbc-b30f-4812-b1eb-0fb24a6f349e,2025-07-22,Tuesday,23:18,03:18,,Movie,5,7.8,1
62536ece-00f4-4c45-9031-f9db7e9242b3,2025-02-10,Tuesday,08:57 PM,23:57,Tablet,Documentary,2,5.0,0
267010af-4523-44f7-a74f-052bc1acf8fa,2025-06-02,wednesday,08:25 PM,09:25 PM,moblie,Documentary,1,6.0,0
5c597531-9fbc-4831-87fd-9af8b4bd6197,2025-07-28,wednesday,21:00,11:00 PM,Tablet,Movie,5,4.4,1
b64ff620-bb9f-45b5-a280-e3b3f23243c9,2025-05-02,Thursday,03:24 AM,04:24,Mobile,Series,1,7.9,0
972c766a-ee56-4068-9a6f-0ed096fd8d8b,,Wednesday,12:05 AM,03:05 AM,Mobile,Series,4,4.1,1
18159a5e-eaa4-4754-a1fa-cced2c720b0e,2025-05-30,tuesday,09:36 PM,00:36,lptop,Series,6,4.1,1
c29ef603-e03b-4bbc-97a7-6769ba852ea0,2025-03-28,Monday,06:26 PM,07:26 PM,,Documentary,2,6.9,0
3bda1f96-7673-421d-bcff-6df17eadeff3,2025-05-25,Sunday,05:04 AM,07:04 AM,lptop,Series,5,4.5,1
a3ec877f-9ce1-4835-97b6-1a6cfbb28214,2025-05-09,Wednesday,06:52 PM,21:52,lptop,Series,3,7.2,0
744240e3-461d-4035-a29b-469e20340d7b,2025-02-16,Friday,20:36,00:36,Laptop,Series,2,5.8,0
6b050b05-5e25-48ed-9307-8d3cf742662d,,Monday,08:49 PM,12:49 AM,moblie,Movie,1,7.8,0
7a4b7294-26b8-4cdc-b7aa-a32b3fec7ffa,2025-05-01,tuesday,23:46,01:46,Laptop,Series,5,4.8,1
88626a75-12db-475f-ab52-58c91f1a8ecf,2025-07-23,Friday,23:28,03:28,lptop,Series,10,,1
5499dce9-ce4b-441f-9aac-e961e3ab34d5,2025-03-28,wednesday,19:08,20:08,Tablet,Movie,4,5.5,1
03452ce5-5968-4aa9-9b7a-2fffa67de837,2025-07-01,Tuesday,02:18 AM,04:18 AM,Laptop,Movie,4,8.0,1
3ab9c85c-f135-4209-86ff-fa2bd819d4bc,2025-04-03,wednesday,4:42,06:42,lptop,Documentary,1,7.1,0
4e7bcec2-47ac-4349-b0c5-dd4fa11574cd,2025-06-18,Wednesday,11:40 PM,12:40 AM,,Series,6,5.9,1
2949f4b7-0452-48bf-a003-a3c6f6b854c6,2025-05-30,monday,1:01,05:01 AM,TV,Documentary,6,5.6,1
11cbdc4e-4be4-4cd2-bee2-dd7b9521e9cd,2025-05-15,Thursday,11:25 PM,03:25,moblie,Series,1,4.6,0
09a1822e-0422-40e6-8adb-32dad5c3dbea,2025-05-10,Sunday,08:52 PM,10:52 PM,TV,Documentary,3,6.3,0
648bf3a2-14d9-475d-ae7a-9ec00ef5699b,2025-05-02,Sunday,19:20,11:20 PM,moblie,Movie,6,5.7,1
5efa99a4-4116-4d64-9540-520fe3ad802d,2025-04-29,tuesday,10:35 PM,11:35 PM,Mobile,Movie,4,6.1,1
eaacaa27-bd67-468e-94da-86acb5110961,2025-02-21,Tuesday,06:57 PM,20:57,TV,Series,4,7.7,1
6ce711de-a840-41d5-931c-41e2b525b20f,2025-04-20,Saturday,19:29,20:29,Tablet,Documentary,4,7.3,1
bc00dd5d-c92b-4a7a-b921-8470b788b997,,Wednesday,06:04 PM,08:04 PM,Laptop,Movie,5,5.5,1
562f5910-c236-447c-a1e5-c39f3eca646e,2025-02-06,Sunday,22:02,11:02 PM,,Series,5,4.3,1
2f95d48b-e8f1-4b9e-864b-33e5e1a60bf6,2025-07-09,Tuesday,10:27 PM,11:27 PM,Laptop,Series,1,4.3,0
8ee73d87-714d-4b19-a795-e53c3d8a3d81,2025-08-06,Monday,12:53 AM,04:53,Mobile,Series,2,,0
4df43d8e-493a-4e0c-94c0-8d53831ff32b,2025-06-06,wednesday,21:58,22:58,Tablet,Documentary,1,5.7,0
a0fd506f-945a-4ba5-b253-65eea09bcb43,2025-04-04,Friday,20:58,21:58,,Documentary,4,4.2,1
beb656c4-c1cd-4945-9dac-5c041cfef27e,2025-07-14,tuesday,06:19 PM,08:19 PM,TV,Series,6,4.8,1
9f6380d1-af3b-4ffd-933e-960633c34617,2025-07-30,Thursday,09:45 PM,12:45 AM,Laptop,Movie,4,6.8,1
4c7f37ce-8f54-4230-9f73-26545a5421af,2025-06-25,Friday,22:13,12:13 AM,TV,Movie,1,,0
f4b6e13f-afdd-49c7-b1eb-4cf4167c666e,2025-07-20,tuesday,09:43 PM,01:43 AM,moblie,Documentary,3,5.2,0
303094f3-59f6-46d6-afd3-56a33575de08,2025-06-12,Sunday,23:43,12:43 AM,TV,Movie,1,6.7,0
2cc97898-a3e4-4ff5-9229-5c69fae11c0d,2025-02-16,Wednesday,23:07,01:07,Tablet,Series,3,7.3,0
3d528e6e-6f06-4e55-8eb1-78cf18b46672,2025-05-06,Monday,09:07 PM,23:07,,Documentary,4,5.3,1
d2195530-4b3f-4c75-bfac-d3a45cdfa3e7,2025-03-01,tuesday,11:08 PM,12:08 AM,lptop,Movie,2,4.7,0
b3b7d8bd-48f9-4123-97fa-95c59ecc43cc,2025-05-07,Saturday,21:13,10:13 PM,,Movie,6,5.3,1
ae2b08f0-8a6d-4f84-9c23-517cd834320b,2025-05-16,Friday,18:13,21:13,,Documentary,5,7.6,1
387312bd-c659-4fbf-acf7-3e2d79aaae6e,2025-07-02,monday,22:50,23:50,lptop,Documentary,5,7.7,1
e7390fad-f670-494e-96e6-b6eebe0e25c7,2025-05-18,Thursday,09:12 PM,00:12,TV,Documentary,6,7.6,1
69406084-25aa-4976-bbfd-93d24d553cb7,2025-06-04,Saturday,10:38 PM,11:38 PM,TV,Documentary,3,4.4,0
06bdd388-d459-4024-88ad-848a2ce0b98c,2025-05-21,Thursday,11:39 PM,03:39,moblie,Documentary,2,6.5,0
7daa6ff8-7cc7-44fd-928c-36e797a8a4c6,2025-06-01,monday,06:33 PM,19:33,Tablet,Documentary,1,5.8,0
648795ac-667d-4293-9182-86014942b207,2025-03-21,monday,10:44 PM,02:44,moblie,Documentary,4,6.1,1
68327241-e18c-41f2-84eb-91d18aff7e12,2025-03-07,Saturday,11:51 PM,00:51,lptop,Series,4,7.0,1
804add8b-3e77-4960-8cb8-66b609d5f047,2025-06-25,Sunday,1:45,03:45 AM,Mobile,Documentary,3,6.4,0
0dc9269a-5d9f-45fc-8e79-1abefd9fe26c,2025-07-07,tuesday,12:00 AM,02:00 AM,Mobile,Documentary,3,5.1,0
c42eee47-6445-4e80-abf1-0a4e1b259737,2025-06-16,Monday,07:19 PM,08:19 PM,TV,Documentary,6,5.2,1
84a9a051-91c6-466d-8e36-c0debd13ed6d,2025-04-25,Wednesday,10:45 PM,23:45,moblie,Documentary,4,6.5,1
ace04c79-0c28-4f7f-9c46-401f0fd75563,2025-05-11,wednesday,19:03,10:03 PM,TV,Series,4,6.0,1
cfee03ae-7343-4b4f-9611-9d27bd3d5f36,2025-05-21,monday,18:57,22:57,moblie,Movie,4,7.8,1
f4889f96-787a-4418-9daa-328e4b94e957,2025-04-04,Saturday,4:21,08:21 AM,Tablet,Series,5,,1
4b60dea0-311d-48de-bd85-a0d7d6506a1f,,monday,22:23,01:23 AM,Tablet,Movie,5,7.8,1
1502da5a-e3f4-4c0b-a0fb-06f3ff7a3589,2025-05-09,tuesday,03:12 AM,06:12,,Documentary,3,6.9,0
62a3b503-5250-465c-8c9e-95cc6e2dc542,2025-02-05,Sunday,09:29 PM,11:29 PM,TV,Series,6,7.7,1
5c434c53-f22b-48d5-be8d-12a3821599ee,2025-03-03,wednesday,18:10,19:10,Tablet,Series,5,7.9,1
39640964-b334-457c-9b88-5b4a388192a3,2025-06-27,wednesday,18:47,22:47,TV,Documentary,6,7.7,1
9479b3cb-c45d-48f1-b366-574fcc046d73,2025-05-25,Friday,20:42,12:42 AM,lptop,Documentary,3,6.8,0
189281f8-155b-41d0-aff2-c270153f4766,2025-03-31,Saturday,02:15 AM,03:15,,Movie,5,8.0,1
9604282e-8bcb-4bd6-b262-e17a3af599e6,2025-04-07,Friday,5:00,06:00 AM,,Series,1,4.8,0
1dfec9a6-05f0-4fc3-b9ed-3125dab13bba,2025-07-09,tuesday,22:09,01:09 AM,Mobile,Movie,1,4.7,0
b6d27eb5-50a5-4c5b-99c6-8e5368e22b11,2025-06-17,tuesday,2:32,03:32,Tablet,Series,5,4.9,1
3082246b-cae7-4e9b-80c7-0fe834da33ee,2025-02-10,monday,09:50 PM,23:50,Laptop,Documentary,4,7.6,1
4224fad0-7780-48d5-ae26-8acdc28419f9,2025-02-18,Tuesday,12:48 AM,04:48,Mobile,Series,6,5.2,1
8cdafe14-db2b-4739-a653-087ff6dea17e,2025-04-24,Monday,09:14 PM,11:14 PM,Laptop,Movie,1,4.4,0
4210466f-600e-4839-a5b5-3646c4e0c18f,2025-07-20,Tuesday,07:41 PM,08:41 PM,,Movie,4,6.1,1
9ab7c386-79cc-4a7a-9508-38d6b0b12531,2025-06-25,Friday,06:49 PM,09:49 PM,moblie,Series,4,5.2,1
74aac9dc-9299-4734-a47e-87778151fbfc,2025-05-08,Sunday,5:26,07:26 AM,Laptop,Series,2,4.1,0
f10f9586-f159-4a45-be94-ef0f51f47adf,2025-07-18,monday,09:51 PM,01:51 AM,,Series,6,7.7,1
11da345b-dff7-4531-83cb-8640eb8ff82b,2025-04-05,Tuesday,19:49,08:49 PM,moblie,Series,2,4.7,0
eeb31e9c-0859-4334-9a2a-c622fd3517fe,2025-05-01,wednesday,11:16 PM,03:16,TV,Movie,2,5.7,0
e9f84749-d6a1-443d-93b8-d1e7c701400b,2025-02-26,monday,21:16,01:16,Tablet,Movie,6,6.5,1
615fb86e-c1e9-4444-b7b3-7288d3e21f4b,2025-02-20,tuesday,08:29 PM,23:29,Laptop,Movie,1,5.8,0
711f4032-d665-4e2b-98ff-e29c01caaffd,2025-03-25,Thursday,04:59 AM,06:59 AM,,Movie,3,7.5,0
baa5e2ed-65b4-45a6-9098-3906e090d6bd,2025-05-27,monday,06:35 PM,07:35 PM,Mobile,Series,6,4.6,1
d75575a7-779d-4f00-be3c-df5d06d03b02,2025-02-20,Tuesday,22:30,01:30,,Series,4,5.0,1
2be03bf7-3cc8-4b48-887f-5bceb0630f3e,2025-03-24,tuesday,21:40,12:40 AM,Mobile,Series,4,5.2,1
74c03c2f-980b-4303-9ae0-42189ae64319,2025-02-24,wednesday,05:07 AM,08:07 AM,Mobile,Documentary,3,4.8,0
d2fef4c4-e59a-4909-aba2-e5663f83cbc8,2025-06-27,Thursday,06:01 PM,19:01,Tablet,Documentary,1,5.6,0
475c0de9-7ff0-479f-a553-39e88ad749d3,,Sunday,21:32,00:32,,Series,4,4.2,1
24f76ba6-fffd-4f4a-9f3f-7acce7fba434,2025-06-30,Saturday,08:42 PM,22:42,Mobile,Movie,6,6.3,1
79cec62d-09f6-4439-a76e-a1b99e0435b9,2025-07-03,Friday,09:38 PM,10:38 PM,Tablet,Movie,6,5.5,1
7ffcc268-fab7-49d8-8084-0b4c079572a2,2025-05-30,tuesday,11:25 PM,02:25 AM,Mobile,Documentary,1,6.7,0
77b69a6f-f1d7-482e-9a07-df3d0cad5f4f,2025-04-15,wednesday,18:43,10:43 PM,Mobile,Documentary,2,5.8,0
fc468c15-0317-41f9-8f3b-9fc59a20a353,2025-03-19,Tuesday,02:32 AM,04:32,Laptop,Movie,4,8.0,1
c10d9d2b-1956-405c-9dd2-57bb9c120ebd,2025-06-23,Tuesday,02:47 AM,04:47,Mobile,Movie,3,6.2,0
4133d847-7a01-4dab-92bc-e5f8bc3f94d8,,Sunday,22:11,02:11,,Documentary,2,7.2,0
b5132b78-646b-47cf-a535-663a9a90e427,2025-07-13,Tuesday,19:31,22:31,TV,Series,12,2.2,1
9aa21fd5-af24-4335-bef5-ac43733549d4,2025-06-18,Friday,21:21,10:21 PM,TV,Documentary,4,6.9,1
7a3cbed2-f513-4598-aef2-2eb4535cda49,,Saturday,07:07 PM,09:07 PM,Mobile,Movie,6,6.4,1
f30a6888-dc93-46ef-9e53-b5d0823432bc,2025-06-13,tuesday,22:58,11:58 PM,lptop,Series,4,7.0,1
ff55f0d4-20bd-486f-a6b8-a6797318721a,2025-03-28,Sunday,11:42 PM,12:42 AM,TV,Series,2,7.1,0
1d251111-02c6-4585-bfb3-77784f9a9590,2025-04-22,Wednesday,23:33,01:33,Tablet,Documentary,2,6.3,0
30d33e22-c4da-42f8-a2a2-985e6e12b701,2025-04-18,Tuesday,09:01 PM,00:01,Mobile,Movie,4,7.6,1
e44adfb0-a348-4d97-9995-a9abfa92c2c7,2025-04-23,monday,22:26,12:26 AM,Laptop,Documentary,6,7.3,1
e03552c6-6a27-4084-bd5d-86ac688f5333,2025-07-23,monday,09:06 PM,23:06,moblie,Movie,6,5.5,1
e3b8b681-84ec-4694-8dcb-4040c8cd1702,2025-02-16,wednesday,4:46,05:46 AM,TV,Series,4,4.2,1
932feeb1-4e97-42d2-94c6-1e5bb458586d,2025-03-20,Monday,09:56 PM,12:56 AM,Laptop,Movie,3,6.2,0
7493e166-6fc5-42da-b760-f0dcd903d56b,2025-05-21,Thursday,08:14 PM,11:14 PM,Mobile,Series,5,6.2,1
98fb8d50-a3ec-4406-bb27-a6b47bf130f0,2025-07-25,Friday,20:46,10:46 PM,Mobile,Series,6,6.0,1
6fd62669-9893-4942-b692-eb2d937b1eeb,2025-02-15,Saturday,07:10 PM,22:10,moblie,Documentary,1,7.7,0
aa165756-13f5-4953-8231-193ffa76d412,2025-04-17,tuesday,21:07,10:07 PM,lptop,Movie,6,6.7,1
a3700baa-5acc-49b1-8a80-ae489a617431,,Sunday,11:42 PM,00:42,,Series,6,5.8,1
7ddf5ddd-ef0d-4135-bda8-80692fb15228,2025-03-24,Thursday,12:10 AM,02:10 AM,Mobile,Documentary,1,4.7,0
65982326-bf2d-4edf-ac55-63ee2e859ce3,2025-03-19,Wednesday,21:16,00:16,Mobile,Series,6,4.0,1
abfc6ab2-c6d1-4cdd-b51f-bea14e200924,2025-03-28,Friday,11:02 PM,00:02,lptop,Documentary,2,7.8,0
fa01c433-96a1-4bce-92ec-862023d0b0bd,2025-03-26,wednesday,23:01,03:01,Mobile,Documentary,3,6.7,0
16b44bd3-08c3-425c-aedd-fb9161669ac1,,tuesday,23:23,02:23 AM,,Series,1,6.9,0
e1dec9aa-559c-4b07-9e48-fb35000ee514,2025-06-08,Saturday,09:29 PM,11:29 PM,lptop,Documentary,1,4.7,0
e2a4a37b-8170-450d-a738-eaabbd5696ce,2025-07-26,Thursday,18:16,21:16,Laptop,Series,3,6.9,0
fd0f87af-bcfa-4528-8e69-e551e992889e,,Tuesday,03:00 AM,05:00,Laptop,Movie,5,,1
222e4cac-38cd-4e39-a02b-329cdd508c78,2025-02-26,Sunday,19:45,21:45,moblie,Movie,1,7.6,0
ea9eec41-258b-4d8d-9e1b-e27914c9ad97,2025-08-05,Sunday,10:09 PM,01:09,,Series,4,5.9,1
4680c790-50a6-4661-aede-de814cc76822,2025-02-12,Saturday,0:32,04:32 AM,Laptop,Series,3,7.8,0
95beaf63-dce8-4796-9cc1-3a939b257c3d,2025-05-12,tuesday,22:33,02:33,TV,Series,6,4.3,1
41215a66-5199-415e-8e2d-128a7e1d8d45,2025-07-27,Saturday,19:16,20:16,Laptop,Documentary,3,4.3,0
1f79a942-55ae-4253-908d-c9d10a7c4fc6,2025-06-06,tuesday,10:40 PM,23:40,lptop,Documentary,2,6.5,0
807f512d-d340-4c40-bc2e-5035af3165e4,2025-07-12,monday,22:02,02:02 AM,Laptop,Documentary,3,6.5,0
acd5ef9c-3bad-4907-a739-fa70ced42fc0,,Tuesday,08:36 PM,23:36,Mobile,Documentary,6,7.0,1
b5a534b8-575d-46b6-8a61-c039a71bb8ef,2025-04-09,monday,07:29 PM,23:29,Tablet,Series,13,2.6,1
ee61c7f5-fc5a-4a32-aa0b-3f268b3e379d,2025-02-09,Thursday,19:06,23:06,Mobile,Documentary,2,5.9,0
7eba1f4d-318d-4a4e-af38-b68889528bc7,2025-08-01,Wednesday,21:04,23:04,moblie,Series,2,4.4,0
d84cd9ea-6126-428b-aa6d-3d87fbca2be2,2025-06-10,Friday,4:50,08:50,lptop,Series,5,4.6,1
879c7f7b-0d36-488f-b4b1-b36bc0e06709,2025-05-27,tuesday,19:44,21:44,Tablet,Documentary,6,7.2,1
6cc63ba0-150d-4e5e-8312-8c456bcbaf18,,wednesday,07:59 PM,23:59,Mobile,Documentary,1,4.7,0
0bcd009f-6135-4e6f-b9cd-0457bf639aa7,2025-02-10,wednesday,21:22,23:22,lptop,Movie,2,7.2,0
7d19530c-ed69-4872-a680-1329999db6d7,2025-04-19,Thursday,09:56 PM,01:56,lptop,Movie,5,4.4,1
8714e80b-8b55-49f7-b397-8dc10f0ec041,2025-07-16,Wednesday,06:32 PM,09:32 PM,Mobile,Series,3,7.3,0
fa669b03-b123-4ccf-b9bb-e6b7d1608d96,2025-03-22,Sunday,20:31,09:31 PM,lptop,Series,4,6.3,1
304985be-b041-447d-b447-6e40e515076d,2025-03-10,Wednesday,07:51 PM,11:51 PM,lptop,Documentary,2,7.7,0
95a07ee3-bcbe-4213-b556-22ba73db92fc,2025-06-02,tuesday,20:19,23:19,TV,Series,3,6.3,0
0f162885-b5fc-460f-97da-569b6647c756,2025-04-15,Saturday,08:10 PM,21:10,Laptop,Documentary,2,4.1,0
6a41ead7-c573-44de-8e63-4baf89f44e3e,2025-03-25,wednesday,18:28,20:28,TV,Movie,6,5.0,1
0bddf7d9-a7ae-4a6b-9b8e-b4de1824bec7,2025-03-29,Saturday,10:24 PM,01:24,lptop,Documentary,3,5.6,0
ddd2980b-c5e5-44be-85fd-d60f078f5a45,2025-07-05,monday,06:32 PM,22:32,Tablet,Movie,2,5.0,0
8e84bf07-4136-40ae-a698-7853cb70e00c,2025-06-22,Saturday,23:46,03:46 AM,Laptop,Series,2,7.5,0
91570f57-898a-4646-a6a0-5fac924fa9b2,2025-05-28,Sunday,11:21 PM,12:21 AM,TV,Series,4,7.8,1
b6b9a539-62f8-4ca5-8567-33a0e8083c4c,2025-07-17,Friday,09:49 PM,10:49 PM,moblie,Series,4,4.6,1
8f8f8128-f4a2-41c0-82c8-deed9edc2aa0,2025-06-25,Wednesday,07:36 PM,11:36 PM,TV,Series,1,5.4,0
9cf99524-7951-47ec-8ccb-5c64ee2aeb0a,2025-05-24,Sunday,23:55,00:55,,Movie,3,5.0,0
b5e8d90d-e3fd-486f-9d9b-8636304717bc,2025-07-23,wednesday,01:51 AM,03:51 AM,,Documentary,4,5.2,1
9a9f72c1-ac67-40cc-a018-d097686b0709,2025-03-27,Friday,5:27,07:27 AM,Laptop,Movie,4,6.4,1
0fe456b3-2b01-450c-9da3-74f9cfb81ca3,2025-06-28,monday,02:18 AM,05:18,Tablet,Documentary,2,4.5,0
daa44296-6ee8-4480-85bb-39ec2c81e22c,,Thursday,10:07 PM,01:07 AM,moblie,Series,1,6.1,0
cb088d0d-61f4-4f86-be8d-b4c8b88e20eb,2025-02-28,tuesday,21:47,23:47,Laptop,Movie,1,4.6,0
072316a9-dbb8-4b38-b29e-a99795ff6568,2025-06-02,Saturday,19:06,20:06,Tablet,Documentary,1,6.0,0
534eb5fc-2198-43a2-b082-74321915771a,2025-05-10,tuesday,10:57 PM,02:57,,Movie,6,5.2,1
dfa4d31d-1c61-4fe7-a810-2fe297186d7a,2025-04-06,Wednesday,10:46 PM,00:46,Tablet,Documentary,6,6.7,1
ab421d6d-4eba-4b68-a027-a2d9e04f3b80,2025-04-24,wednesday,21:19,01:19 AM,moblie,Movie,6,5.7,1
c8362083-69f1-4ba8-b70d-a7648c5800ee,2025-02-22,monday,2:41,04:41,Laptop,Documentary,5,5.6,1
28f5d746-13e1-40d4-bb66-e0a860704156,2025-04-28,Wednesday,06:18 PM,21:18,,Series,1,4.2,0
e14b9fb1-7a34-4d28-ad54-2f842486ff78,2025-03-29,Sunday,5:21,09:21 AM,Tablet,Movie,1,5.8,0
576882b1-f1c2-455a-af5e-ed8ccc97fc05,2025-07-19,Thursday,19:45,10:45 PM,lptop,Documentary,4,7.7,1
2adfab54-d205-4be4-b556-b94e8502fb86,2025-04-25,Thursday,23:35,12:35 AM,Mobile,Movie,1,8.0,0
c6b093a7-d048-47ff-a3c4-459fa0e423b4,2025-02-21,monday,23:12,01:12,Mobile,Documentary,5,5.5,1
641a84ad-d848-4a88-8b5d-1b5126b6f192,2025-03-16,Wednesday,5:55,07:55,lptop,Series,1,5.0,0
f33dffb2-f213-45af-be6f-0d7c28af9b9d,2025-03-16,Monday,09:10 PM,11:10 PM,TV,Series,5,7.6,1
064d7cea-9027-47df-95b9-fda33010e0b6,2025-06-08,Sunday,21:59,12:59 AM,lptop,Series,4,6.7,1
558bb1be-d200-4c56-a15c-97e2f2dcdd8f,2025-05-19,Monday,08:53 PM,22:53,Mobile,Series,6,5.2,1
b1f5c2fd-44c4-4bb6-a600-1f16b938a894,2025-05-21,Thursday,20:40,00:40,lptop,Series,4,,1
d088ba87-3d0b-42a9-b11b-828286f0c82e,2025-07-03,wednesday,18:35,19:35,TV,Movie,1,5.8,0
f1d0f11d-8c02-46d1-8263-acca1a9a307b,2025-05-29,Tuesday,21:39,10:39 PM,lptop,Series,6,5.4,1
7c05bfe6-762a-4095-a76c-94d99ce204e2,2025-07-30,tuesday,10:14 PM,12:14 AM,TV,Movie,3,7.6,0
34524a73-b00b-4432-a0c2-2970c8ff903c,2025-02-28,Monday,10:55 PM,23:55,,Documentary,6,4.9,1
379da8a5-83ce-4531-8540-f3cc7aaa7b04,2025-03-12,Friday,05:00 AM,07:00 AM,lptop,Movie,4,5.5,1
f1644394-2a59-4689-97f9-c2c59806e3d8,2025-03-05,Monday,07:01 PM,10:01 PM,moblie,Documentary,1,6.5,0
7a047402-9d8f-447d-8a4e-c899e74281d7,2025-04-06,monday,20:53,22:53,,Series,5,4.8,1
b78d30d1-c0be-4213-8683-c07a9f2d847c,2025-07-13,Saturday,20:19,09:19 PM,TV,Documentary,2,5.0,0
b6bc1f75-2561-4056-a7f5-2b0c2b8819a0,2025-04-03,wednesday,21:55,12:55 AM,TV,Movie,6,4.4,1
39071cbd-32a5-4fa2-9acb-7a610703c684,2025-06-04,Thursday,4:39,05:39 AM,Mobile,Movie,1,4.0,0
57f52259-3f8a-4598-8854-37e2a75a570a,2025-05-28,monday,01:24 AM,02:24 AM,,Documentary,1,8.0,0
99b439a9-a326-42f5-b8db-5f923c2286e1,2025-06-08,Thursday,11:46 PM,01:46,TV,Series,4,4.5,1
fa78848b-ecd2-4242-8e40-a2c8a72fb911,2025-08-06,Friday,03:34 AM,04:34,lptop,Movie,6,5.3,1
9c881414-f6f9-46b1-a2d6-3a960e4caa6b,2025-08-04,tuesday,08:55 PM,00:55,Tablet,Movie,6,4.0,1
63f8329b-43e4-4796-93a3-21508dd89af1,2025-06-19,Friday,0:33,02:33,lptop,Series,1,6.4,0
47265dc6-7ed0-4ac4-b7eb-91f426470ef6,,tuesday,18:09,07:09 PM,Tablet,Series,5,6.3,1
8abcbf2e-d838-4b13-a1a5-12d734281509,2025-04-24,monday,20:14,23:14,Tablet,Documentary,4,5.2,1
fe126744-1edf-448e-809a-0a3fb078e8d5,2025-05-28,Monday,08:54 PM,10:54 PM,Mobile,Movie,2,6.3,0
94a65beb-734b-4f9b-b713-9286af8fd65b,2025-03-17,Tuesday,09:13 PM,23:13,TV,Series,5,7.7,1
836f8539-f598-480a-950b-464abf53c9f6,2025-06-27,Sunday,08:13 PM,21:13,Tablet,Documentary,3,4.4,0
b3b1eda9-5c95-4cd3-855d-cd9d4576eef7,2025-02-05,Friday,12:27 AM,02:27 AM,Mobile,Series,6,6.9,1
8a4a9354-08fb-4c3e-aaed-699106e0f438,2025-04-25,Friday,18:43,07:43 PM,Laptop,Series,2,4.2,0
b889a6f4-9464-4bca-806c-4aeb57355801,2025-07-18,monday,09:31 PM,22:31,Tablet,Series,6,6.4,1
2ce38eb9-825b-403b-b53b-c457c3a4c4e0,2025-03-30,wednesday,09:06 PM,00:06,lptop,Documentary,4,4.7,1
f4f1fc5a-4fdb-42fe-8747-f5b6e6489bd0,2025-07-12,Tuesday,07:59 PM,08:59 PM,Tablet,Documentary,6,6.2,1
89b5fdad-2497-46ad-8f35-594dadcdeb48,2025-03-07,Saturday,20:38,23:38,Mobile,Documentary,12,3.5,1
8af22acb-a74f-473b-aa4c-f82c2d138c56,2025-07-28,wednesday,08:44 PM,00:44,,Series,1,7.6,0
3b946490-5824-4f9f-9c6e-c85f6df9833b,2025-03-12,Monday,22:57,11:57 PM,Laptop,Documentary,5,7.7,1
65e2f475-b65d-4e4c-a6cc-9dd3ffefa24f,2025-05-30,Tuesday,19:46,20:46,TV,Movie,1,7.9,0
0eba4c0a-a9d6-4cd9-9452-2b8c7960a33f,2025-04-27,Saturday,19:22,10:22 PM,moblie,Movie,1,4.8,0
b4604b1e-5c1f-40fa-ab56-a066d319fd19,2025-02-10,Friday,20:58,10:58 PM,moblie,Documentary,5,4.8,1
756d5fb1-224b-466b-b0ab-cc1edd0a5a46,2025-04-12,Friday,20:22,10:22 PM,Mobile,Documentary,1,4.9,0
da3c312f-9272-43b8-aafd-c05a9bd7acff,2025-03-11,Monday,21:20,23:20,moblie,Series,3,7.2,0
ec40ba31-0281-43a5-be39-9c4e965cadf5,2025-07-28,tuesday,06:15 PM,22:15,Mobile,Series,1,5.6,0
3ccb7c21-875f-43d5-a6d7-8b9406bd83f1,2025-06-07,tuesday,05:55 AM,06:55 AM,lptop,Movie,1,6.1,0
730c74df-a459-4ae5-a50f-fc14ec291ef3,2025-04-06,Sunday,21:00,01:00 AM,Mobile,Series,4,7.1,1
bf530715-b2c8-4550-9ef7-67db8b8a4b1e,2025-05-24,wednesday,06:34 PM,22:34,Laptop,Series,3,6.1,0
6bb353de-1397-4c2b-8920-7226facc5533,2025-06-18,Thursday,09:00 PM,10:00 PM,lptop,Movie,14,2.9,1
6f193d5c-0f8b-4e7f-a1b5-94fdf5dd9d44,2025-05-27,Wednesday,5:45,07:45,Tablet,Documentary,6,7.8,1
00e498ce-1881-43db-89ef-bc40782ba768,2025-07-24,Wednesday,06:44 PM,20:44,,Series,5,6.0,1
5d40cd04-560e-4ece-9f61-060a9489308a,2025-03-31,Saturday,18:22,19:22,Mobile,Documentary,5,5.2,1
34cef575-0c01-4228-82d7-04be6ec042b8,2025-03-09,Thursday,22:31,11:31 PM,Mobile,Series,3,7.5,0
f61356cf-1eb9-425b-89a6-64cb49bc29ba,2025-04-24,Friday,3:26,04:26,Mobile,Series,2,8.0,0
ff5789c9-33e1-488f-bcd9-71b61d1d706e,2025-02-28,tuesday,05:03 AM,06:03 AM,TV,Series,1,5.0,0
3971ab75-9ea3-4d8f-8251-d8492099aabd,,Monday,08:42 PM,22:42,lptop,Movie,6,6.9,1
7411f709-94ca-4f2a-86e9-6264e7740f69,2025-05-28,Friday,04:03 AM,06:03,moblie,Series,3,5.5,0
7c5162b9-f1fb-466a-96c4-c347e05633bf,2025-07-09,Saturday,10:59 PM,23:59,Mobile,Series,1,5.4,0
f18b2a3d-a605-41b9-901d-6605a95f2b37,2025-04-29,wednesday,18:41,08:41 PM,moblie,Documentary,1,4.6,0
463abca1-2e66-40bc-9a54-bdc1f77bf437,2025-05-14,Monday,4:48,06:48,moblie,Documentary,2,4.7,0
35e849f5-6ff1-4b9c-9a4d-a7195e87be4f,2025-03-15,tuesday,11:50 PM,03:50,lptop,Movie,4,8.0,1
1fc7fba9-d428-4c89-848b-61fe04a1ea2f,2025-07-24,monday,18:51,09:51 PM,Tablet,Movie,6,5.0,1
12d9e637-5e50-4cc3-ab57-6e5cc9de6286,2025-06-03,wednesday,11:11 PM,12:11 AM,Mobile,Series,3,4.3,0
563dd7b9-bb94-4436-92c3-422f1b2b15f6,2025-02-15,tuesday,07:41 PM,09:41 PM,Tablet,Documentary,6,4.8,1
d8893ee5-03eb-463a-a881-890c7d046757,2025-04-10,Wednesday,07:48 PM,20:48,lptop,Series,3,8.0,0
017d509d-f78e-48fa-9d72-447829cca203,2025-07-31,Tuesday,18:41,10:41 PM,Tablet,Documentary,6,7.2,1
aa4d5124-a2a1-49c4-bab3-8c7710bb0e4b,2025-07-24,Wednesday,23:59,01:59 AM,Tablet,Series,1,6.2,0
24ae57a0-299f-4efb-853a-843bdfdfe728,2025-07-30,Tuesday,20:29,22:29,Tablet,Movie,6,7.9,1
5f590646-8b6c-410d-b007-62624631e939,2025-02-11,Friday,23:51,01:51,TV,Movie,2,4.3,0
735f059d-203b-4ee0-804e-12cd2e4cbdc9,2025-03-25,Sunday,2:53,03:53,Mobile,Series,5,6.2,1
f04923f2-4631-4439-9036-0ec548cae0ff,2025-03-04,Saturday,18:32,07:32 PM,Laptop,Series,4,6.4,1
5baf99b1-8b99-46bc-82b4-9e432d09b7fc,2025-05-17,Wednesday,22:11,11:11 PM,lptop,Documentary,1,5.7,0
73033e2e-ab5a-4c0d-819b-e04af52ff8d7,2025-04-02,Tuesday,09:00 PM,23:00,lptop,Documentary,2,6.4,0
3f3370e0-4f18-4170-8675-fc52731bffb0,2025-04-21,Sunday,22:13,02:13,,Movie,1,5.4,0
ed9083a4-8679-403a-be76-b2a016e4718d,2025-02-05,Thursday,5:48,08:48,Tablet,Documentary,2,7.7,0
4d27993f-1ea8-478e-9bd0-4db8038245ca,,Wednesday,10:06 PM,02:06 AM,TV,Documentary,4,6.2,1
2bcb904b-5bd8-4084-bbf9-072b6f414582,2025-04-12,Wednesday,19:50,08:50 PM,Tablet,Documentary,2,4.0,0
e608b885-ff5f-4cf7-9372-6b1e4f883b6e,2025-07-29,wednesday,23:10,03:10 AM,Laptop,Movie,4,4.7,1
31a235f9-7b14-4bcc-8520-2fee50cdd02d,2025-05-30,Thursday,06:54 PM,19:54,TV,Movie,6,,1
3a0addca-af08-4c65-a7e3-185c8540e082,2025-03-27,monday,04:28 AM,05:28 AM,Tablet,Documentary,5,6.3,1
8f14313a-7ec2-4617-be5e-f12e2c5c626f,2025-08-02,Sunday,5:30,06:30 AM,lptop,Documentary,4,6.9,1
3a04bb80-b817-49c1-af6d-d906828ae9c3,2025-07-31,Tuesday,08:00 PM,11:00 PM,Laptop,Documentary,5,5.5,1
38b611fb-1564-4aae-b9b4-13003f607136,2025-06-03,Thursday,21:02,12:02 AM,Mobile,Series,4,8.0,1
83718c43-52f4-4c2a-8d20-745eaf8e91db,2025-06-13,Thursday,19:17,21:17,TV,Movie,1,,0
f18c03ae-ba01-4723-bce9-b74d74b69b4d,2025-06-01,Monday,19:37,22:37,,Series,2,7.4,0
d9d4c5fa-21cc-4e0e-9287-d1a10df1f4ca,2025-02-27,Sunday,0:28,01:28 AM,Tablet,Documentary,6,4.3,1
75e2f24b-3631-4b7f-8a35-31815aad03a8,2025-03-03,Thursday,03:40 AM,06:40,lptop,Movie,4,5.2,1
3d8b57aa-6320-48dc-a2eb-6a2a310bbec9,2025-04-05,Tuesday,20:27,11:27 PM,Tablet,Documentary,4,4.6,1
44c3608d-15a1-4615-b202-b378888b8f21,2025-08-05,Monday,19:50,10:50 PM,,Movie,6,5.7,1
6097a963-8b8c-4c77-aa06-2121d5455f62,2025-07-12,Tuesday,08:16 PM,09:16 PM,,Series,3,4.8,0
8bb76ea2-e73d-480a-afa2-9008a986a656,2025-04-16,Friday,07:08 PM,09:08 PM,Tablet,Documentary,4,5.4,1
d2b024dc-fd14-4fb2-9220-646e74bc7e62,2025-07-28,Tuesday,21:51,01:51,lptop,Movie,5,6.9,1
6982e9e5-8288-4940-9168-38d5ac0da12e,2025-07-20,Friday,21:13,01:13 AM,moblie,Series,4,5.2,1
8593e5b2-309d-40d5-b436-83e2cff4ed18,2025-02-10,Saturday,10:01 PM,00:01,Tablet,Series,1,4.6,0
579bfcc3-f7dc-497e-b050-a3bc04eb88a4,2025-03-14,Sunday,20:51,23:51,Mobile,Movie,5,7.2,1
558c86b9-a0b5-40bf-beac-c34de5b36a6b,2025-02-14,Wednesday,08:04 PM,00:04,Tablet,Documentary,6,5.9,1
d2ed0756-b8aa-4559-8a9d-c031eebffd71,2025-04-16,Monday,01:03 AM,02:03,Mobile,Movie,2,6.2,0
256215e2-c6a8-4fbd-a906-f19df62ff7d6,2025-08-04,Tuesday,22:05,01:05,lptop,Movie,3,4.3,0
968c35ca-d02d-4d9b-80d0-4b72413073cb,,monday,0:54,03:54 AM,TV,Movie,5,6.2,1
9a9de2c0-8938-4fe6-98cd-f41e9edfd47d,2025-07-20,tuesday,18:05,21:05,TV,Documentary,5,4.9,1
bbc814fe-d9c3-4325-a5d4-0f77cadab284,2025-04-24,tuesday,0:40,01:40,lptop,Documentary,15,3.4,1
040c7ac8-d09b-429e-924e-52a62a1d7525,2025-04-24,Monday,11:48 PM,02:48 AM,Laptop,Series,3,6.4,0
fa1f56c1-3bb0-4fd9-87e4-33b9738747e8,2025-04-16,Friday,22:01,00:01,TV,Series,2,5.9,0
879e35e0-28bd-4e70-a433-c5336b2b34d6,2025-07-17,Tuesday,22:25,11:25 PM,,Series,1,7.3,0
8dace7ba-249c-4683-b338-4565bd5f146d,2025-04-27,wednesday,01:17 AM,05:17 AM,moblie,Movie,3,5.9,0
d59f0c04-182f-477a-bcb4-1c29b79d5520,2025-07-01,Monday,21:31,11:31 PM,lptop,Documentary,4,7.8,1
ec7f55a8-9294-47ee-b65b-6ff084a83b92,2025-06-24,Wednesday,19:39,21:39,Laptop,Series,6,7.2,1
2477c1e2-d696-4e24-9048-d40ab3115f92,2025-03-06,monday,11:03 PM,03:03 AM,Tablet,Movie,4,5.5,1
20d55f01-d26b-4b45-ac62-c1c7ce7826b7,2025-04-29,Saturday,08:29 PM,11:29 PM,TV,Series,3,5.4,0
a6cf1b20-ae62-4d76-ac0c-054bd0a68301,2025-06-15,Saturday,22:30,12:30 AM,lptop,Documentary,1,7.0,0
57e261ad-7346-4e3c-8945-4517b7e6dd1d,2025-05-28,wednesday,07:30 PM,09:30 PM,moblie,Movie,1,6.1,0
ad472b7f-8de1-4763-a9a2-cf60bdd015a0,2025-02-25,Tuesday,21:02,22:02,Mobile,Documentary,3,4.6,0
5beb5ad6-7b34-4955-b153-6c205593d6a9,2025-05-29,Friday,03:13 AM,04:13,moblie,Movie,2,4.1,0
5affb12d-508b-4d4c-8083-5a813001fa78,2025-05-02,Friday,2:10,05:10 AM,lptop,Series,3,4.8,0
ba5daad4-e842-4dde-9149-c7294ca79307,2025-07-23,Saturday,4:36,05:36,Tablet,Series,6,4.3,1
c9c1e906-7071-4ee6-bfb9-2de2aaeba5e2,2025-07-28,Friday,09:07 PM,23:07,moblie,Movie,5,6.3,1
a6d399ee-179a-48d1-9c2d-ce1e9dc33f86,2025-03-30,Thursday,10:35 PM,12:35 AM,Tablet,Series,2,5.1,0
b2cc68bb-1fd6-48fd-970d-565cc99b6750,2025-05-24,Sunday,08:41 PM,22:41,Tablet,Movie,6,4.8,1
6bd70516-9331-4fc7-9148-66f18cb81ebe,2025-06-06,Monday,09:06 PM,01:06,lptop,Documentary,4,4.4,1
7fa41a5c-8584-47a1-b7f6-725655d6225c,2025-03-05,Saturday,2:47,04:47,Mobile,Series,3,4.1,0
b7c4a91f-519a-4189-9863-8cff68da8472,2025-08-05,Thursday,12:01 AM,03:01 AM,moblie,Documentary,4,5.9,1
6884782f-699b-48f9-bb28-39c3ee6734f5,2025-06-27,Saturday,20:33,22:33,Tablet,Movie,4,7.1,1
54eaf57a-efab-43b3-ba35-671dc62c671e,2025-05-13,tuesday,12:48 AM,02:48,TV,Series,13,3.3,1
7fbbf202-1ef6-4e6c-b81c-8fccd560a1cd,2025-03-08,monday,11:57 PM,00:57,Laptop,Series,1,6.7,0
f7806dd8-5f12-4970-a62f-8c09e770abaf,2025-06-26,monday,01:58 AM,03:58 AM,Tablet,Documentary,1,7.3,0
aa66c545-d176-4a87-99f2-ab51322b2fbd,2025-08-02,Monday,11:59 PM,00:59,,Documentary,6,5.2,1
87e9c3a6-c67c-4ebb-b15d-70072ae68f50,2025-05-02,Thursday,06:20 PM,22:20,TV,Documentary,4,4.4,1
0383ce48-96d8-40b9-af13-7ad8974666c4,2025-03-25,Friday,2:56,05:56 AM,lptop,Documentary,2,7.0,0
c176a5ab-ca33-42f0-93d0-33061dec5318,2025-03-01,Wednesday,19:37,22:37,TV,Movie,4,6.0,1
82387102-7843-4c59-a090-1b9444d56a7e,2025-04-24,Tuesday,22:38,12:38 AM,Laptop,Movie,6,4.4,1
f06dcc4b-4240-4a17-8214-2f7e5560b708,2025-07-04,wednesday,02:38 AM,05:38,TV,Series,1,7.7,0
9bc71dd6-24d8-4fe8-868d-be61aaf7b59c,2025-04-16,monday,23:18,01:18 AM,moblie,Series,2,4.1,0
6abd92e2-19ca-4a53-b2ba-1a6fa8cd2822,2025-03-05,monday,18:37,10:37 PM,TV,Series,6,4.3,1
afc91275-bb22-4510-9a4d-69566d068329,2025-02-23,Sunday,03:18 AM,04:18,lptop,Documentary,3,6.8,0
51c59d98-19b7-46d9-94af-02715bc80510,2025-05-17,Saturday,21:41,22:41,lptop,Documentary,2,5.1,0
51f0dfc1-fc74-472c-929c-69b2c91ebb08,2025-03-10,Sunday,18:53,19:53,TV,Documentary,2,5.4,0
b935e97f-80b8-4cab-9010-ed668c503d4a,2025-05-03,wednesday,5:02,07:02,TV,Movie,4,6.0,1
1d7d7003-dc1e-4aad-b578-2ca5c007a6e9,2025-03-17,tuesday,07:24 PM,21:24,Tablet,Documentary,6,4.3,1
04b8c4f5-6df7-4fb2-bf4f-2f553e1c3a90,2025-02-13,Thursday,11:18 PM,02:18 AM,lptop,Movie,4,6.7,1
d91de761-db71-467d-8968-dd3bfdb85855,2025-05-17,tuesday,2:46,05:46,Tablet,Documentary,2,5.7,0
c9c07833-e536-4135-b82c-eaec131c0040,2025-06-14,Thursday,11:05 PM,12:05 AM,Mobile,Documentary,6,5.8,1
460a00d5-b9c8-44e7-a2fb-f817d4386366,2025-07-16,Thursday,11:12 PM,02:12,TV,Series,3,4.9,0
6da92bdb-0d3c-46d9-842f-45dcc39705cf,2025-06-26,monday,07:09 PM,21:09,TV,Series,3,4.4,0
e5a54fac-0d41-470e-ab70-00553e0c714e,2025-04-29,monday,09:56 PM,00:56,,Series,5,5.3,1
4055f53e-4b79-473c-9d7d-406a937fe8e1,2025-07-18,Saturday,10:53 PM,12:53 AM,lptop,Movie,4,6.0,1
5e00a5b6-ab52-4edc-9085-80c69db1e43a,2025-03-26,Sunday,07:57 PM,10:57 PM,Tablet,Movie,6,7.9,1
4dcb5290-7906-4dcb-b505-51e31524d317,2025-02-24,tuesday,18:31,20:31,moblie,Documentary,6,,1
9d39cefc-cf03-448d-bca7-4e15288d6d04,2025-07-23,Friday,19:14,21:14,lptop,Movie,3,4.7,0
8f33c16b-f8e8-4733-9b5e-69f66be143e0,2025-07-09,Wednesday,09:42 PM,12:42 AM,moblie,Documentary,1,6.0,0
74dd3635-f428-474a-aded-8a87e8ea2935,2025-06-05,tuesday,20:43,12:43 AM,Mobile,Movie,5,4.1,1
7731e658-6915-44e2-b2f0-31c33725b9dd,2025-08-06,Monday,23:15,01:15,moblie,Documentary,1,5.2,0
ba9bd7f2-8eea-4700-9534-a7203613316d,2025-04-10,Friday,09:20 PM,01:20,Tablet,Movie,6,4.7,1
8a6654a2-629e-4810-b039-9bfbdddf30f6,2025-03-10,tuesday,01:09 AM,04:09,Mobile,Documentary,2,7.4,0
e9bf9737-dd11-4888-bb68-a72aa3f20f9d,2025-02-10,Friday,3:44,05:44 AM,lptop,Documentary,4,5.5,1
eb73284a-0436-4de7-9208-267a9e535870,2025-05-22,Wednesday,02:53 AM,06:53 AM,Tablet,Series,2,5.6,0
36751f95-9469-4b92-aaa4-86cd017ef50f,2025-04-24,Monday,19:07,21:07,Tablet,Series,2,5.7,0
33271714-db14-4139-9c05-3f379a76cc72,2025-06-26,wednesday,23:34,02:34,Tablet,Movie,2,5.3,0
66a86f54-de32-4138-9060-3ae4113a6949,2025-07-19,Friday,22:41,02:41,Tablet,Movie,3,5.2,0
79b3e0da-06ed-4266-ae5e-4b5263c2efa1,2025-05-15,Sunday,08:44 PM,00:44,Laptop,Documentary,3,7.9,0
0458f4de-2f53-49cc-8e42-272280303c4f,2025-07-20,wednesday,07:23 PM,11:23 PM,moblie,Documentary,2,,0
7e8ff48b-442f-402b-902a-39f1e22ab958,2025-03-14,Sunday,06:25 PM,10:25 PM,,Series,3,5.2,0
11703688-0f1f-4853-97b6-b8cfac68296d,,Saturday,20:10,22:10,TV,Documentary,6,4.3,1
1861b4f1-2f02-4298-ad61-64485613f2f6,2025-04-01,tuesday,07:15 PM,10:15 PM,Mobile,Movie,2,4.2,0
a7d6e8d9-688d-47d3-8d59-44d6b7fc247b,2025-06-16,Friday,20:08,10:08 PM,Mobile,Series,5,4.2,1
57b7da30-de29-4bcd-be3b-4591e77af1cc,2025-06-05,Friday,18:09,09:09 PM,moblie,Documentary,2,4.8,0
8a8fd8d5-845b-4ee4-8ff3-37f4b96c3c7e,2025-04-25,monday,08:08 PM,21:08,,Series,2,6.0,0
cf419977-e46e-40f0-a3e7-0d1f4f4d08b9,2025-06-23,Friday,12:43 AM,02:43 AM,,Series,1,6.4,0
a6f3c980-57e6-4ce9-aac8-ac5809123484,2025-04-30,Tuesday,06:41 PM,21:41,Mobile,Movie,3,5.5,0
cdab5049-66cd-492d-a6aa-f9595ee616b8,2025-05-30,tuesday,21:40,22:40,Laptop,Series,6,7.6,1
0fd672e0-7ba1-4cc6-8caa-2db4ebbb5913,2025-02-08,tuesday,21:58,11:58 PM,lptop,Documentary,4,6.0,1
14dbec25-498e-4ca3-92be-7d904b709841,2025-03-05,Thursday,0:02,04:02,Laptop,Series,6,5.0,1
248f6381-08a8-44df-8578-8195dc779c19,2025-03-10,monday,22:37,01:37,Mobile,Series,5,5.0,1
44156830-b728-4be1-9a0f-747731fb3a42,2025-04-17,wednesday,09:24 PM,10:24 PM,Laptop,Series,6,4.2,1
8b668172-5947-45ca-9ee7-5e534d2e6322,2025-05-21,Thursday,09:15 PM,11:15 PM,TV,Documentary,4,7.6,1
a7dc737c-6bfc-4f1a-bba0-0b3ced7dbee0,2025-06-20,Monday,22:48,00:48,Tablet,Series,3,,0
a1aa7200-21d6-4ae0-933a-f2cdb3cb871b,2025-07-28,wednesday,10:20 PM,02:20 AM,moblie,Documentary,1,,0
1f9c924c-cae1-4b1f-b7a9-9b2e24fa6998,2025-03-20,tuesday,08:46 PM,21:46,Mobile,Movie,3,4.6,0
ae8b4431-5895-4795-a4ac-87fb14d3e416,2025-03-31,wednesday,21:53,00:53,moblie,Documentary,5,6.1,1
8572f66d-418a-4529-a6c9-d5b87e4e85aa,2025-05-03,Wednesday,20:53,12:53 AM,moblie,Series,4,5.7,1
6b3d47c6-0325-49d0-abd4-5773a530ffa2,2025-02-12,wednesday,20:36,00:36,Tablet,Documentary,4,5.6,1
ce43da58-58a6-42f5-a1df-b531d53a8563,2025-02-10,Wednesday,19:21,20:21,TV,Series,4,4.2,1
cd80ce2e-0fe0-4a44-a663-5f2b9700d4bc,2025-04-23,tuesday,06:32 PM,19:32,Mobile,Documentary,2,7.5,0
75f2173c-381f-47b0-ac78-64e8df3966d0,2025-03-17,tuesday,19:18,22:18,Tablet,Documentary,4,4.4,1
0aaa935f-51a6-4be4-a3c6-5d6fb16745e1,2025-04-15,Tuesday,20:47,12:47 AM,Mobile,Movie,4,6.8,1
087fc60d-12ef-4b31-a862-9b19604a3cf0,,tuesday,22:22,02:22,Mobile,Movie,1,4.8,0
2128ef2b-b8b2-4919-bfe0-0a6ed60060b9,2025-05-18,Saturday,20:10,12:10 AM,,Series,1,,0
3131c1fb-59c3-4f23-8aeb-168d3310c918,2025-07-08,Thursday,06:07 PM,20:07,Laptop,Documentary,1,7.2,0
984948e4-1146-4010-9bdd-ff1f4f6cda9c,2025-04-18,tuesday,01:40 AM,03:40 AM,lptop,Documentary,6,6.8,1
6ead2470-1bc7-49a3-bcc4-29c4aeecd82d,2025-06-13,Tuesday,06:36 PM,20:36,lptop,Movie,2,5.7,0
6d040e71-2130-4418-93e8-9662d6b145e0,2025-05-13,Monday,07:16 PM,21:16,lptop,Documentary,3,4.2,0
b3326436-c787-4fee-a03a-6e5ad61cde37,2025-07-30,Sunday,4:54,06:54,,Documentary,4,7.8,1
80538d3e-55c5-4290-b3c4-dfa287b4d3e0,2025-05-13,tuesday,05:54 AM,09:54,moblie,Documentary,2,6.7,0
d95c03c0-f650-4d67-9875-73ced758c815,2025-08-01,monday,18:41,07:41 PM,Mobile,Movie,2,4.2,0
a2bae8b0-6bdd-4c64-82ff-7afaa482cd57,2025-05-30,Wednesday,05:42 AM,09:42 AM,TV,Series,6,5.2,1
0a736ffa-bca8-43c7-97ec-caf0a639c95e,2025-06-19,monday,04:12 AM,07:12 AM,,Movie,1,5.1,0
63d69edf-57fb-49bd-858c-dd0a17a8e379,2025-02-26,Tuesday,06:20 PM,20:20,Tablet,Movie,5,7.1,1
670ec348-01a4-4d41-ad5d-361db963be8a,2025-04-04,Saturday,08:53 PM,00:53,lptop,Series,3,5.8,0
0344fc06-1914-4062-a5c4-f0672a243c45,2025-08-01,Monday,08:45 PM,09:45 PM,lptop,Documentary,5,5.8,1
09f2e042-aa25-426b-a001-73c7de7d055f,2025-07-18,monday,5:52,09:52,Mobile,Series,4,,1
90ab5ea7-036b-433e-9b44-f3c53e7356d4,2025-05-27,Sunday,19:55,23:55,,Documentary,2,6.4,0
b93b1f7b-014e-483d-a7d6-f87cce489144,2025-06-07,Monday,22:32,01:32,lptop,Series,1,5.6,0
3fade61c-c7e5-440e-ad43-26327dfe7cd4,2025-02-13,Tuesday,22:24,02:24,lptop,Movie,3,4.4,0
3822f184-74d5-4a6d-a0cf-27274d6fa4fa,2025-02-19,Wednesday,20:10,09:10 PM,Laptop,Movie,6,7.1,1
022c36e0-37b1-4996-a550-ab16565c082c,2025-02-06,Wednesday,10:12 PM,11:12 PM,TV,Documentary,3,5.4,0
a4365ecb-42e7-4b82-850d-22ab13e8fe29,2025-05-04,Monday,11:28 PM,02:28 AM,TV,Movie,4,7.7,1
49e75bf2-7486-4ab1-90c7-8fd8af600134,2025-06-02,Monday,06:15 PM,22:15,Laptop,Documentary,4,6.1,1
98700d9c-9849-48bf-8f5d-602b29665dd7,2025-03-04,Tuesday,05:45 AM,07:45 AM,TV,Movie,4,5.0,1
2691d187-d878-44a9-bb94-70ad418fcba3,2025-05-04,Tuesday,23:00,12:00 AM,lptop,Movie,6,6.0,1
744e4ece-44a1-4196-919a-0598410fa347,2025-04-18,Wednesday,20:40,09:40 PM,lptop,Documentary,1,5.2,0
767e7217-33a9-4ebd-b567-88ffea69220e,2025-02-25,Saturday,23:24,12:24 AM,TV,Series,5,4.0,1
1d92168c-5634-461b-b86e-2f19d6bdbac2,,Saturday,2:06,05:06,moblie,Movie,5,7.1,1
432d99f7-f495-4974-a8da-02a047347bb9,2025-08-01,Wednesday,20:42,22:42,Mobile,Documentary,5,6.0,1
004ce020-2b01-4e60-aeab-50ba2f41e10b,2025-06-02,Sunday,20:47,10:47 PM,lptop,Series,1,4.7,0
3edd98ce-b005-4550-92ad-285abbeec160,2025-05-13,wednesday,08:00 PM,10:00 PM,Mobile,Documentary,4,,1
9cfd7129-a94d-4176-b05d-ab50e02704ec,2025-04-23,monday,19:31,10:31 PM,moblie,Series,6,4.8,1
13def2b5-b6b0-48e2-a5af-9471d6282481,2025-02-08,Sunday,21:02,12:02 AM,Laptop,Movie,5,7.7,1
7e33ebdb-cf60-49ea-8d30-1bb69e05ecdb,2025-05-15,Monday,20:27,23:27,Tablet,Movie,2,4.2,0
cc69dc3c-ee9a-4ad7-8aed-a8792b36ea30,2025-05-16,Monday,23:08,00:08,Tablet,Movie,2,,0
decbe691-d633-4a16-a4db-a6c4c12e181e,2025-06-24,Monday,19:51,11:51 PM,lptop,Series,5,7.2,1
820b142f-17e1-41c5-8fe5-2aaf02b2fa77,2025-06-05,Friday,10:18 PM,00:18,lptop,Series,1,4.9,0
2f29c702-e0cf-4334-944f-1f07dfd9eeae,2025-05-24,Sunday,06:13 PM,20:13,Laptop,Series,2,4.3,0
20cab85c-043a-4eef-b88a-9ca37b07bd31,2025-05-19,Sunday,07:01 PM,11:01 PM,Mobile,Movie,2,5.4,0
3e63e000-89f7-4f0d-95db-608bf14efc91,2025-05-25,Sunday,1:08,02:08 AM,,Series,4,5.7,1
3fa989d5-dba8-4d82-bdb6-9e36d1839c00,2025-03-01,Friday,06:26 PM,19:26,lptop,Documentary,2,7.8,0
7cd371b6-a451-468f-8dd8-f21d7ee6dda3,2025-06-09,Monday,11:02 PM,03:02,Tablet,Movie,2,4.2,0
c479f1d9-c4a8-4311-a750-80b40d6c2786,2025-06-22,Thursday,0:43,03:43 AM,Mobile,Series,3,6.6,0
6b891514-a655-4776-a6bd-23b89b2ba551,2025-05-12,Friday,05:50 AM,07:50,,Movie,6,6.9,1
a7746e11-650e-4cb9-aee1-37ebc20231fe,2025-06-09,tuesday,11:49 PM,00:49,moblie,Movie,1,5.3,0
fa4b169b-84cb-4922-90d0-469ef1a5b562,2025-04-30,wednesday,03:43 AM,06:43 AM,Laptop,Movie,2,5.9,0
2dd7a3bb-7a95-4a26-9cc8-b79b38f32e4a,2025-07-04,tuesday,05:04 AM,08:04 AM,lptop,Series,1,4.7,0
ac6f9fc8-ffd5-46e7-8d71-30993ea86ef9,2025-04-15,Saturday,07:53 PM,09:53 PM,TV,Documentary,4,6.6,1
e40d759b-633c-4fc7-9faa-73932ec4156f,2025-03-27,Wednesday,1:19,05:19,Mobile,Movie,2,4.4,0
9a4e3516-4f9f-4934-94f4-727af8d9c052,2025-04-18,Wednesday,1:14,04:14,moblie,Series,1,6.2,0
cda02af7-2096-4ac1-8631-b8053e5529a3,2025-03-31,wednesday,20:11,11:11 PM,lptop,Series,6,6.0,1
b7f1a093-2fbb-427d-9afe-f38741d920c7,,Saturday,20:30,22:30,Tablet,Documentary,3,5.4,0
e5ff5556-93f1-4d12-a884-90b83689bdbe,2025-07-16,Sunday,19:50,09:50 PM,moblie,Documentary,1,6.7,0
9e659546-da54-4179-ba9e-322d4a913c83,2025-02-14,Thursday,22:12,00:12,Laptop,Documentary,3,5.9,0
52c97791-04f0-4b5f-a7dc-76684ca8a020,2025-03-16,Sunday,11:42 PM,02:42,moblie,Documentary,6,5.2,1
4951658f-37e0-4403-9f02-e0b661a802fe,2025-05-29,Saturday,20:01,09:01 PM,Laptop,Series,1,5.6,0
1db0830e-d1e3-4821-ad25-6b6c0ea128c6,2025-04-29,Thursday,18:09,19:09,Tablet,Movie,14,2.6,1
87b02064-62e0-49f5-b661-491a848a8694,2025-05-17,Friday,06:37 PM,22:37,lptop,Series,6,6.8,1
4401fb1a-2a7a-4d23-8637-40eab1aae7ad,2025-04-19,Monday,07:09 PM,22:09,Laptop,Documentary,1,7.7,0
385f4b0f-d46a-4967-be07-223bf85ed67a,2025-06-07,Friday,1:08,05:08,TV,Movie,5,6.6,1
77bb710c-404b-4a13-8dbb-80233c519f1a,2025-06-12,tuesday,02:42 AM,03:42,lptop,Documentary,6,4.8,1
36c38a4e-fab1-47c8-9c41-aed92139839b,2025-07-19,Saturday,08:24 PM,10:24 PM,Mobile,Documentary,4,,1
6a639644-4968-4a3d-b8b8-542426633ef3,2025-04-07,wednesday,01:28 AM,04:28 AM,Mobile,Movie,2,5.4,0
add4d29d-da04-44df-ab69-be863a25a68b,2025-02-07,monday,23:03,03:03,Tablet,Movie,6,6.4,1
e4abfb72-1a98-4f4a-a0f3-6e3daa30efd3,2025-03-29,Sunday,23:44,03:44,lptop,Movie,3,6.0,0
e18d40be-5f03-4369-9f8a-eb6994f6fead,2025-07-20,Monday,08:46 PM,22:46,moblie,Series,5,6.4,1
d9da93df-39b5-4fad-968c-308d7ad427a5,2025-04-13,Wednesday,18:08,20:08,TV,Movie,3,5.0,0
d4a301ff-7adb-48d1-8746-7ff734af582a,2025-05-24,Wednesday,02:14 AM,05:14 AM,Laptop,Documentary,3,6.6,0
2ee5802a-a8c1-4eb5-acd8-6e49408c9108,2025-02-22,Tuesday,3:25,04:25 AM,moblie,Series,5,5.8,1
67cf1368-9f54-4ed6-9582-65e741b6c940,2025-07-19,Monday,10:31 PM,02:31,,Documentary,4,7.5,1
c6a23177-9cba-4def-9bad-1960d9a91392,2025-06-23,Tuesday,3:52,04:52 AM,,Documentary,6,4.6,1
2cf78bf3-7674-498d-aff4-3a08757e6b29,2025-03-06,Wednesday,01:09 AM,05:09 AM,Mobile,Movie,6,4.9,1
174ed30d-5f28-49de-9912-9833109db714,2025-06-26,Sunday,10:36 PM,02:36,Mobile,Series,3,6.0,0
1efedd9c-069b-49e7-9b0d-130ed6b7e85d,2025-02-17,monday,11:18 PM,02:18,lptop,Movie,1,5.4,0
d3cecd8e-83d8-41b4-b170-078e5024921a,2025-02-08,Sunday,23:51,02:51 AM,,Movie,3,6.2,0
1bd40e67-31a1-4e76-8cde-b665154da516,2025-03-13,tuesday,06:18 PM,09:18 PM,Laptop,Movie,1,7.9,0
c22fac8a-869a-4d1f-865f-e410ecb2b4f5,,tuesday,1:43,04:43,TV,Documentary,1,4.6,0
d5d2e50b-a232-4abf-8c41-011321f8b33e,2025-07-12,Saturday,06:53 PM,10:53 PM,,Documentary,1,4.2,0
30ff526a-bf58-4dbb-9f04-04dc9dc0f27f,,Friday,10:02 PM,23:02,,Series,3,5.6,0
a1f34577-a1e5-4496-bb8b-c8f1313e7059,2025-06-24,Sunday,07:41 PM,22:41,moblie,Documentary,3,6.6,0
2f821515-8ad7-4387-bb2c-202ada011b8c,2025-03-11,monday,22:06,11:06 PM,lptop,Movie,6,6.5,1
41072419-84d4-45a0-8647-b5b21ff59695,2025-03-09,wednesday,09:23 PM,23:23,moblie,Movie,4,7.3,1
2736e04a-9788-46c7-8184-2a7f6fabe7ef,2025-07-17,tuesday,10:28 PM,23:28,Laptop,Movie,4,4.2,1
4a3236fa-c56e-4cb8-9960-0b72f20c4d66,2025-04-11,Wednesday,1:59,04:59,,Series,3,7.1,0
0f884658-7ab5-413b-8c41-53e991e41fd4,2025-07-27,monday,22:14,02:14 AM,Mobile,Series,4,6.5,1
f5e32112-8254-418c-b205-5b00dfcb740d,2025-03-06,wednesday,19:33,11:33 PM,lptop,Series,6,6.9,1
19b63c74-8cdf-43e1-92d3-3e6c8e4355a1,2025-07-06,Friday,08:40 PM,00:40,Laptop,Documentary,5,5.1,1
5e7c0f29-b84c-4024-bdb8-20df5f8b4d90,2025-03-11,tuesday,20:18,21:18,lptop,Documentary,3,5.4,0
0e53943b-52da-4dfa-ae7b-c41708bb8eaf,2025-03-21,Wednesday,04:00 AM,08:00,TV,Documentary,3,7.8,0
2a3cb5d0-dff7-4b8a-b55b-ab9c53ecfd09,2025-06-06,Wednesday,07:15 PM,09:15 PM,,Series,2,5.9,0
ba6fd393-054a-412b-ac3b-c45ab009cd4e,2025-04-12,Thursday,07:59 PM,22:59,TV,Movie,6,4.6,1
7f402fd4-f6fb-42e7-8178-16c1ee44c4ed,2025-06-08,Friday,19:32,09:32 PM,,Documentary,1,6.3,0
bc0ae732-296c-4594-994d-90a94b9420cb,2025-06-14,tuesday,0:22,01:22,Mobile,Series,2,7.3,0
048f0820-6525-40fb-ac72-59acaa6c8e83,2025-07-11,Saturday,06:20 PM,21:20,moblie,Series,1,4.2,0
d0c5a152-21aa-4708-b79d-215036dccaf9,2025-06-18,Monday,22:01,23:01,Mobile,Series,4,7.9,1
8059277c-2239-4a5f-862c-8bb9a2537a53,2025-03-12,Friday,10:12 PM,11:12 PM,,Documentary,1,7.6,0
452cfd1a-8568-4e38-8255-937d476a3f03,2025-07-19,Sunday,23:16,01:16 AM,Mobile,Series,6,7.0,1
503a37ce-fc64-47b8-b525-0db24d19361f,2025-02-05,Friday,5:53,07:53,lptop,Documentary,6,4.2,1
040661bd-d3a3-42ca-88f5-4fd56d0aabed,2025-07-17,monday,06:07 PM,19:07,Tablet,Documentary,4,5.5,1
80a30a5d-7436-40be-a4c8-9e7a91b531e6,2025-08-01,Thursday,21:24,12:24 AM,moblie,Series,6,5.2,1
250ed9e4-f3eb-4b64-923d-4bad5448ec85,2025-06-16,Wednesday,09:01 PM,01:01 AM,lptop,Documentary,4,6.8,1
d5b72371-d20f-4871-9b87-4dcc9a73b799,2025-06-07,Thursday,08:38 PM,09:38 PM,Mobile,Movie,6,7.3,1
4ef237b0-6c98-4a64-bf4e-5dc67a0856fb,2025-03-12,Saturday,22:06,01:06 AM,,Documentary,1,5.8,0
98215739-f3ae-428c-adc2-192859999c89,2025-05-12,tuesday,21:59,10:59 PM,moblie,Series,6,4.7,1
8d2ae2f7-379a-4421-800a-5e87068bdfd8,2025-04-05,monday,07:34 PM,23:34,,Documentary,1,5.0,0
5202ccd1-8960-495d-ae04-1e634a693118,2025-06-14,wednesday,05:48 AM,06:48 AM,TV,Movie,4,5.2,1
78b586ee-1de4-4575-b1c5-cb25f6affb2f,2025-06-29,Saturday,4:55,08:55,Tablet,Series,4,6.6,1
7218bb6b-0680-41ef-9a9d-a2f54eb2b2d5,2025-07-17,Sunday,23:32,00:32,Mobile,Movie,6,6.3,1
52dbae98-8d87-42de-9b69-340c9555d2fc,2025-06-19,tuesday,21:42,01:42 AM,Tablet,Series,5,6.8,1
c00ecc3a-c429-4f4a-a98b-f6417b7a0c66,2025-07-14,monday,23:46,12:46 AM,Laptop,Movie,1,6.9,0
d02cc738-f56d-4438-b103-485c0e54eaca,2025-05-29,Thursday,06:16 PM,07:16 PM,lptop,Documentary,5,7.1,1
9861816c-4f90-43ca-9099-7a56089fbab4,2025-07-12,Friday,21:56,22:56,TV,Movie,5,7.7,1
da96a67f-9de3-448f-b0ee-2f00ef03f88d,2025-06-20,Thursday,08:07 PM,12:07 AM,moblie,Series,14,3.0,1
30ccf96c-40ab-4bc9-b2b9-dcb6f543f8d8,2025-05-20,Monday,12:57 AM,04:57 AM,Mobile,Series,6,4.1,1
4ab8f7f1-f16a-4c99-81b0-f87d1d9ecea1,2025-02-24,Sunday,0:03,03:03,Laptop,Documentary,2,6.1,0
1a2ec1cf-b7cd-4483-a2db-a7ed761e2763,2025-07-15,Monday,20:20,23:20,moblie,Movie,2,7.3,0
06e4e555-903d-4cb9-969c-fd59cfd263e9,2025-07-09,Monday,20:02,09:02 PM,lptop,Documentary,4,7.8,1
4d2b904d-ca40-4bcc-9e09-ad626cb46ea5,2025-04-30,Monday,3:11,05:11 AM,,Series,3,6.8,0
36ec09e7-58ff-48a7-a0ea-ac0f56d29fae,2025-03-27,Saturday,19:23,20:23,Mobile,Documentary,4,4.7,1
86f29542-293a-4ad8-8070-3f3e287cd2fd,2025-06-12,monday,09:42 PM,01:42,,Movie,3,6.2,0
b6621806-4c53-495b-a561-596e9b8e78d9,,Wednesday,08:01 PM,10:01 PM,,Series,5,6.6,1
00b610d7-af2f-4e20-9c81-0ee6753d7195,2025-06-01,Monday,20:49,11:49 PM,lptop,Series,4,7.7,1
d9137e97-194d-48ad-854a-06312bae17ff,2025-04-30,Sunday,11:07 PM,02:07,lptop,Movie,6,6.4,1
c0c0ac1f-8501-4940-84cb-28b23bf624ec,2025-03-23,monday,5:39,08:39 AM,,Series,2,4.1,0
88ebe19a-6409-4284-8f3d-fe59d3847f94,2025-07-03,Tuesday,21:33,12:33 AM,Tablet,Movie,6,6.5,1
ddad314a-ead4-4d48-9371-fce54abe6227,,Saturday,18:29,21:29,Mobile,Series,2,6.1,0
e678cfbd-cb36-4964-90d6-1900dee59487,2025-04-08,Wednesday,18:45,09:45 PM,Tablet,Series,3,5.2,0
3603465e-2322-4941-8562-b791deffbd93,2025-04-10,Tuesday,23:13,02:13,Mobile,Series,5,4.1,1
d66352d2-fa7f-4ec7-a19d-32032dca3537,2025-04-19,Sunday,08:24 PM,21:24,TV,Series,6,6.3,1
b944f581-1234-4c53-ba2f-f135d1e949a8,2025-06-30,Monday,12:44 AM,01:44,TV,Documentary,6,7.1,1
3ced05f6-e78a-433b-85f1-1b18f80285a8,2025-04-28,Saturday,08:37 PM,10:37 PM,lptop,Documentary,6,5.8,1
1a5b2a64-0b43-4d39-80a6-563a606d42e9,2025-02-11,Saturday,03:03 AM,05:03,,Series,3,,0
9701550e-2f3e-4117-b8ef-f9461a4934c7,2025-04-19,Wednesday,04:23 AM,08:23,Laptop,Series,5,5.7,1
5109fcfe-69a2-4e81-9645-b7311240d7fa,2025-06-23,Sunday,06:25 PM,20:25,,Series,3,4.8,0
0fd2b543-6030-4fed-afdf-78b79f8d941a,2025-08-01,Friday,06:45 PM,22:45,lptop,Documentary,1,5.5,0
b58a9764-d438-4056-9986-c60cd1eb3a7b,2025-07-22,tuesday,4:21,08:21,Tablet,Series,6,6.5,1
e6739d6d-9494-45ce-a9c4-a2840787c7f8,2025-04-24,Monday,22:37,02:37 AM,Laptop,Documentary,6,4.8,1
28335e1e-90a9-44f5-9bf9-f8398007492b,2025-03-14,Tuesday,19:44,23:44,lptop,Series,4,7.7,1
9e69f9b2-b4ef-4e80-93d0-6fc376c59202,2025-07-13,Thursday,07:54 PM,21:54,TV,Movie,5,7.5,1
e2e2eb2b-3671-4841-9cd2-591a5adcdb9a,2025-03-06,wednesday,10:29 PM,01:29,TV,Documentary,2,4.8,0
d10df660-7e24-4778-97f8-9b9d2947b973,2025-05-11,tuesday,21:36,22:36,Laptop,Series,6,4.1,1
0d21b517-fa86-45b5-8c00-a7ec79cf2a34,2025-04-03,Wednesday,21:05,01:05,Mobile,Series,4,5.9,1
810d5aca-4e72-40f4-a593-1054d42d78bd,2025-05-12,Sunday,23:50,02:50,Laptop,Documentary,5,4.8,1
70045b0c-89e2-405d-b372-143f8efb3fed,2025-04-19,wednesday,23:29,02:29 AM,Laptop,Movie,1,6.3,0
644c28e6-61e2-491b-9b99-9df7bc138550,2025-05-20,Tuesday,07:31 PM,20:31,moblie,Movie,6,6.3,1
663f22b9-d469-4030-b4f4-ab93bde3b0e7,2025-02-26,Sunday,06:23 PM,21:23,TV,Movie,2,7.7,0
0306f836-f4ff-4493-979a-01570624ec9c,2025-05-17,Sunday,05:49 AM,06:49,Tablet,Documentary,4,4.1,1
b70d5c08-6b59-46d5-a58b-95e506a83dd9,,Thursday,20:54,23:54,Laptop,Series,4,4.3,1
ff04dc4b-8bde-4a75-a212-d19a3d14e6bb,2025-05-05,monday,03:11 AM,05:11,Tablet,Series,4,7.2,1
0b986cf5-a124-4605-b62a-ddee0fabc0dc,2025-07-10,Monday,19:57,10:57 PM,lptop,Movie,3,6.9,0
1f223b88-ff03-4711-8286-bc254c108fca,2025-02-19,Saturday,07:38 PM,22:38,Mobile,Series,1,4.7,0
500a03b3-8d25-4d1f-85cf-7abf6cf30e4d,2025-06-22,Monday,08:20 PM,10:20 PM,,Documentary,5,6.1,1
3dd7c93a-26b3-4129-9763-ef801d8201bc,2025-06-21,Wednesday,07:43 PM,09:43 PM,Mobile,Series,3,4.9,0
2fb68033-d423-4b07-be4a-ff220cdf69dd,2025-03-18,Sunday,22:13,01:13,Tablet,Movie,2,6.1,0
9e2989c8-b87b-45f2-8ad1-596b476eeb8b,2025-06-29,Friday,19:22,20:22,Laptop,Series,2,5.7,0
a0f76602-1d95-41b3-86b7-0e735a7ede5b,2025-05-07,monday,11:45 PM,03:45,,Documentary,6,7.6,1
968ae6b2-5706-4158-a211-d81ce696e211,2025-06-03,Tuesday,08:09 PM,09:09 PM,lptop,Series,5,7.3,1
0b90ff00-9ad5-47a1-a18d-01fa41e5eaad,,monday,2:55,06:55 AM,lptop,Movie,4,7.2,1
08cc3a43-79f6-4076-902d-2032cfecfb22,2025-02-17,Monday,09:18 PM,10:18 PM,Tablet,Series,6,7.9,1
06246955-8c3d-4b4f-8e79-01150afb9261,2025-04-25,Monday,10:24 PM,00:24,moblie,Movie,5,4.9,1
9ff45815-34b7-40d0-b87f-3252eadbe70c,2025-08-01,Monday,07:32 PM,09:32 PM,Laptop,Documentary,5,7.7,1
f464a144-c69d-4e98-8f02-2d5a7fd12ee3,2025-04-20,monday,19:29,10:29 PM,lptop,Movie,5,5.0,1
ea44e977-0dd3-42dd-a712-07dab7a4aa98,,wednesday,11:51 PM,02:51 AM,Mobile,Series,3,7.5,0
0b429abd-bfca-4d42-b29f-3c05070ff7ff,2025-03-06,Tuesday,08:56 PM,23:56,Laptop,Documentary,4,7.4,1
32d24418-e24e-4c27-9f15-07da2407d624,2025-03-30,wednesday,07:18 PM,23:18,TV,Series,3,7.0,0
398e12a0-3c75-4da3-bdf8-ea498e49a57d,2025-04-05,Sunday,11:32 PM,00:32,TV,Movie,2,4.3,0
7f5d29ef-addd-4a76-9926-af1bddbf4705,2025-07-26,Monday,07:43 PM,22:43,,Series,2,4.4,0
a165c605-97f6-4178-9a02-965212afa174,2025-07-30,tuesday,10:11 PM,02:11 AM,moblie,Movie,1,6.9,0
6beaffba-2e9a-4140-b82f-b4bfe14f65e2,2025-04-19,monday,01:55 AM,05:55 AM,,Documentary,1,4.9,0
e85cbdc9-bd21-45c3-82ee-3525a28c7203,2025-05-05,Wednesday,23:40,12:40 AM,,Series,4,7.4,1
430e67af-077b-468d-ab63-0060f14dc986,2025-07-09,tuesday,06:37 PM,22:37,Laptop,Series,2,4.2,0
6c7ed318-0d14-4e86-88ba-218ecad0026a,2025-07-12,Thursday,07:48 PM,20:48,moblie,Series,5,5.8,1
6b8f81a6-ae1d-4807-8523-f8da7c9c5d2a,2025-02-11,Tuesday,23:38,03:38,Laptop,Series,3,4.2,0
584a1f91-18f6-4ae5-a86e-8788b61b2b02,2025-06-02,tuesday,18:20,07:20 PM,TV,Movie,5,4.4,1
16459532-3f7d-4d10-ba14-7a1dc5627bdd,2025-06-18,Saturday,20:25,21:25,Mobile,Documentary,2,5.7,0
bc8f441c-6c84-4ce2-b89e-aec01b5521f1,2025-08-01,Monday,11:15 PM,02:15,lptop,Series,5,6.8,1
184a96c6-f440-4f31-81b6-278f81443d5f,2025-07-15,Friday,21:09,11:09 PM,Tablet,Movie,6,,1
73900625-240a-4adf-a62c-5d67efa91059,2025-05-16,Saturday,09:55 PM,10:55 PM,moblie,Series,5,4.3,1
b2eaec4c-393b-4f70-81aa-58a993642ee2,2025-07-04,monday,19:47,21:47,Mobile,Documentary,1,,0
d05e9bde-32c7-46b1-849c-58037a0bdd46,2025-06-30,wednesday,18:33,21:33,moblie,Movie,3,4.6,0
b38d7df7-70e8-4642-9d36-bd9109230b6c,2025-06-29,monday,19:41,11:41 PM,Mobile,Series,4,6.2,1
2fea4e61-496c-4f03-a1b3-15140bcef50c,2025-02-13,Tuesday,03:11 AM,04:11,lptop,Movie,5,4.8,1
eb28f6e7-08e8-42ac-9918-ec4552389e73,2025-06-01,Wednesday,1:03,02:03,Laptop,Documentary,3,4.2,0
adb7e98b-777d-45a5-95f4-6d8f7ed03630,2025-04-25,Wednesday,0:13,03:13,,Documentary,2,,0
f5eeab0b-e1b6-4643-a2e5-f86653d4e9d1,2025-04-21,wednesday,22:03,23:03,TV,Documentary,3,5.7,0
77e43caf-a731-48b1-a544-294d81a3dbb1,2025-08-05,Wednesday,19:39,11:39 PM,Laptop,Documentary,12,2.3,1
66ceae24-2867-49ed-8939-a0857a978258,2025-02-27,Monday,18:58,07:58 PM,,Movie,6,7.5,1
95ef9dd4-a9a3-4663-bcec-e7b6ed7a5a47,2025-03-03,Friday,10:59 PM,01:59 AM,moblie,Series,2,6.0,0
c42a514f-93a1-4a8a-9c9b-cae9ef947a40,2025-03-02,Friday,04:15 AM,05:15,Mobile,Movie,4,7.1,1
92a8e1b0-2884-4725-adb8-326ba19329fc,2025-03-19,Friday,21:23,12:23 AM,,Documentary,6,4.1,1
fe157968-9dc5-439a-8334-a04e95f3d0c5,2025-07-10,tuesday,22:09,02:09 AM,moblie,Documentary,3,4.6,0
9a1988de-0e43-4597-a636-87cf2b5cd951,2025-03-20,Friday,06:31 PM,21:31,TV,Series,6,4.6,1
dff381c3-da65-4b93-835d-fa1b3f816cec,2025-03-10,Thursday,08:18 PM,21:18,,Movie,1,6.7,0
c551173b-8d05-4146-82b9-e924ec2ae397,2025-03-12,Wednesday,08:39 PM,10:39 PM,moblie,Series,1,5.4,0
094061ad-f32c-4777-967c-ebba9a09e4aa,2025-02-15,Saturday,2:39,03:39,Tablet,Movie,2,4.4,0
be49da2e-4580-4cc7-a9aa-41fa2ec61fc6,2025-05-19,Friday,21:26,11:26 PM,Mobile,Movie,5,6.0,1
2589afb7-d84f-46aa-8dd3-9ffbc18d4fe9,2025-05-03,tuesday,23:30,01:30,lptop,Series,2,4.2,0
cadd6460-6e6c-477e-8cc4-0acfdc57a331,2025-05-12,Tuesday,08:35 PM,09:35 PM,Tablet,Documentary,2,,0
5d694833-9338-47a9-951b-79d6192ede21,2025-04-22,wednesday,08:30 PM,22:30,lptop,Documentary,2,7.8,0
cd78fd32-9d64-4809-ae7a-12aeaea33824,2025-05-29,Sunday,11:01 PM,12:01 AM,Mobile,Series,3,7.2,0
f8382698-fddb-4ffd-901f-9a890fbceed5,2025-07-04,tuesday,18:24,08:24 PM,moblie,Series,5,6.9,1
d490dcb0-4315-45a2-8fcc-38d7221a2cd3,2025-02-11,Monday,08:32 PM,09:32 PM,lptop,Series,6,7.5,1
7c2ef06f-e20a-4754-8de2-45c21560affa,2025-05-27,tuesday,19:10,22:10,TV,Documentary,4,7.4,1
6b58cc2c-21ae-4fdd-9502-c01b96890297,2025-06-25,Sunday,1:26,04:26 AM,,Documentary,3,7.6,0
b8e5327f-2562-4dd3-bec4-808256795645,2025-06-23,Tuesday,10:39 PM,01:39,lptop,Series,1,4.7,0
b5828dca-444e-4cf9-9c78-a57f0713263d,2025-06-22,wednesday,23:52,12:52 AM,Tablet,Documentary,2,6.4,0
ae53d67b-6c0d-409b-8edd-dd67ae93a728,2025-07-12,monday,08:32 PM,21:32,Tablet,Movie,5,5.3,1
4f9d9497-03c4-4de2-82ce-1116bff9febe,2025-05-18,Thursday,19:36,08:36 PM,Mobile,Documentary,1,7.6,0
4d9f2734-7c40-4cd6-a1fd-51dbed829989,2025-05-01,Saturday,08:53 PM,00:53,TV,Documentary,4,7.0,1
8c4fb071-cf3f-497a-8075-821ce623455b,2025-03-14,Monday,23:19,02:19 AM,lptop,Movie,4,5.7,1
c2eab3b3-1c1f-47ba-bd38-34bc2a7a7a42,2025-05-24,Sunday,21:08,22:08,TV,Series,14,3.4,1
0f0fd227-8276-4c96-b803-bb93bfd05134,2025-07-13,Friday,19:00,22:00,,Documentary,2,7.8,0
c6913f0f-3521-4f74-8b89-313987ecec8f,2025-03-16,tuesday,11:37 PM,03:37 AM,TV,Series,3,5.4,0
f7b900ad-8fa2-4034-9c36-94f3dcf377b5,2025-07-18,Tuesday,02:27 AM,04:27,moblie,Movie,5,5.2,1
4c033d13-a602-4508-a2da-ac4b4da40766,2025-04-12,Wednesday,02:09 AM,03:09,Tablet,Series,5,6.3,1
6822d52b-e6e9-4b33-a36c-4929dc45cc09,2025-04-28,wednesday,11:12 PM,02:12 AM,TV,Series,5,5.6,1
0b395a6a-49f8-44b1-9c89-636c3e385f1c,2025-03-13,Saturday,06:15 PM,09:15 PM,lptop,Movie,11,3.3,1
15c72785-600f-4428-aff5-072425b624be,2025-03-25,wednesday,22:59,23:59,Tablet,Series,4,7.1,1
a18b90ad-2d05-4f28-a4ba-c99f397411bf,2025-04-12,Friday,02:53 AM,04:53,Tablet,Series,2,6.7,0
4c455840-019c-4107-a0ac-955e3de7759d,2025-05-25,Wednesday,06:58 PM,21:58,Laptop,Series,2,7.0,0
946e4472-3faf-4f62-9e3c-b2241958a180,2025-08-01,monday,21:15,01:15 AM,Tablet,Documentary,6,5.5,1
fea6462c-14fd-4e76-947a-1396e39e4b15,2025-06-14,Monday,10:36 PM,00:36,Tablet,Documentary,5,5.7,1
7bb8b2f0-b143-4317-903b-efc45b0d91be,2025-06-09,Friday,20:43,10:43 PM,,Documentary,6,4.7,1
51000e9d-1dbd-4493-bcf5-967933c0e363,2025-05-28,Saturday,18:51,22:51,Laptop,Movie,3,4.6,0
4010270d-078e-4cbf-a399-d375509cab4c,2025-07-31,tuesday,19:37,10:37 PM,TV,Series,5,5.4,1
b5ecdece-1edf-4731-91fa-8639debe13d9,,Saturday,05:09 AM,06:09,,Movie,6,7.5,1
4081a33c-6a20-40ec-890b-2955af8f2eba,2025-03-10,Thursday,10:26 PM,11:26 PM,,Series,3,5.7,0
bf119391-d8c9-4fec-806b-711d322ca07b,2025-03-27,Friday,07:19 PM,10:19 PM,Tablet,Series,5,,1
a7c5c7b7-0263-4bfd-9275-a1790165b0c1,2025-06-13,Thursday,09:05 PM,12:05 AM,moblie,Movie,4,7.7,1
e13d8f55-e0f5-4f07-9519-33006dd94a22,2025-04-27,Saturday,02:32 AM,06:32,moblie,Series,6,6.3,1
52cb73ee-fa5a-4b6f-bfbe-977a8b00bf93,2025-05-09,Thursday,09:12 PM,01:12 AM,Laptop,Series,5,4.6,1
15d4be3e-64dc-483c-a06a-91586ba7548c,,Friday,05:03 AM,06:03,Mobile,Series,1,7.8,0
9ad8dc5f-1a2d-4e17-9cfa-4aac8cb3f6de,2025-02-28,Friday,06:58 PM,20:58,,Series,1,7.0,0
1be8cf61-ea00-46be-9b2a-f96cc6bbaeda,2025-02-14,Tuesday,03:13 AM,04:13,moblie,Series,2,4.3,0
9aec94db-8542-4122-8761-0ccc89db024b,2025-03-20,monday,1:11,02:11,lptop,Documentary,3,,0
8aaa21e8-81b0-44d2-85be-da1faf62eff6,2025-04-01,Wednesday,05:59 AM,06:59,moblie,Documentary,5,,1
953009d0-a95d-4961-ad3e-1ca9ade7898d,2025-03-29,Monday,11:48 PM,03:48,Mobile,Movie,4,5.0,1
5b92ba84-fff7-4ca1-8f5d-886af956ebf6,2025-06-17,Wednesday,18:19,07:19 PM,Mobile,Documentary,5,4.9,1
7dd881d1-28e5-4824-b3d1-e86fe81f31ab,2025-04-20,Sunday,11:24 PM,03:24 AM,lptop,Series,4,4.0,1
25ec2fb8-eb24-447a-acc7-c0bca0dac4b1,2025-06-08,Sunday,10:24 PM,02:24,TV,Movie,4,6.3,1
52f9b328-98a4-4c18-9244-8471fcd13fd2,2025-07-22,Friday,06:30 PM,07:30 PM,Mobile,Documentary,3,6.3,0
f1adee3e-1c06-4059-8ee0-bced3328c54f,2025-02-10,Wednesday,20:01,11:01 PM,,Documentary,1,4.8,0
cacbdef1-7a3e-49e0-85a9-eacfb120c7d1,2025-05-26,Friday,06:07 PM,08:07 PM,,Series,6,5.4,1
24c66313-6488-4e5e-bbef-a74684865d8b,2025-07-19,Thursday,11:16 PM,01:16 AM,Tablet,Series,4,5.4,1
6b8c166d-2296-4461-b64b-269d229c051a,2025-05-16,Friday,1:43,03:43,Laptop,Movie,2,5.6,0
3bf24f49-3e47-4bb8-a44d-42f4741c534f,2025-05-14,monday,18:37,22:37,Mobile,Movie,4,4.4,1
86283345-481e-4319-87d0-e9e9beef4edd,2025-03-13,Sunday,21:30,00:30,,Series,5,6.6,1
26a09f16-a961-417f-87d3-7569dc2f094b,2025-04-16,monday,05:17 AM,09:17 AM,Laptop,Movie,12,2.1,1
e8810e9f-0888-4f2f-bea7-c50a866229ce,2025-04-07,Friday,08:05 PM,09:05 PM,TV,Series,5,4.4,1
bdcfc49c-4add-4d76-85b1-6efb87ecc5ad,2025-04-30,Wednesday,20:49,10:49 PM,lptop,Series,1,5.3,0
1d231df6-2ace-4002-8464-61dc766fd8f5,2025-03-15,Friday,11:07 PM,12:07 AM,lptop,Series,3,7.9,0
ebb32b8d-a047-4867-bb7f-aa55665f9b74,2025-06-09,Thursday,0:00,01:00,Tablet,Series,6,4.9,1
dbd4552c-1cb7-44c5-81c0-d6ef37148289,2025-06-10,Monday,10:44 PM,12:44 AM,Tablet,Documentary,6,7.3,1
31ff5b91-a168-40d9-845b-b120ebb32d18,2025-04-08,monday,0:51,03:51 AM,lptop,Movie,1,7.8,0
ccb9b4ba-0545-442b-bf54-6303203f083a,2025-05-09,monday,09:38 PM,00:38,lptop,Series,3,7.6,0
4da63107-c2f3-476b-b238-097903261c1e,2025-04-13,Wednesday,11:25 PM,00:25,lptop,Documentary,4,8.0,1
656f0d71-e241-48ff-af3d-037b98b18e5b,2025-07-15,Thursday,07:14 PM,22:14,lptop,Series,5,6.7,1
80071fd5-6e3a-4e6a-8e71-21de8ae37538,2025-04-20,Wednesday,08:04 PM,11:04 PM,lptop,Movie,3,4.4,0
7a6e9eb3-70a9-47c5-8d57-74b65dcec684,2025-06-02,Friday,21:43,22:43,Laptop,Series,3,5.1,0
111d6b2b-0a39-4c28-baef-9b094922a4b0,2025-04-07,wednesday,21:42,00:42,,Documentary,3,7.2,0
6d92b86a-eb03-484c-9046-c03b22227026,2025-06-24,Wednesday,08:48 PM,00:48,lptop,Documentary,2,5.7,0
7d7e4a1f-1125-44b9-b9c0-5dad07a5eebe,2025-07-16,Sunday,20:05,09:05 PM,Tablet,Series,1,7.0,0
c4a95d96-194d-4e40-84b5-63911d27c10f,2025-04-22,Monday,07:05 PM,20:05,,Movie,6,7.8,1
db33d5f9-a038-4db0-a91c-e496776e9932,,Sunday,21:48,10:48 PM,,Series,5,7.6,1
7b2ea859-ea1a-45d9-8d92-05f29dfc43c9,2025-03-08,tuesday,06:16 PM,19:16,Laptop,Series,6,7.9,1
6a78870a-5a77-4bc5-9645-6b61c0312462,2025-04-17,Monday,19:39,23:39,Tablet,Movie,3,4.9,0
b6de4460-6aae-4d53-b24e-75bba874da0f,2025-02-23,Sunday,22:21,00:21,Laptop,Documentary,3,6.4,0
f7b9a181-31b9-42e1-b30a-c26ba09e7228,2025-07-07,Monday,07:20 PM,20:20,Laptop,Series,4,7.1,1
62d37535-099e-4b4c-82c3-23fbe447978c,,Tuesday,09:29 PM,12:29 AM,TV,Series,3,6.7,0
feb3813a-2ccc-4aae-b648-d3a3b29fc869,2025-06-27,monday,07:56 PM,11:56 PM,Mobile,Movie,4,8.0,1
93f8b440-16c4-489b-9504-899646008ced,,tuesday,20:09,00:09,Tablet,Movie,4,4.5,1
76c61fd9-5079-4962-b7bd-f5d2234e829f,2025-03-20,Thursday,19:53,21:53,,Movie,1,4.7,0
714bf14e-d691-498f-829f-9633e3134250,2025-03-22,Monday,19:11,21:11,moblie,Movie,2,5.9,0
2a26d08a-e22e-4803-9d73-d65a400f5f39,2025-05-03,Friday,06:39 PM,22:39,moblie,Series,1,,0
e3d8c302-8c65-43c0-9bbd-af9a7b5dfdf0,2025-06-12,monday,08:13 PM,11:13 PM,Tablet,Documentary,6,7.4,1
f452be10-d3a9-4e21-8eb1-cc7464eea78e,2025-05-26,Friday,20:32,09:32 PM,Tablet,Series,1,7.3,0
c8927d0f-fdad-43e9-90e0-66271bc48081,2025-04-04,Tuesday,07:12 PM,23:12,moblie,Series,3,5.1,0
e8311b88-b4fe-40c2-b461-562d747dfa0c,2025-05-11,monday,19:43,10:43 PM,Mobile,Series,14,2.3,1
18e958ec-df3b-49d7-bba4-59b27e834447,2025-07-26,Friday,08:46 PM,11:46 PM,,Series,6,5.5,1
a8425892-7cc3-44af-b823-52f1b6a26dc0,2025-04-18,monday,20:52,09:52 PM,moblie,Movie,2,6.4,0
ba47f069-5a65-44bb-93d1-a4970f20b172,2025-02-13,Friday,04:39 AM,08:39 AM,,Series,3,7.2,0
09f52269-6f1f-41f0-9a51-8799c0c82e53,2025-02-23,wednesday,22:00,01:00,Tablet,Series,3,4.4,0
f219ae7f-10f9-4f72-bd70-c56ba9a56de0,2025-03-25,Thursday,23:11,02:11,,Documentary,1,4.0,0
4c26adf1-aadd-4eac-bd01-e249af34c45d,2025-05-07,Friday,22:19,02:19,,Series,3,,0
249d771d-7492-4143-82eb-f43257d940ff,2025-04-30,Wednesday,03:31 AM,06:31 AM,,Series,3,7.8,0
2143a691-2886-4dd2-9a93-2baaec91a8dc,2025-02-12,Wednesday,10:30 PM,12:30 AM,moblie,Documentary,1,4.1,0
7b4bc724-895c-41ae-9728-5d9a10d594b5,2025-04-08,tuesday,1:17,02:17 AM,lptop,Movie,5,7.2,1
43b39ca7-64ac-4b35-b8cc-a13ec22eba4b,2025-03-03,Thursday,05:22 AM,06:22,Mobile,Series,3,5.2,0
581de6bc-c894-4ad2-b451-fe0dcd7e94b6,2025-06-18,Saturday,22:24,11:24 PM,TV,Documentary,2,4.9,0
b782816a-9a7c-4755-b2c7-3712297eb4b9,2025-07-20,Sunday,08:05 PM,23:05,lptop,Documentary,2,5.1,0
df022a88-b6b9-4375-9370-58d866a1e7c7,2025-04-04,Wednesday,19:58,11:58 PM,TV,Movie,2,7.6,0
d472882e-6c77-4886-969a-a7c42d0fc104,2025-07-09,Thursday,09:56 PM,00:56,moblie,Documentary,4,6.3,1
0f4338c0-c71a-4d4f-abfa-cfd89ab8ab43,2025-02-15,wednesday,06:19 PM,20:19,Mobile,Documentary,1,6.2,0
334e7e66-827a-4752-bed3-af65112c6fa0,2025-07-13,Friday,22:31,23:31,Tablet,Movie,1,5.5,0
30b20063-bd12-4c0f-bf9f-69eef9e98c1e,2025-07-01,Friday,1:46,04:46,Tablet,Movie,3,4.2,0
e12f77b9-f89d-478d-849e-ee6cd9fe8a80,2025-04-19,Thursday,0:12,02:12,Mobile,Documentary,5,4.2,1
c1867b40-8057-4649-be47-89a98533d1c0,2025-07-16,Monday,08:58 PM,00:58,,Series,1,6.5,0
72a805e0-2474-4c7d-8d25-e41a438ea660,2025-02-05,Saturday,10:41 PM,01:41 AM,TV,Movie,3,5.0,0
87d981b1-ef29-4dcb-bdf7-217bee793604,2025-07-30,Monday,06:34 PM,08:34 PM,TV,Series,5,5.9,1
fd23519f-1077-4bac-bc7a-9cbcc1dde9f2,2025-04-09,Sunday,21:09,12:09 AM,Mobile,Documentary,4,6.0,1
4d5eb05e-ca09-487c-ab55-fefffae0ec56,2025-05-01,tuesday,22:46,12:46 AM,TV,Movie,5,6.1,1
bc4a9394-55d3-4f73-ad5b-b82f3b90c52c,2025-05-25,Monday,07:07 PM,08:07 PM,TV,Documentary,2,5.3,0
e7f82bd5-d3fa-41b1-a6d7-7064d71980b6,2025-03-03,Sunday,23:11,03:11,TV,Series,2,5.1,0
8443e83c-d8a6-4524-8ba2-0a986df35398,2025-03-13,Monday,08:17 PM,22:17,TV,Documentary,3,,0
c287752f-3002-452f-94b5-788f5afb346d,2025-06-20,Tuesday,21:41,23:41,moblie,Documentary,5,6.7,1
ebaecf32-80b0-48e0-8d83-df4883b10ce6,2025-03-31,monday,19:09,09:09 PM,Laptop,Series,11,2.8,1
af616404-d2f2-4109-8c25-cf517b1a6981,2025-02-24,Friday,18:39,10:39 PM,lptop,Series,6,4.9,1
dcfec6eb-85b4-4ba9-9af3-6e46b1f58430,2025-02-24,monday,22:01,12:01 AM,moblie,Movie,3,5.5,0
29b6f261-cafe-4a0f-9965-f89446daca7b,2025-04-21,Tuesday,0:33,03:33,Mobile,Documentary,1,7.4,0
f1ce0289-11c9-4493-8e3d-65442d1b7811,2025-02-12,monday,08:04 PM,11:04 PM,lptop,Documentary,5,7.9,1
bd1aaf18-0974-4861-8119-4a2acb285cfe,2025-05-08,Saturday,18:42,21:42,Tablet,Movie,3,6.8,0
12a7c93f-e6bd-4915-8f5d-3ccc1fad2382,2025-04-01,Sunday,2:27,05:27,Laptop,Series,6,5.9,1
8e7e40d2-6ee0-4494-a8ae-e356d2f95714,2025-03-02,wednesday,06:57 PM,07:57 PM,Laptop,Movie,5,6.8,1
826c2a65-97fa-45b7-8833-7e08b1035668,2025-07-17,Wednesday,08:42 PM,21:42,,Movie,10,3.8,1
9a17957c-de54-4140-ab1f-aed0c37b44d9,2025-02-06,Friday,04:01 AM,07:01 AM,TV,Series,6,5.6,1
817ca33c-f521-4d70-814a-7ae322b9b21c,2025-03-17,Tuesday,06:24 PM,09:24 PM,TV,Documentary,3,7.9,0
6605ef50-f754-47b0-afce-478f207d13bc,2025-03-07,tuesday,22:24,01:24,TV,Movie,4,5.3,1
5385c8c0-e759-402e-ba77-bf00e3600e04,2025-02-15,monday,2:44,04:44 AM,TV,Series,1,6.7,0
ca269066-7b05-451d-85c3-21eda92ca334,2025-04-22,Saturday,19:00,11:00 PM,Tablet,Series,6,7.2,1
acc44a03-25bc-47e8-87df-b3b96a442d96,2025-06-02,Monday,12:14 AM,02:14,moblie,Movie,5,6.5,1
464e2bd5-d0ac-44ae-8c04-da0bd56829bb,2025-06-25,Saturday,0:35,03:35 AM,,Series,5,6.5,1
ed1b8549-1f56-428e-a43c-0144eebb20e5,2025-05-24,Wednesday,12:27 AM,03:27,lptop,Movie,5,4.2,1
4b38663d-3238-4ff1-a7e7-5b21d21cce1d,2025-06-19,Monday,08:56 PM,23:56,,Series,4,7.8,1
2d817a55-2776-4772-a04a-6ef238ba2a89,2025-07-15,wednesday,23:32,12:32 AM,lptop,Series,5,4.5,1
63bdd6b6-10c5-4a19-b4e5-70a26fab8d67,2025-06-05,Wednesday,07:08 PM,08:08 PM,,Documentary,1,6.5,0
c14c9e83-3bb5-4814-b671-b0215a2d1998,2025-05-11,monday,07:54 PM,23:54,TV,Movie,6,5.7,1
b28235b3-b26b-4080-a5d8-dc5b79c6c59e,2025-04-15,Wednesday,07:56 PM,10:56 PM,moblie,Documentary,2,5.1,0
6c8a283b-83eb-4f0e-886a-58dbdaf1f3b8,2025-02-13,Wednesday,19:34,11:34 PM,Mobile,Series,5,4.1,1
32e78941-e5f4-43c8-b4bf-e1d50e1f22dc,2025-05-20,Thursday,09:05 PM,01:05 AM,lptop,Movie,4,7.3,1
796c0d74-ab4b-4e6c-ac85-dfcf1f13d462,2025-05-11,Tuesday,09:14 PM,01:14,Laptop,Series,1,7.2,0
c771dd57-598e-4b0a-b629-626942b1195a,2025-02-09,Saturday,23:51,01:51 AM,Laptop,Documentary,5,4.7,1
e48eb6b5-6367-4b2d-bda2-69c773a15aa6,2025-06-22,Tuesday,18:08,08:08 PM,,Documentary,2,6.1,0
8f53098d-c50e-494a-bfa7-28c5dc3fc0e4,2025-05-25,Friday,10:35 PM,01:35 AM,Tablet,Documentary,6,4.9,1
95254f93-ebe6-4971-acb6-8d9c5f4da310,2025-05-19,Sunday,10:42 PM,12:42 AM,Laptop,Documentary,4,,1
73b5cee0-d4f4-417b-8328-d65fe547b41f,2025-07-07,monday,23:41,03:41,TV,Movie,5,5.2,1
20324743-c0ce-41ce-a95c-e2ddc9936b97,2025-07-29,Thursday,07:48 PM,20:48,lptop,Movie,6,7.5,1
9feedf5b-a47a-4b93-bfd7-23685bc7f11f,2025-02-13,wednesday,09:16 PM,12:16 AM,,Movie,2,6.2,0
cb38a7ab-f1df-469d-95c5-d00099d9eb58,2025-07-17,Wednesday,07:35 PM,20:35,Laptop,Series,1,7.5,0
fef53455-9932-4afd-9a99-d7da11f9f5f6,2025-03-15,tuesday,10:57 PM,12:57 AM,Laptop,Movie,4,6.9,1
ba114bfb-17d6-4a39-b749-1eccfbd9b9f0,2025-06-01,tuesday,08:15 PM,10:15 PM,moblie,Series,6,4.9,1
5b917108-5235-4d8f-a390-f24435a7832d,2025-03-26,Saturday,08:38 PM,10:38 PM,Mobile,Documentary,2,7.7,0
0dd117cf-2fbf-4c30-8ad0-c5efef9a0b6f,2025-07-23,wednesday,4:57,06:57 AM,Tablet,Series,3,4.5,0
1ab65a0c-d0a4-49f1-8839-33aa5e611dc5,2025-07-01,Monday,10:01 PM,02:01,Mobile,Movie,3,4.6,0
e924c5a7-59b5-4063-b162-b8be90f7228c,2025-02-08,Monday,20:41,12:41 AM,moblie,Series,5,4.2,1
545c57c9-2a5e-40f5-9794-23c60738767b,2025-02-16,Wednesday,09:51 PM,01:51,,Series,6,5.2,1
42bcb0d0-426e-44d2-a229-034809d28827,2025-02-16,Sunday,06:46 PM,07:46 PM,lptop,Movie,1,7.2,0
b23bcedb-2656-4e9d-b76e-079b421e89aa,2025-03-15,monday,18:44,19:44,Tablet,Movie,5,6.1,1
ed87968d-9719-4223-99c2-3e58eaab52cc,2025-03-02,Monday,18:25,21:25,,Series,6,7.7,1
ae344c1b-053a-461b-ad21-06c8575dfb40,2025-05-05,Monday,21:17,23:17,lptop,Series,5,7.3,1
b3eb8d18-dff3-43a1-bebc-8f432cb10e6d,2025-07-30,Sunday,20:01,21:01,Mobile,Documentary,4,7.3,1
0ca0e8bb-afeb-436f-8dd5-2737d937431e,2025-03-20,Sunday,21:36,11:36 PM,Laptop,Movie,5,6.7,1
516d467a-aa5f-48a5-884d-bccca0998858,2025-04-18,wednesday,21:28,10:28 PM,lptop,Movie,2,5.6,0
7b634461-5b73-4306-9225-28eed0ee1d7a,2025-04-23,wednesday,23:15,02:15,lptop,Movie,10,3.0,1
d9da0a89-b7b0-4434-9404-f2bc31dcd0ee,2025-03-14,Sunday,20:03,11:03 PM,Mobile,Movie,2,7.0,0
da9e962f-8c1b-4684-b852-7b38153d9ded,2025-07-10,Saturday,11:57 PM,00:57,Mobile,Documentary,3,7.1,0
1e1618db-9b76-4fd1-861e-83c7d32e4aba,2025-05-01,Saturday,4:30,05:30,lptop,Series,4,4.9,1
74f1c6f9-52d8-43ff-9171-13e084db606b,2025-02-22,Saturday,07:35 PM,08:35 PM,moblie,Movie,1,5.4,0
d106ea52-f470-40fb-b39d-f0326b535973,2025-06-04,monday,11:10 PM,03:10 AM,TV,Movie,2,7.9,0
28b3be0c-bab8-4bd4-a8f2-e241d7d9ce2e,2025-06-23,Friday,06:53 PM,20:53,,Movie,2,5.9,0
8d3a79e1-678b-42d8-acee-0e1d39a067cc,2025-07-27,Friday,07:52 PM,22:52,TV,Documentary,1,6.5,0
c0f555f6-b9cf-445f-b21e-957b4e8c3d5f,2025-03-18,wednesday,19:18,22:18,TV,Series,2,7.9,0
5e35f212-bb3a-49cb-93bc-4eab337c8a79,2025-03-04,Friday,19:44,08:44 PM,Mobile,Movie,6,7.2,1
cf99ef56-c3d8-47f8-a10f-9ad1dfe0c722,2025-05-31,Wednesday,21:41,22:41,moblie,Series,6,5.7,1
f25c81d4-2ec2-4dc5-aa5f-7d380c3a3e50,2025-03-24,Friday,07:05 PM,23:05,lptop,Documentary,4,4.8,1
d368704f-c2f6-44b8-b818-3859a68b32fd,2025-04-25,Friday,09:50 PM,10:50 PM,TV,Series,5,4.3,1
a1933cf8-d568-4573-a9d7-0138f07d6d31,2025-07-08,Sunday,07:59 PM,23:59,Mobile,Movie,12,3.7,1
57ecbdc4-b6a3-454b-8440-314e8cb50fdb,2025-03-18,Friday,08:17 PM,22:17,Mobile,Series,1,4.6,0
bb5e419e-c775-45f9-bcaf-e9f5e2b29076,2025-05-10,Friday,09:45 PM,01:45,,Movie,3,4.8,0
86ff6098-3162-4f9d-aadd-ab9617ceefd7,2025-05-26,Tuesday,22:48,00:48,lptop,Movie,2,4.9,0
a736dc85-be00-4359-b1fd-e21876028ed8,2025-05-15,monday,09:57 PM,22:57,Mobile,Movie,3,4.1,0
a80caf19-1acf-4caf-a47a-0ef16784ebc2,2025-02-07,tuesday,11:52 PM,12:52 AM,Tablet,Series,1,7.8,0
9b42606b-78a2-4cdd-9916-ec5e154ef1ea,2025-06-11,Monday,18:43,22:43,,Movie,1,6.4,0
6347c58f-aeb6-416f-9e6a-df1c6a741225,2025-06-29,tuesday,23:50,00:50,Laptop,Series,1,6.6,0
efeb10a0-d127-4250-b30f-6df603fa1e7e,2025-05-24,Saturday,20:13,21:13,Laptop,Series,6,7.6,1
2374b52b-108f-4bee-a0a1-b10d12878e5f,2025-02-22,monday,07:04 PM,23:04,Mobile,Documentary,3,7.6,0
fe50e744-1b48-49c3-95d6-ce46bdfe8db8,2025-06-04,Saturday,0:43,04:43,TV,Movie,6,4.6,1
42266398-61ce-4a61-be83-ca284e490c84,2025-06-18,Sunday,07:18 PM,10:18 PM,Laptop,Documentary,6,6.7,1
271803b8-e659-423b-9660-faa145261887,2025-04-28,monday,20:37,23:37,,Documentary,1,5.3,0
4338d0c5-eee7-4e7c-8a17-78e43c168ab2,2025-03-28,Monday,18:16,08:16 PM,Tablet,Movie,6,7.6,1
b0e600c8-e413-44f3-a03e-d27a2f1db1f1,2025-03-22,Wednesday,23:00,03:00,Mobile,Series,6,4.6,1
1a2ea0aa-1b3d-47b2-843a-d1a705f875d2,2025-07-26,wednesday,03:25 AM,07:25 AM,Laptop,Movie,4,7.5,1
50ce5c54-08cc-4815-9020-af0e120b88c7,2025-08-05,Wednesday,02:56 AM,03:56 AM,Mobile,Movie,2,,0
66dfae00-3375-40d2-9015-ef53a606d5e3,2025-07-10,Monday,22:26,12:26 AM,,Documentary,5,7.1,1
5e38c0c0-8cfe-4490-ad52-7c855b3e9e5c,2025-04-20,Wednesday,19:55,10:55 PM,lptop,Series,3,6.2,0
08f69df6-33fe-42ee-ad95-3bbfaeb73c0a,2025-04-17,Monday,5:16,09:16,,Documentary,5,7.7,1
bb8d0808-52b9-4f3f-a6ed-2e18683ee488,2025-06-13,Thursday,23:38,02:38,Mobile,Documentary,4,4.3,1
47cc5d72-20bf-4af4-937a-4d4093f1ca4b,2025-02-12,monday,11:24 PM,02:24 AM,Laptop,Series,1,7.8,0
ff07eb8a-45df-4ac5-9a66-a2a594443127,2025-02-16,Thursday,09:41 PM,23:41,TV,Series,6,7.5,1
6a56a3a0-2db6-450b-911d-3099c135e633,2025-07-04,Thursday,1:04,04:04,Laptop,Documentary,6,8.0,1
dac0fce4-7b20-4668-8fb5-fef4ceb7f42b,2025-06-21,Thursday,18:59,19:59,moblie,Series,4,7.2,1
dc042d81-8db1-4985-b48e-6dc55665be63,2025-03-27,Wednesday,06:01 PM,22:01,Tablet,Documentary,12,2.7,1
d34c3489-02c1-4d07-b03e-eeec4a0cb6c2,,monday,19:04,20:04,Mobile,Documentary,5,5.7,1
5111faec-53ae-40d8-adf9-dac90b9732be,2025-03-14,Wednesday,11:59 PM,12:59 AM,Mobile,Movie,3,4.2,0
4885d369-71db-482a-a322-b4ab2b1a393b,2025-07-08,Monday,10:50 PM,12:50 AM,moblie,Series,3,7.9,0
70b0e8e6-2410-499a-8441-7a6d086ef36f,,Thursday,10:18 PM,23:18,Laptop,Movie,6,7.8,1
e344035a-3d97-4f59-b9e0-24249d0a5241,2025-02-07,Thursday,02:05 AM,05:05,,Movie,6,7.2,1
a10bb8c9-ff3a-46c6-a9f4-3ff7639a15a0,2025-04-17,wednesday,06:59 PM,19:59,Mobile,Movie,3,6.3,0
02e2a48c-bcd4-41a7-9827-587786559eb9,2025-02-25,Sunday,20:56,09:56 PM,Mobile,Movie,5,,1
aafc9f18-ed17-42f4-9c63-bbc5c1ca7bae,2025-06-19,Friday,07:41 PM,21:41,moblie,Series,2,6.7,0
120bdbdf-b603-4684-85d2-5df582c334a3,2025-03-11,Thursday,08:48 PM,09:48 PM,moblie,Movie,2,4.7,0
51443158-9b02-49aa-9fdc-76eb3012424d,2025-06-03,Friday,23:11,02:11 AM,Tablet,Documentary,4,6.3,1
f95c2891-c95c-4161-82dc-d623f3d64815,2025-06-12,wednesday,22:53,00:53,lptop,Movie,2,6.6,0
3354d834-80e9-4f0e-be97-a5fecbca2a7b,2025-05-08,Friday,18:06,20:06,Laptop,Movie,1,4.3,0
caa14a41-ea25-47c4-9729-b125878827fe,2025-04-22,tuesday,21:49,01:49,Laptop,Movie,4,6.6,1
ed0ffc5c-a65f-437d-8acd-ed772e76ab65,2025-03-17,Saturday,12:18 AM,01:18 AM,,Series,6,4.1,1
c2f45ac5-ed1e-40b6-828e-6c23364aa7e6,2025-05-01,tuesday,11:43 PM,02:43 AM,Tablet,Movie,2,7.6,0
159864a7-6e28-4206-9531-ae87929885a1,2025-04-18,Tuesday,22:12,01:12 AM,Tablet,Movie,2,4.1,0
1b250b83-6be3-42ae-8b2e-995c123c7df4,2025-04-30,Thursday,07:53 PM,22:53,Tablet,Series,1,7.1,0
dbd7dace-d99c-417d-97a8-6968a9b4e71b,2025-07-15,tuesday,19:24,22:24,lptop,Movie,1,4.2,0
c2e3c1dc-7362-42c7-a14e-e6bb6f1cc7fb,2025-02-25,tuesday,01:14 AM,05:14 AM,,Documentary,6,7.3,1
66aa020c-d65a-4bbb-8ec5-fbb31229d141,2025-04-10,Thursday,20:40,23:40,moblie,Movie,5,7.7,1
c9a7b746-bce8-4199-a076-f790277421bb,2025-03-29,Thursday,22:38,00:38,Laptop,Movie,3,6.1,0
baf41f88-5454-4071-a502-287952006931,2025-02-17,Wednesday,19:16,08:16 PM,TV,Series,3,7.1,0
ddc143b7-4de6-44af-aebe-b246bf2e99c7,2025-03-12,tuesday,10:42 PM,00:42,,Series,1,5.5,0
f9ad6b03-7d99-45e2-ae22-85a3aab97f6e,2025-07-04,monday,18:17,21:17,,Series,2,7.5,0
110fc4a0-a812-4d41-b42e-f357d2df2d59,2025-04-30,Sunday,04:29 AM,08:29,TV,Documentary,4,4.9,1
abd9407f-364e-42e1-af69-26eb4aeee295,2025-03-19,wednesday,09:28 PM,23:28,TV,Documentary,3,4.9,0
bef4b004-95bb-467a-90f9-edd587bd7bd5,2025-03-15,Friday,10:57 PM,02:57 AM,Tablet,Movie,5,6.8,1
78174ba3-a6a4-4872-9370-0dbba3c6a72f,2025-08-06,Wednesday,18:14,09:14 PM,Laptop,Series,4,5.6,1
a3000b02-25f1-4560-88fe-43b889f4e0aa,2025-04-11,Wednesday,23:52,01:52,TV,Series,3,7.2,0
69d1bac6-2148-4861-84d7-21f79b34e1cb,2025-05-02,Friday,09:51 PM,01:51 AM,Mobile,Movie,5,6.8,1
1356c659-9732-4bb4-b2be-cf4afbe541d0,2025-06-18,tuesday,20:53,23:53,moblie,Series,6,6.0,1
c295721e-b73e-41d6-a132-7c01d32d09d3,2025-05-10,Tuesday,21:46,23:46,Tablet,Movie,4,,1
2a26301f-b727-4367-ab6f-20784fad920d,2025-02-15,Friday,02:11 AM,04:11,lptop,Series,1,4.2,0
95f4eaec-0175-43e8-9c9e-d5f922730868,2025-03-08,Saturday,4:01,05:01,Tablet,Series,1,7.3,0
30455116-1ef2-44e8-92db-96f96d733627,2025-02-20,Sunday,21:30,10:30 PM,TV,Documentary,2,5.3,0
ad688419-b2af-413b-a638-2c3413f35275,2025-07-21,Wednesday,08:17 PM,10:17 PM,Laptop,Documentary,4,6.0,1
550af1db-c294-4151-9b79-1208880ebf15,2025-06-09,Sunday,21:57,11:57 PM,,Movie,2,5.4,0
852b5331-e40b-479f-a61c-4738e2ef515d,2025-05-10,Tuesday,04:25 AM,05:25 AM,lptop,Movie,5,5.3,1
f10514ae-3df4-4676-b668-08cab2dcc8a4,2025-05-16,monday,11:47 PM,03:47,Mobile,Documentary,1,7.6,0
02200c14-3b3e-47ef-b9df-222d234da07d,2025-03-02,tuesday,21:51,01:51,,Series,6,4.2,1
8da0e75b-8a0b-41df-a5fc-b972328d6ffc,2025-05-11,tuesday,1:12,03:12 AM,lptop,Series,3,5.7,0
5948fb24-8b1a-4578-a1bb-a417ce060d1e,2025-03-05,Thursday,3:34,05:34,,Documentary,4,6.1,1
5e6bd981-1293-46ce-b16e-9f5c0e43e34f,2025-04-26,Sunday,08:01 PM,21:01,Mobile,Documentary,15,2.6,1
cd18d747-dcd5-4f83-9b02-d958e6753cbb,2025-03-10,wednesday,05:53 AM,07:53,TV,Movie,2,5.2,0
6d9c5890-1b12-4569-81d8-c21835eac860,2025-02-14,Thursday,09:55 PM,22:55,,Documentary,1,5.6,0
365a833a-1588-4767-9347-ae0624c0ac76,2025-06-13,Wednesday,18:46,19:46,,Documentary,2,6.6,0
bd80ca01-e378-415b-a98c-cbb044825330,2025-03-10,Friday,18:41,08:41 PM,,Movie,4,6.0,1
770a5936-616b-4765-abcf-bc12026ea8a5,,Sunday,19:00,21:00,moblie,Series,6,6.2,1
4794cd67-b352-4eb1-8064-20b41415d6b8,2025-02-15,Saturday,20:07,22:07,Mobile,Series,3,,0
3a4a9422-0fef-40f9-8bb4-eda0ef77148b,2025-05-16,tuesday,22:58,01:58,TV,Documentary,6,7.6,1
c82f76b6-eadd-47fa-971f-06ef0929b89a,2025-05-31,Tuesday,08:37 PM,21:37,lptop,Documentary,1,7.0,0
e25956ea-abf4-44c4-b9bc-883cf1fd16eb,2025-06-19,Sunday,01:57 AM,03:57 AM,,Documentary,6,7.3,1
4925d032-b5fa-4c4d-8bb9-33712d14e27b,2025-03-12,Thursday,08:38 PM,00:38,moblie,Movie,2,,0
4374e2db-2035-45c0-a755-0bf621b5b85f,2025-06-10,monday,04:38 AM,08:38 AM,,Movie,6,5.4,1
a04e7b9c-c053-4c6d-9abe-db5649484980,2025-04-20,Monday,1:23,04:23 AM,Laptop,Documentary,1,5.9,0
3182b390-820b-4ed8-a09c-a77e14279649,2025-05-14,wednesday,20:57,23:57,TV,Documentary,3,5.6,0
2d24893f-8464-455d-ba2b-8f42e3fa84e9,2025-04-24,tuesday,23:36,02:36 AM,Mobile,Documentary,4,4.1,1
0df98483-6729-468a-b575-63b4e0512222,2025-02-12,Saturday,23:14,00:14,Laptop,Documentary,4,6.8,1
e6d93995-5f68-4eae-878d-1d6ea6ec65fe,2025-03-10,wednesday,22:48,02:48 AM,TV,Documentary,4,5.2,1
531fcc32-d4d3-4d13-87b6-495a661aab95,2025-05-17,wednesday,08:54 PM,21:54,Mobile,Movie,4,4.3,1
eecd2d8c-aebe-4544-a54e-fe9f5443ddd2,2025-05-06,Monday,11:23 PM,02:23 AM,,Movie,3,7.1,0
9b163e89-38bf-4745-8f70-7b83b657daec,2025-08-05,wednesday,22:48,01:48,Mobile,Movie,2,6.6,0
95dcb5b2-5534-4771-bc6b-a776db9fdac9,2025-02-18,Thursday,02:39 AM,05:39 AM,TV,Documentary,1,5.8,0
2c07c3ea-cfb7-4f7d-b333-298b24c78194,2025-06-28,tuesday,10:05 PM,11:05 PM,TV,Series,1,5.3,0
1e64d54e-1fed-456e-b2a8-5bc681c42e2d,2025-06-06,tuesday,21:48,00:48,Mobile,Documentary,5,5.0,1
0bc5a016-7b24-43d2-afb3-90bf646a7c3e,2025-03-02,Friday,3:28,05:28,moblie,Documentary,6,4.4,1
0f377f6d-c8dd-4416-8671-43c5e064ab06,2025-05-16,Monday,19:01,21:01,TV,Movie,2,4.5,0
48ad7be3-cc4a-422e-ad3f-ecac346e2c30,2025-02-15,Wednesday,2:10,06:10,Tablet,Movie,2,4.4,0
11770752-d7f4-4f8e-b959-39f19f115774,2025-07-08,Tuesday,18:42,20:42,,Series,2,6.2,0
155f3156-faed-4f41-8b39-60c4ca6277ca,2025-04-23,tuesday,08:24 PM,00:24,Laptop,Series,2,6.3,0
4f1970cf-9ee3-4b8a-b1c4-5bbfcaaf8962,2025-06-20,Sunday,3:40,06:40 AM,Tablet,Series,1,4.8,0
4aaad988-d02b-430e-ae23-67cd428044f5,2025-07-14,Friday,08:30 PM,09:30 PM,TV,Documentary,5,4.3,1
7824ad40-6acd-4523-ba4b-6ce6630e20e2,2025-07-28,tuesday,18:49,10:49 PM,,Movie,5,7.3,1
4f31ea2c-d37e-48a2-921e-89d3be34335a,2025-06-11,tuesday,07:55 PM,10:55 PM,lptop,Documentary,6,5.8,1
3055161b-9d3e-4a52-92c2-f7d6584a080e,2025-06-03,Thursday,3:15,05:15 AM,moblie,Movie,5,,1
60657f50-7c8a-484d-a428-38df4676e509,2025-04-15,Saturday,20:11,00:11,lptop,Movie,5,5.9,1
e404ce7d-cb63-4d3f-934c-701f95a513f7,2025-05-29,tuesday,21:18,12:18 AM,Tablet,Documentary,1,4.8,0
47f3b5a8-5920-4b2f-986d-0862bcea9425,2025-05-03,Wednesday,20:27,21:27,TV,Movie,5,6.3,1
afc7235c-eec5-45b4-8c40-7437acea42eb,2025-03-20,wednesday,11:46 PM,03:46 AM,TV,Documentary,6,5.3,1
49e23c0b-30d4-4e50-836a-4cfe43ee5562,2025-03-21,Saturday,20:41,00:41,lptop,Series,2,6.2,0
3ff76060-044f-405c-ac30-0bb905027662,2025-05-27,Monday,19:17,23:17,Laptop,Movie,6,7.1,1
a23066c3-a941-480b-93e2-6363c013ea53,2025-02-23,monday,18:24,09:24 PM,lptop,Documentary,2,4.5,0
5514ea76-7bb7-49a7-bc0e-f5099c475ee2,2025-06-28,Saturday,11:28 PM,02:28,Mobile,Documentary,3,5.0,0
f0645908-bbe4-4089-a29c-d408f596fd64,2025-06-03,Tuesday,11:10 PM,02:10 AM,,Documentary,3,7.0,0
56f7c74b-1076-46f5-a99e-97abdb52a724,2025-05-19,Monday,09:24 PM,12:24 AM,moblie,Documentary,2,4.8,0
b595edce-cd06-4542-a2af-4d845a5e2ba7,2025-05-22,Monday,10:37 PM,01:37,lptop,Movie,1,4.9,0
791c37ff-30c4-4d62-a318-5cc7d86d8a8e,2025-04-04,Wednesday,09:05 PM,01:05 AM,lptop,Movie,6,4.0,1
935371ca-d9cd-4245-9fdb-7091a914b64a,2025-07-01,Monday,19:46,11:46 PM,TV,Documentary,5,5.0,1
0471619b-bec0-477e-8086-07f1b32286d6,2025-04-11,Thursday,5:03,08:03,Tablet,Documentary,1,4.2,0
71d7e2fa-c981-472b-9a79-69914bbc9365,2025-04-21,Sunday,23:21,12:21 AM,moblie,Documentary,3,6.0,0
cabd0e0d-00cd-4188-aded-c2b78014ede1,2025-05-16,Thursday,19:42,23:42,Mobile,Documentary,3,5.1,0
dc5e5e97-dc61-4ac1-bf81-34754b84ad0f,2025-04-09,Monday,03:28 AM,06:28,,Movie,3,5.6,0
e064c1da-8c1f-4152-9b9a-58070c5b89a3,2025-02-10,Sunday,09:04 PM,00:04,TV,Series,5,4.1,1
77905861-f7ed-43d4-a901-f1aeea26c4fa,2025-03-06,Monday,08:39 PM,00:39,lptop,Movie,2,6.9,0
b795dbd8-d16e-4bb8-bb05-037e964cc11a,2025-06-14,monday,09:51 PM,10:51 PM,moblie,Series,1,7.0,0
abb89e1c-2f28-4040-aeed-ad5e94d78736,2025-05-24,wednesday,19:42,20:42,moblie,Series,6,4.7,1
d08e2572-f53b-4c0a-959a-8032be3067cf,2025-05-22,tuesday,23:52,02:52 AM,Mobile,Series,1,6.3,0
0545853d-8fa4-4eeb-8e33-23b481188237,2025-07-20,wednesday,11:38 PM,12:38 AM,Mobile,Documentary,13,2.3,1
1f65f7f0-161e-49f8-b897-962407a9d473,2025-03-21,Friday,08:05 PM,22:05,,Documentary,2,8.0,0
162a8d6c-412f-42fe-93ad-7a192e58f48f,2025-06-18,Friday,19:39,11:39 PM,,Movie,6,7.4,1
21a414ae-4165-4f9f-8380-5f34c2b93c59,2025-07-30,Tuesday,12:20 AM,03:20,moblie,Series,4,5.8,1
60531198-3ebf-4002-b699-598662dae5a1,2025-05-21,Sunday,20:44,10:44 PM,moblie,Series,5,7.3,1
c1affb50-59e5-4c06-8b81-286f860af466,2025-04-18,Friday,09:44 PM,23:44,Mobile,Series,4,4.1,1
db77cd03-8719-464e-ad3b-a355ef02e4b9,2025-07-07,Thursday,06:52 PM,20:52,moblie,Series,1,6.8,0
5cb3586a-b2e2-497c-aac7-989c38224e40,2025-02-14,monday,06:06 PM,19:06,Tablet,Series,4,5.6,1
d002178d-3f84-47a6-9de8-2520c8c2c5da,2025-03-21,wednesday,19:22,22:22,Tablet,Movie,2,7.0,0
09f19580-1c46-431f-b910-b5c704f450c1,2025-02-21,Friday,18:41,07:41 PM,Laptop,Documentary,4,4.5,1
70b659e7-059a-4b77-8da9-e23d87663c96,2025-07-04,Thursday,21:04,10:04 PM,Laptop,Series,2,4.5,0
bc64754f-1841-4445-98f6-0edc15a7c13e,2025-06-24,Saturday,20:41,00:41,moblie,Movie,4,7.5,1
ec915435-7833-4f81-963a-70487b020e83,2025-04-28,wednesday,18:03,19:03,,Series,2,6.6,0
4754f8f9-36a8-4560-b1f8-d3570fa29fec,2025-07-28,Monday,21:17,12:17 AM,Laptop,Series,4,4.6,1
d097bf21-d266-4508-bcde-7e66269c4c33,2025-03-22,Wednesday,20:00,09:00 PM,Tablet,Documentary,5,6.8,1
edc44f1b-7a55-4985-b094-0481549c4f90,2025-03-26,Wednesday,04:21 AM,05:21,Tablet,Documentary,5,7.5,1
d10a9ef2-407f-41de-b011-66d7f92bcbef,2025-05-10,Friday,3:11,05:11,Laptop,Movie,5,4.3,1
d5f921e2-a4e9-407d-8493-337f6c319cf5,2025-02-24,tuesday,2:40,05:40,TV,Documentary,10,2.6,1
f84e7871-0691-4aaf-a2cb-70adc8dfc4fe,2025-03-14,Saturday,23:39,01:39 AM,Mobile,Documentary,1,4.9,0
11fa692f-00e8-4e1a-aef5-aa8d68101335,2025-04-13,Thursday,22:34,23:34,,Movie,6,4.9,1
1bb0100d-9af9-46a8-8392-c7007a77061e,2025-05-25,Thursday,08:56 PM,09:56 PM,Mobile,Series,6,,1
299e327b-6a48-4890-be9c-64a39f9e249c,2025-02-19,Friday,21:44,10:44 PM,Tablet,Movie,6,7.9,1
5d82ec58-a4aa-4244-9f5c-a78e3ac6417e,2025-07-20,tuesday,11:04 PM,03:04,moblie,Movie,5,5.0,1
e0a6ea24-3ddd-4b33-aa01-2f6f42656149,2025-07-11,monday,11:23 PM,03:23,,Documentary,4,6.2,1
dabdfd9a-6df0-4b17-92f8-490e77662534,2025-03-28,tuesday,04:07 AM,07:07 AM,moblie,Documentary,6,5.9,1
90da60a7-cc85-4ce3-84ca-51dc2dd34a27,2025-03-17,monday,19:17,23:17,Tablet,Series,2,7.6,0
0c9b875b-89d9-4602-be00-7e9c7264a5b5,2025-06-28,Wednesday,08:25 PM,12:25 AM,Mobile,Documentary,1,7.8,0
0fc9d9fc-d8d9-48cc-9776-d83e6cea690d,2025-05-22,Friday,21:48,10:48 PM,Tablet,Series,5,8.0,1
6d67799f-caa1-481a-a208-2d789024c3b7,2025-07-10,Sunday,2:50,05:50,TV,Documentary,3,7.3,0
5095e2de-164b-48be-85c2-afb9b7f14a10,2025-05-12,tuesday,0:58,03:58,lptop,Movie,2,7.5,0
a9173b46-9b02-4a7c-8bd4-90c321f9a22a,2025-05-14,Monday,22:46,02:46,Tablet,Documentary,6,6.7,1
fd1ab98a-19fb-400e-87f4-d5216b6626ec,2025-07-15,tuesday,03:54 AM,07:54 AM,Laptop,Series,5,7.7,1
cfa374c8-6bfe-4752-ac44-5f671f255ad7,2025-02-08,Friday,20:48,23:48,TV,Documentary,4,4.0,1
33145903-c8b1-4477-8127-ed334fb85ec3,2025-04-03,Saturday,19:35,10:35 PM,Tablet,Series,3,4.0,0
db5876d5-820c-496a-bace-d25d2531413f,2025-02-16,Wednesday,5:04,07:04,,Series,1,7.5,0
ecc53e91-6eba-4a3f-9468-2bd89297cbc7,2025-04-25,Wednesday,07:03 PM,11:03 PM,Mobile,Series,2,4.6,0
bb366dc6-bf79-4da2-a3b8-11c9690de396,2025-02-14,Sunday,1:01,03:01 AM,TV,Movie,4,,1
d818640a-eb24-450b-a558-c97b9da31334,2025-04-10,tuesday,08:32 PM,12:32 AM,Laptop,Movie,5,4.8,1
999b3814-ac26-4ce0-b9c5-72d3df368097,2025-04-29,Tuesday,07:51 PM,09:51 PM,,Documentary,4,7.4,1
4bf246e9-1318-421d-b790-16666bba6f8c,2025-05-22,Monday,10:20 PM,00:20,Mobile,Documentary,6,6.5,1
2a4fe0b6-33f7-42e5-b6ae-5187a29838c9,2025-07-17,Monday,08:05 PM,10:05 PM,lptop,Movie,1,4.5,0
6d3eb4d1-ab5a-4240-beb8-bb8771d97f96,2025-07-22,tuesday,08:42 PM,00:42,moblie,Documentary,5,6.2,1
b9122bbc-630a-4346-8e90-a2cb56fdb7bc,2025-07-30,Saturday,23:38,02:38,Mobile,Movie,6,7.9,1
ed1d7c54-c100-45e0-a4aa-7efd067fef9f,2025-02-15,Tuesday,23:10,00:10,TV,Series,4,5.6,1
ebe85ddd-07bb-47e6-ba47-f81b0dbe56d0,,Friday,07:04 PM,23:04,TV,Movie,1,6.3,0
1105a489-8707-400b-8b83-e273845d49fa,2025-04-12,monday,11:49 PM,01:49,moblie,Movie,2,6.6,0
38d93740-02ca-4b2d-b062-4696b0cde29c,2025-08-05,Wednesday,04:45 AM,08:45 AM,Mobile,Series,1,7.5,0
0225b7a1-d6e7-4961-ad86-0d7c2ea57889,2025-04-07,wednesday,20:40,12:40 AM,,Series,4,4.5,1
2d08603d-64b2-4be5-baba-7c02fd274972,2025-06-19,Saturday,06:20 PM,07:20 PM,Tablet,Movie,4,6.7,1
a497320e-4c02-4838-85a4-9ca7af5c2baf,2025-06-21,Saturday,2:27,04:27,TV,Movie,6,,1
10c8eba2-9e3a-43bc-9b98-3a7604d25c2c,2025-03-19,Sunday,21:19,01:19 AM,Mobile,Series,1,4.2,0
b9fab6a9-3eac-4622-b69e-ad401124ac50,2025-05-26,Friday,10:13 PM,02:13 AM,moblie,Series,6,4.5,1
38c65bd5-d2bb-451f-8442-edd2b0a5cafe,2025-07-18,tuesday,22:30,01:30 AM,Mobile,Series,5,4.5,1
db7e9947-3a95-4ae5-a3d4-e3328c72a86b,2025-07-13,Monday,12:16 AM,03:16 AM,,Documentary,5,7.0,1
f11289bb-a6ab-43fc-a67f-06345033a6fe,2025-07-08,Friday,09:21 PM,01:21 AM,TV,Documentary,2,6.0,0
5a7d5981-9ad1-41e3-b819-5786311511cb,2025-05-10,Monday,2:00,03:00,Mobile,Documentary,1,5.5,0
aba8bb36-406b-4589-aeb9-baba01dc68d0,2025-08-03,monday,18:31,07:31 PM,lptop,Documentary,2,4.8,0
719f2e1c-4c89-4009-b8db-168c7304f49a,2025-04-15,Tuesday,20:20,09:20 PM,lptop,Series,5,6.7,1
70299079-dad8-42e0-9d4e-a79c781cc9e5,2025-03-19,Monday,21:54,22:54,TV,Movie,5,6.5,1
a8d46371-686f-4e2b-bda8-5b77803a72d7,2025-02-24,Thursday,20:12,22:12,Tablet,Movie,4,7.0,1
9f2e50b7-8d12-4963-950a-b8f0f06a2eb4,2025-04-13,Thursday,4:31,07:31,Mobile,Documentary,5,,1
d988c89f-c97d-46ad-9851-3ed2eb489229,2025-07-19,Sunday,10:06 PM,01:06,TV,Documentary,6,7.0,1
7cd61525-eef2-471a-b01f-62f7678a4db5,2025-05-30,Sunday,23:20,03:20,Mobile,Movie,5,5.6,1
a448a06c-a84c-4ab8-afb4-7a170b053a6a,2025-05-09,tuesday,07:04 PM,23:04,Tablet,Series,2,7.5,0
a7c5d0ab-58aa-4013-b798-68298a099db6,2025-05-28,tuesday,22:20,02:20,lptop,Movie,1,4.3,0
91a976b6-7c4c-45df-8c2c-34cc59423b50,2025-07-17,monday,20:30,21:30,Tablet,Series,15,3.2,1
4aadbf18-96cd-401d-9ae3-e2377b48ebe7,,Tuesday,08:05 PM,23:05,Tablet,Movie,5,5.6,1
b389d0ec-1bd7-4670-ab79-aa8b41a31327,2025-02-14,Thursday,08:42 PM,22:42,Laptop,Movie,5,5.2,1
b40720b2-67c1-4c07-ac99-e9e6f2b8d8f4,2025-06-24,Monday,19:11,20:11,TV,Series,6,6.6,1
81d1980f-54da-49be-abcb-1d90865260b6,2025-04-14,Saturday,08:43 PM,10:43 PM,Mobile,Movie,6,6.6,1
ed58e047-7acb-4e89-9136-07b460d2584c,2025-07-18,Saturday,18:33,10:33 PM,moblie,Series,1,6.9,0
483f0287-d032-41b2-a8f0-85574c6ad70d,2025-04-10,Friday,19:53,20:53,lptop,Movie,2,5.1,0
12c81926-5953-42f3-8aae-33e817d9e597,2025-05-27,Friday,1:36,03:36,moblie,Movie,2,5.8,0
f073772b-c178-4606-8116-90c45add4c5b,2025-03-06,wednesday,0:58,03:58,Laptop,Series,1,4.3,0
c208ec40-15e1-41a8-a32a-7ffbe44af91a,2025-06-08,Monday,22:11,23:11,TV,Movie,3,,0
a50abe13-fa95-46ce-8377-b0b82df01d5b,2025-02-12,wednesday,22:34,11:34 PM,Laptop,Documentary,2,4.3,0
fca286d2-f744-4e1e-b2e9-402ea15e5395,2025-07-28,Sunday,18:30,08:30 PM,Mobile,Documentary,6,5.5,1
7ec32237-9ac1-4dc6-86af-2fce9f7fd997,2025-06-09,wednesday,20:29,00:29,moblie,Documentary,3,4.4,0
36575e8c-28aa-4b75-917c-41bf4746d41f,2025-05-31,Wednesday,11:00 PM,01:00 AM,Tablet,Movie,5,7.1,1
af0e9435-6359-4d1f-90f4-4cacf56dd8e2,2025-05-13,monday,09:20 PM,12:20 AM,moblie,Documentary,1,7.4,0
4d768f5d-9ec2-430d-98e8-d04a08de501b,2025-05-29,Tuesday,20:23,00:23,lptop,Movie,2,5.1,0
6fa3f661-6cfb-40e1-88ef-38e45c79e02f,2025-04-21,Friday,23:08,00:08,Tablet,Documentary,5,4.1,1
0c4b4c4b-7146-4075-825c-6870e300cabe,2025-03-16,Wednesday,22:11,02:11 AM,,Movie,2,5.5,0
8fcc8631-2e5a-4187-8c50-ffb9a885938c,2025-06-06,tuesday,22:38,00:38,lptop,Series,1,4.2,0
9076ba46-366b-4136-8c86-fe926c8703a7,2025-02-23,Tuesday,02:42 AM,04:42 AM,Mobile,Documentary,3,6.8,0
7a8bd112-07e3-4bef-b917-1a5917f70055,2025-05-16,tuesday,09:45 PM,11:45 PM,moblie,Documentary,5,4.9,1
56dd4add-6d60-4ad3-96e2-f087e1d7af60,2025-06-26,monday,20:18,00:18,Laptop,Documentary,6,7.4,1
e9a11b32-972c-40ff-ae62-61f485402353,2025-06-04,Wednesday,11:02 PM,12:02 AM,,Series,5,7.3,1
91e84cc8-588e-4b8b-bb07-6caa5d81894d,2025-03-12,Saturday,04:10 AM,06:10,Laptop,Series,3,4.2,0
1c5ec331-58e3-4b02-aaf8-76fdea6173bc,2025-04-21,tuesday,22:08,02:08,TV,Movie,3,7.9,0
3536035e-592a-477f-a373-71ad682953a4,2025-02-13,Monday,19:38,08:38 PM,,Documentary,4,5.4,1
bc963a1c-6931-49d6-8856-6561a0099ce0,2025-04-30,Wednesday,08:14 PM,10:14 PM,TV,Documentary,2,,0
77964e27-c6e0-4445-a6b7-b9e08fcbdb82,2025-07-05,Saturday,10:49 PM,01:49,moblie,Series,2,7.6,0
8a412808-1092-43eb-a3ce-8ede55ad8f10,2025-04-01,monday,3:17,06:17,Tablet,Movie,6,4.5,1
4deb610e-8238-4b06-b468-b6659eaf1ed5,2025-05-05,Sunday,23:54,02:54 AM,TV,Documentary,6,4.6,1
d5873f31-47f7-442d-9920-8e074154bd40,2025-06-27,Thursday,08:38 PM,11:38 PM,lptop,Documentary,3,6.4,0
91530cad-dbe9-4aa0-a43b-5a1e5015fe85,2025-03-01,Thursday,22:20,01:20,Laptop,Movie,11,,1
b36f93fc-1dee-4318-92fe-890352072fb2,2025-03-05,Tuesday,10:04 PM,11:04 PM,,Series,4,5.6,1
ecad02ca-1ca9-4dd2-bfcb-5cc781421291,2025-06-16,Saturday,1:27,04:27,Mobile,Movie,2,4.7,0
75be81fc-28c8-40cc-a439-e7a824c8c0ae,2025-03-18,Sunday,0:12,03:12,TV,Documentary,4,5.0,1
d79f958f-55b0-4ebc-9139-4600221ae072,2025-02-06,Thursday,11:32 PM,01:32,Tablet,Documentary,5,4.3,1
54692bd0-d459-4361-839a-5ecca5ed0c76,2025-03-29,Friday,22:08,02:08 AM,moblie,Series,1,5.9,0
3eca7314-4cbe-46ba-ae99-fd2f8083db1d,2025-07-05,tuesday,1:06,05:06,Mobile,Series,3,6.8,0
10a31b0d-551b-4373-908d-d39f59abbfbd,2025-05-25,Friday,20:04,23:04,TV,Series,2,7.4,0
b34b86a8-bc27-462f-a44e-2e05aa532a1e,2025-05-05,wednesday,10:04 PM,02:04,Tablet,Movie,2,5.9,0
25f69756-46a2-453f-9679-b05ef04401ad,2025-03-06,Monday,23:25,12:25 AM,Laptop,Movie,5,6.3,1
5b1a10b0-ed39-4d32-a087-81802975afbc,,Friday,20:20,21:20,moblie,Documentary,4,6.0,1
63a102a9-61fb-4b63-ab10-ecd7e12fe7ea,2025-06-06,wednesday,07:49 PM,21:49,moblie,Series,4,6.5,1
3ca80cd8-36af-4f74-ba67-8efe6a1f1330,2025-02-24,Thursday,23:45,01:45 AM,,Series,5,7.3,1
64a60a2e-d9ed-4a77-b109-5f52a2d31d80,2025-04-19,monday,19:29,20:29,Laptop,Movie,5,5.7,1
3892dd18-91c9-4806-9be1-c5b4a0f0e59e,2025-02-08,Tuesday,04:12 AM,07:12,Tablet,Series,4,6.5,1
6a4a9a35-4271-4c86-a0ac-639601b6cee7,,Tuesday,10:17 PM,00:17,lptop,Documentary,6,6.6,1
1c6f4f42-945f-412b-beb8-e3e8289c7c9e,2025-06-15,tuesday,23:18,03:18,Mobile,Series,6,6.0,1
f52232f9-e185-4073-979c-03ce1eda39e2,2025-04-12,Monday,05:49 AM,08:49,,Movie,2,6.4,0
700cc441-8867-4dd5-873a-e24d95889b85,2025-04-01,wednesday,08:30 PM,09:30 PM,Mobile,Series,3,6.0,0
d9fbb8c2-7c01-43d5-b532-5e3a37c01451,2025-07-03,tuesday,08:19 PM,11:19 PM,moblie,Movie,1,,0
ef1e18a8-f245-42ae-9b00-9278f9014035,2025-05-19,Monday,06:49 PM,09:49 PM,Mobile,Movie,4,7.7,1
3341d9fe-58a0-4dc7-a5a9-ccc885e94113,2025-05-28,Wednesday,21:26,01:26 AM,lptop,Documentary,1,6.4,0
8310cabd-e603-4022-ae3d-a31a977e0402,2025-05-13,Wednesday,4:57,05:57,moblie,Movie,2,5.3,0
c9bcf03e-ca10-45d6-b710-016b728950dd,2025-02-14,Sunday,11:38 PM,00:38,TV,Series,15,2.9,1
6c4abcde-c5ed-4a07-9f1a-989277820591,,Friday,11:54 PM,12:54 AM,lptop,Movie,2,7.2,0
0853526b-0f37-4a1c-85be-55d6da0ff1d8,2025-05-08,Friday,2:21,05:21 AM,moblie,Documentary,4,5.7,1
a38d2a34-0c8b-44e5-9f17-f627230cbf29,2025-06-27,Sunday,20:21,11:21 PM,Mobile,Series,5,6.3,1
8eb6ac8d-9a4b-483a-abdb-4b245f9ecea2,2025-07-30,Wednesday,09:28 PM,00:28,,Movie,1,5.8,0
a0c3bdad-5e24-4ce7-8994-039cf8d18504,2025-03-08,Wednesday,11:46 PM,02:46,,Movie,3,5.6,0
b9c006d7-3750-405d-8f43-af79de9d73aa,2025-06-06,Sunday,22:25,11:25 PM,lptop,Movie,1,4.3,0
968d1d56-8208-48b7-9cd5-bef65c621338,2025-06-02,Monday,18:03,20:03,lptop,Series,2,6.9,0
b93d19b4-6908-48b5-831d-2cbb582a41d0,2025-06-11,Thursday,11:45 PM,01:45,,Documentary,4,5.9,1
7f585071-e764-44ba-bf9e-60f1a57234eb,2025-04-16,Tuesday,2:36,06:36 AM,Mobile,Documentary,6,4.8,1
fc68e53b-74ed-4845-a5a0-3212bc11a5b8,2025-06-20,Tuesday,05:01 AM,09:01 AM,moblie,Series,3,6.2,0
aa4ccd75-6140-4dec-b497-ad34a25f9f56,2025-03-13,Friday,11:47 PM,00:47,moblie,Documentary,6,7.6,1
07745dc2-b365-40fd-bbf7-c8a89a1fda70,2025-03-23,Tuesday,08:15 PM,09:15 PM,,Documentary,3,5.6,0
51f660d9-5d12-42dd-bfca-351890f15bdc,2025-03-12,Thursday,09:25 PM,12:25 AM,Laptop,Series,5,5.1,1
1317c659-f910-437a-90ea-c0af73d40c16,2025-03-03,tuesday,21:42,10:42 PM,TV,Documentary,1,4.7,0
77f7db79-d615-4669-84d4-da5a33225ca4,2025-08-01,monday,09:27 PM,22:27,Mobile,Movie,3,,0
fcf0dc87-6cc1-4d3c-b516-7c9fba14d341,2025-08-06,Wednesday,22:48,02:48,TV,Movie,3,4.9,0
427b9fec-c111-49e2-8510-95f8bf813284,2025-03-29,monday,22:34,01:34 AM,lptop,Series,1,6.5,0
3f62ce99-324a-478c-aa26-875240edc4ae,2025-02-16,Wednesday,08:01 PM,22:01,Laptop,Series,2,7.7,0
403c7212-eb39-49bb-a7da-f246744009db,2025-02-05,Tuesday,4:04,05:04 AM,Tablet,Documentary,6,6.1,1
543c2d15-98b6-4366-9282-fa22bfb72a0e,2025-05-14,tuesday,0:16,01:16,lptop,Documentary,6,4.9,1
8cebe956-c457-4851-b64f-e9de0ea8e03b,2025-07-11,Wednesday,05:10 AM,09:10 AM,lptop,Series,4,6.9,1
1581a757-f1f1-4946-bdd4-5abbe6f6b163,2025-05-27,monday,08:52 PM,23:52,,Series,1,6.5,0
c7e8f49e-4b13-4178-abb0-b7b44e55a224,2025-02-14,Saturday,4:55,08:55 AM,Tablet,Movie,4,7.7,1
4012cfb0-81a5-48ab-b717-20d07e21dfbf,2025-07-10,Saturday,06:11 PM,22:11,Laptop,Series,2,6.8,0
bbb5787f-c643-4549-b8fc-511e5b1b5fe5,2025-07-22,Friday,20:57,00:57,Laptop,Series,5,4.0,1
71a13801-9650-4d1d-96cb-826d7c7d3744,2025-06-09,Thursday,23:19,03:19,TV,Movie,6,5.1,1
d384b623-2909-4472-a841-cbad1db6767b,2025-05-11,Monday,06:59 PM,07:59 PM,Mobile,Series,2,5.1,0
d489d69d-36c1-4270-9d76-a3dbb729256b,,Monday,18:20,21:20,TV,Series,5,6.5,1
e0d88cf7-da9e-41a8-9742-1183e67b9b9a,2025-06-12,Sunday,10:19 PM,01:19 AM,Laptop,Movie,1,7.7,0
71f5b3c3-3211-4b2a-968b-fde6009747e7,2025-07-28,monday,20:52,09:52 PM,Laptop,Movie,3,7.7,0
8085675d-456c-4bfd-9935-ee44da3a7226,2025-07-31,Wednesday,08:53 PM,09:53 PM,lptop,Movie,2,4.4,0
44a26345-2524-41b2-af43-934f97c3ef56,2025-03-21,monday,0:46,01:46 AM,TV,Series,6,4.2,1
895092ba-c675-4edf-bf24-a06671de213f,2025-05-20,Wednesday,21:47,00:47,Mobile,Series,6,,1
46247dfc-c001-4e0a-8b82-9e262dca4617,2025-06-21,Saturday,07:01 PM,23:01,Mobile,Series,3,4.3,0
44ab3151-ab1f-42fb-8841-b425fab8b48e,2025-02-11,Sunday,21:05,12:05 AM,lptop,Movie,5,7.5,1
a57bf676-ff73-4551-8c17-503ebb5162bd,2025-07-13,Friday,18:00,10:00 PM,TV,Documentary,2,6.5,0
d803a8ce-9541-4e84-aa88-84ce9f721612,2025-05-06,Tuesday,3:44,06:44 AM,TV,Documentary,15,3.3,1
02e81198-20e8-40a9-afe9-99f9c183530e,2025-04-09,monday,10:08 PM,00:08,TV,Documentary,4,5.6,1
4168af39-3c78-49f6-8851-c5bd72879458,2025-06-18,Friday,23:39,03:39,lptop,Series,3,7.4,0
882892cd-9260-4dcb-9251-8efb0668d102,2025-04-15,Tuesday,06:39 PM,21:39,moblie,Movie,5,6.1,1
d3e057fe-a2f6-4fc7-8de6-73af19dc3bbd,2025-05-31,Monday,23:27,12:27 AM,lptop,Movie,1,4.5,0
0f58f5ef-42d8-436f-8884-3d024ce9b29e,2025-03-21,Monday,23:10,02:10 AM,moblie,Series,1,5.6,0
a73c94d0-d10a-4a54-bbf6-0d0c07c0d486,2025-05-31,Sunday,07:09 PM,21:09,lptop,Series,1,6.2,0
c777f735-70d5-4b0d-91c4-50ed53743403,2025-02-25,tuesday,11:39 PM,12:39 AM,Mobile,Movie,6,6.6,1
0bd48313-500b-41b6-accc-94407f77c9e5,2025-07-04,wednesday,21:55,01:55 AM,Mobile,Series,10,3.4,1
de19a085-105a-490d-8b77-962e8803944c,2025-06-03,Friday,07:22 PM,08:22 PM,Mobile,Documentary,2,4.1,0
8eb3d343-d495-4741-8380-009b00a13b4d,2025-06-24,Sunday,09:47 PM,00:47,moblie,Series,4,6.9,1
0d3a192f-35d6-48b2-bf18-01bdfda4fea8,2025-04-17,wednesday,12:37 AM,01:37,Laptop,Movie,5,5.7,1
5dab357c-03f6-4406-b9b6-94bbd475279d,2025-07-31,tuesday,5:14,06:14 AM,moblie,Documentary,3,5.5,0
edf64077-976e-4753-af99-1f323315cad9,2025-07-20,Friday,11:17 PM,03:17,moblie,Documentary,5,7.9,1
538acdd5-b4b4-4cf5-a268-45083d3f434d,2025-02-17,Sunday,21:59,01:59 AM,moblie,Series,2,7.8,0
99e6dc05-4845-4870-a938-c95b35e7272e,2025-07-26,Thursday,10:42 PM,12:42 AM,moblie,Movie,6,5.5,1
93cf7442-ce00-4d0e-870f-86b0e7de4df4,2025-05-23,Wednesday,23:43,03:43,Tablet,Series,2,4.9,0
06070756-59af-4340-9f98-66d48807b842,2025-03-07,Thursday,08:50 PM,21:50,Tablet,Movie,4,5.6,1
5a1b9448-fbcc-449e-89c0-fd65ae55e66e,2025-07-27,Monday,11:45 PM,03:45,TV,Movie,6,5.0,1
386a9a17-1276-48a1-b143-3d1df0265236,,Wednesday,08:15 PM,11:15 PM,lptop,Series,6,6.3,1
22cd708f-3234-4d9b-aa4a-65be7fd5b0f0,2025-03-02,Saturday,08:13 PM,10:13 PM,Tablet,Series,3,5.0,0
11a4407d-5c5d-49cf-b03d-ab5bae4fb2f6,2025-06-23,Monday,10:45 PM,11:45 PM,TV,Series,6,5.9,1
a4ba6bb0-455a-4d87-9ba6-f54349c17f71,2025-04-04,wednesday,23:35,01:35,Laptop,Documentary,2,5.2,0
2bb5a4b1-1e74-467e-a3f9-35fa020c8c2f,2025-03-14,Saturday,18:15,10:15 PM,Mobile,Documentary,1,5.4,0
2b33acf9-b89f-408c-9940-6ccae5655117,2025-04-17,Sunday,08:58 PM,21:58,Tablet,Documentary,5,6.7,1
8ded4ce9-c395-49f7-b893-8684ff855f11,2025-04-25,Tuesday,20:07,10:07 PM,lptop,Documentary,5,4.1,1
057206b7-c120-41af-b780-6ad9f2147cfe,2025-05-13,wednesday,08:54 PM,11:54 PM,Tablet,Movie,5,4.1,1
cde91884-5740-4307-b4de-c5d6ed0eed8f,2025-05-10,Saturday,08:05 PM,23:05,,Series,4,5.7,1
97cc471f-e3bc-4b1a-97d0-d7a588ec1581,2025-05-05,Thursday,22:16,12:16 AM,,Movie,6,6.3,1
a354e4d5-5613-4bb7-879d-4353336c87e0,2025-04-13,Sunday,09:43 PM,11:43 PM,moblie,Movie,3,7.4,0
5eb07595-1914-4277-b3c9-83a6da573d33,2025-08-06,Thursday,12:59 AM,02:59,Mobile,Movie,2,,0
c859df65-a358-4255-8369-585e097c32da,2025-05-29,Friday,12:01 AM,04:01,TV,Documentary,5,5.7,1
b6865a38-10db-46e1-83a2-7eda689d9dc3,2025-06-20,monday,23:57,00:57,,Series,3,4.6,0
82db3f03-c9e9-478c-a183-05624e300c2f,2025-05-24,monday,12:16 AM,01:16,Tablet,Movie,4,4.6,1
942e4e32-237f-4301-b8fc-8f2eedf404fc,2025-04-09,Tuesday,11:29 PM,01:29,Mobile,Movie,1,5.2,0
33ed6230-1621-4176-9094-89d3363781f1,2025-02-21,monday,20:58,11:58 PM,Mobile,Series,1,5.1,0
0b34c1eb-e6b3-493c-b264-ba6d7bf20a74,2025-05-07,Friday,12:20 AM,02:20 AM,Mobile,Documentary,3,7.7,0
1fd3eb37-08d9-4343-82f6-8cbf60f01217,2025-03-31,Tuesday,20:02,10:02 PM,moblie,Series,3,7.4,0
a5a25aeb-9ee0-4487-86b0-42df40b49dd5,2025-03-20,monday,21:14,01:14,TV,Documentary,5,4.2,1
3bbb6c33-ceb5-49dc-a437-e1bd09a0105d,2025-02-26,Tuesday,08:27 PM,10:27 PM,,Documentary,2,4.9,0
457256c8-146e-49f5-a3eb-a6dbdf530a63,2025-04-02,Tuesday,10:36 PM,00:36,,Series,3,5.7,0
26c0f198-2327-4f6d-aa39-b7729562d87f,2025-06-29,Wednesday,19:50,20:50,Tablet,Documentary,2,4.2,0
b81186f7-38f3-4ec7-aa6a-280e4ec553d3,2025-05-28,Wednesday,4:28,08:28,Tablet,Movie,4,6.7,1
e583ed21-687b-4a85-820d-ea590737cd04,2025-04-05,tuesday,21:24,00:24,Tablet,Documentary,5,4.2,1
a94c2a4d-557f-4bb5-9bc8-15852df4f428,2025-08-04,tuesday,11:04 PM,12:04 AM,lptop,Movie,3,4.2,0
b877feee-dee9-47b3-96b6-fc7c888163ed,2025-06-12,Friday,09:44 PM,00:44,moblie,Series,1,5.2,0
0ec3a341-298c-4116-b765-e1527d4fc3bd,2025-02-25,Tuesday,02:31 AM,06:31 AM,TV,Movie,6,,1
76321db4-38bf-4cc6-886d-928d0b9e882f,2025-07-26,Tuesday,0:33,03:33 AM,moblie,Series,4,6.5,1
c36c9022-7c44-4274-9e1a-14ff13e6dbc3,,Saturday,03:01 AM,04:01,moblie,Movie,5,6.4,1
5db49b7a-b14f-451a-9fb1-10af8722857f,2025-07-28,Friday,1:52,02:52 AM,Tablet,Documentary,6,7.8,1
5df3b51c-6da7-487b-a9ac-dace92ecb1c7,2025-02-21,wednesday,06:22 PM,09:22 PM,,Series,6,5.6,1
c97ee5d1-f763-49e2-905c-cf1ff5b4811a,2025-06-28,Wednesday,09:14 PM,10:14 PM,Tablet,Movie,3,4.1,0
8f40ae77-1dec-4dcf-b381-f6e2df8f3e7f,2025-02-14,Friday,21:30,11:30 PM,lptop,Documentary,6,6.2,1
cfe43707-ca8a-4d8e-bafc-06e3760f3928,2025-03-09,Thursday,0:03,04:03 AM,Tablet,Documentary,3,5.8,0
4de66942-8ce9-45f8-a6e3-fd3f4b436116,2025-08-04,Monday,23:17,02:17 AM,moblie,Documentary,1,4.5,0
02297243-a048-4eab-ac85-65eb541cc151,2025-08-06,tuesday,19:32,22:32,TV,Documentary,3,5.0,0
f0df705b-1f19-4035-8933-c357921de76c,2025-05-22,Tuesday,07:06 PM,22:06,Laptop,Documentary,2,6.5,0
4a0cc464-8ddc-4c36-bc91-cc1eccff3733,,Thursday,1:07,04:07,lptop,Movie,3,7.2,0
d53d79fd-2c14-45d6-b7d4-2ae8cb825c6f,2025-06-18,Wednesday,09:40 PM,10:40 PM,Tablet,Documentary,2,7.8,0
11d13d7b-196b-4065-a028-d60d88444e17,2025-07-14,wednesday,20:41,23:41,Laptop,Series,1,4.8,0
09035e24-e96b-4e4c-9f53-91ab3cd2bec6,2025-06-29,Monday,3:10,06:10 AM,Mobile,Series,3,6.8,0
70d670e3-fe8e-4cd5-905e-7a33829d2c0f,2025-07-03,Tuesday,10:34 PM,02:34 AM,lptop,Series,2,5.1,0
4fde80a9-876f-419a-bb09-b145ffa663bd,2025-07-26,monday,19:56,22:56,lptop,Series,4,4.2,1
37fee2e8-1712-4eb0-b002-0f13a33bf10c,2025-03-21,Thursday,22:31,02:31 AM,,Series,3,7.0,0
74dc6249-7829-4809-9037-371a12158701,2025-05-11,Tuesday,21:50,00:50,TV,Movie,4,7.1,1
abefa8f7-376d-4006-a7a2-787a3fb76ab9,2025-05-21,Friday,22:20,00:20,Laptop,Series,5,8.0,1
e2b6a78c-f667-4bb1-9127-49f65da5fafc,2025-06-04,Wednesday,06:55 PM,10:55 PM,Tablet,Series,6,4.3,1
93d467e4-b92a-4856-b496-a6f7eef038a8,,wednesday,20:52,12:52 AM,Laptop,Series,5,,1
62272465-f3c1-48fb-9b97-b1c3161a16d4,2025-05-01,Saturday,06:51 PM,21:51,,Series,6,4.3,1
ab1196a5-aae5-482b-9d06-c8b54be57e11,2025-06-15,Monday,08:28 PM,09:28 PM,Laptop,Movie,6,7.7,1
6761f6f2-c7d9-4202-a0a1-ce940183b798,2025-03-23,wednesday,20:44,09:44 PM,moblie,Series,2,5.9,0
751f216d-46c8-4a5e-8b2d-26434f95fedd,2025-04-25,Saturday,4:11,05:11,Mobile,Movie,4,7.7,1
b891e69f-d673-4812-90c2-88b63527545c,2025-02-26,Wednesday,19:50,09:50 PM,lptop,Series,6,5.5,1
fc5ca2cd-c9c0-472a-9276-8517ea488564,2025-02-27,Thursday,06:40 PM,09:40 PM,Laptop,Movie,6,5.5,1
7e249303-273a-4b2c-bccd-06e3811cc595,2025-03-14,tuesday,08:20 PM,11:20 PM,Mobile,Documentary,1,7.7,0
490b1076-850f-462b-8e61-094e0fcebd2a,2025-05-04,Tuesday,19:09,08:09 PM,Mobile,Series,5,6.3,1
d9d6c6c1-8ce6-4f13-b2d3-c8e467c7679a,2025-05-10,tuesday,09:31 PM,01:31 AM,moblie,Movie,1,4.8,0
e8bff917-5340-4432-9abd-23f21d22e8e8,2025-02-19,wednesday,20:31,12:31 AM,,Documentary,4,7.6,1
ce772a01-19d3-42ed-8da1-6458af2b874b,,Sunday,21:06,11:06 PM,lptop,Series,2,4.2,0
e402bb56-ce52-4767-88da-1ca110cfddb8,2025-02-13,tuesday,09:49 PM,23:49,moblie,Series,3,7.2,0
063abfa5-4f05-4bb9-8854-5e3028043d05,2025-04-26,Wednesday,22:01,02:01 AM,Laptop,Series,5,6.5,1
add9123e-8d59-4ea6-af0f-7f2273b57db9,2025-03-31,Sunday,10:40 PM,01:40,moblie,Movie,3,5.6,0
39cf7ff7-5450-4b49-ac24-7bd5f8fe92fe,2025-05-31,Saturday,02:00 AM,03:00 AM,Laptop,Series,5,5.0,1
cb14d95e-27b1-4360-a111-9017055ff967,2025-02-18,Saturday,22:34,11:34 PM,TV,Documentary,2,7.5,0
4d7a16fd-bee1-47ce-8a25-c370e640fd6a,2025-02-15,Saturday,04:07 AM,05:07 AM,lptop,Documentary,5,6.7,1
edc7f7b8-7e04-4a4f-b84f-f4ba5700f65c,2025-03-05,tuesday,11:33 PM,12:33 AM,,Documentary,1,4.3,0
1aec4545-488a-4a16-90f7-d34e79bcbf7f,2025-03-26,tuesday,10:13 PM,01:13 AM,Tablet,Series,3,7.7,0
ef78cf57-85cb-42a5-9c73-260298bad519,2025-04-09,Friday,05:39 AM,08:39 AM,Laptop,Documentary,2,4.1,0
42f68819-8c46-4b9a-bd06-0a1bad0f99f6,2025-05-13,monday,06:44 PM,19:44,Tablet,Documentary,1,4.9,0
2f611301-efe8-49a7-8707-c37e57b1fdd0,2025-03-30,tuesday,09:41 PM,10:41 PM,TV,Series,5,7.5,1
11c0964d-e7a3-4a3a-8689-c4e983781b38,2025-06-07,Monday,20:37,22:37,Mobile,Series,5,6.7,1
c357ca3b-d1e0-4818-81da-d4453a64f6b0,2025-02-05,tuesday,06:21 PM,07:21 PM,Laptop,Documentary,6,7.9,1
f3299649-ae15-4a0a-9162-f3913423701b,2025-06-08,Thursday,4:07,05:07 AM,Laptop,Series,6,6.0,1
a5b934c5-152d-4926-af46-7d534846ced6,2025-02-17,tuesday,22:01,23:01,moblie,Movie,4,7.0,1
669aed2c-2447-452e-b23a-93d6d1c83411,2025-04-12,Sunday,04:01 AM,08:01,moblie,Series,5,5.0,1
485eed1b-a765-4975-af51-a4ea66d7a4d2,2025-04-04,Thursday,20:59,21:59,Tablet,Movie,6,5.5,1
9b15b726-a6ac-40f3-9620-d9d8dcf2b482,2025-07-16,Wednesday,08:04 PM,00:04,Tablet,Movie,6,5.7,1
7b74f047-3fda-420e-936a-7c945a4315c6,2025-03-28,Thursday,09:08 PM,11:08 PM,Laptop,Series,4,7.4,1
afb9ba27-dcdd-4d4e-9c8c-7496bdb1ab87,2025-03-02,Monday,1:47,02:47 AM,lptop,Movie,6,7.2,1
e4ddcd25-91b2-46f8-bdcd-06adc6194d99,2025-03-18,monday,18:50,21:50,,Series,1,7.1,0
b5375f3e-ea6e-401c-8b24-86b2db426eb9,2025-07-28,Saturday,01:53 AM,02:53 AM,Mobile,Documentary,5,7.2,1
10191d45-0256-481f-ae5d-e8d6ff94c0ec,2025-07-30,Friday,18:58,09:58 PM,TV,Documentary,6,4.2,1
71568177-e949-4700-9f11-e101e6158cd3,2025-06-08,Tuesday,23:59,02:59,,Documentary,3,4.3,0
444c40d3-0efc-4c7c-b2dd-ec1417907b07,2025-04-05,Sunday,21:43,22:43,lptop,Documentary,5,6.2,1
4d8ffa36-6697-4176-9d61-6911c3a8bcbe,2025-03-21,Sunday,4:13,05:13,,Documentary,3,7.2,0
cd08b2bf-864e-482c-982d-3547b3839d36,2025-06-15,Friday,22:38,01:38,TV,Movie,15,2.2,1
319b017d-44ba-463e-82dc-933fb3f4b4d5,2025-04-08,Wednesday,23:26,03:26 AM,lptop,Documentary,5,5.5,1
73a2cf90-6f43-48d6-94e5-83deb5714806,2025-07-28,Monday,20:24,12:24 AM,Mobile,Movie,4,6.0,1
e18b0402-d58b-4e50-a49e-9ff197d91ffd,2025-03-24,monday,19:24,21:24,,Movie,2,7.7,0
2d1ec397-7898-4acf-b5cd-56c230732712,2025-08-03,monday,20:26,00:26,Mobile,Movie,11,3.7,1
1f3c030c-db53-44dd-826d-3e348e4a1b27,2025-07-18,wednesday,21:47,00:47,,Documentary,5,7.8,1
55156c31-f6a4-434c-ba05-841f1f108840,,Monday,5:50,09:50 AM,Mobile,Documentary,6,7.0,1
b7c7f934-faf9-4dce-ab0c-168a96a97acf,2025-08-05,wednesday,19:09,21:09,Tablet,Series,5,5.9,1
c22570bd-4223-463d-838d-cf6c92b7c5ff,,Sunday,20:01,11:01 PM,TV,Series,1,4.1,0
421d945b-313c-4334-b696-66931a959d87,2025-03-15,monday,05:36 AM,09:36 AM,lptop,Series,2,4.5,0
986f3b45-1580-4ae8-a4e0-1f023c33cea9,2025-07-31,tuesday,20:51,23:51,lptop,Documentary,6,4.4,1
c8f16f5d-746a-477b-82c0-2f5bf65cb182,2025-06-23,tuesday,21:35,22:35,lptop,Series,1,7.6,0
0083df7e-a223-428a-a8b9-6d6881d6ab94,2025-03-16,Thursday,07:13 PM,20:13,Tablet,Series,2,5.9,0
6bb329c2-eebb-4c08-a7ec-e5353ff8dc6e,2025-06-23,Thursday,10:52 PM,01:52 AM,,Documentary,1,4.7,0
c94c7ab5-dee9-43fa-8ed0-0aa3aa2975be,2025-04-23,monday,1:29,05:29 AM,Mobile,Series,6,,1
67150213-7741-4ffe-9f7f-bcefb582f18f,2025-03-27,Wednesday,08:23 PM,00:23,lptop,Documentary,5,7.9,1
0404b778-4cfa-4bb1-8be3-24ec0f9058c5,2025-04-22,Thursday,19:20,21:20,lptop,Series,1,5.8,0
22971f40-9f3f-4f22-b0f6-016485cefe59,2025-05-02,Sunday,22:30,12:30 AM,lptop,Documentary,5,4.5,1
72b5224b-0582-4965-a43f-ac6b85ab4d83,2025-03-31,monday,08:49 PM,10:49 PM,moblie,Documentary,5,5.2,1
7b3f5c3b-263f-4974-bdd2-3e743da6dfcd,2025-02-17,Sunday,05:03 AM,09:03 AM,Tablet,Series,4,6.4,1
c988e4a7-1892-4d8f-826f-283878801434,2025-03-31,tuesday,21:41,01:41 AM,Laptop,Movie,4,6.5,1
e9e75658-3ef5-4277-b8e2-4a1d06a6ac89,2025-03-26,monday,07:31 PM,10:31 PM,Tablet,Movie,1,7.8,0
2cc6ebbc-fbfa-4c7f-8088-eb521055ea91,2025-03-13,Tuesday,18:25,20:25,Mobile,Documentary,4,,1
165c468b-ae98-445c-a99a-02411ca98c57,2025-06-26,Tuesday,19:03,11:03 PM,Tablet,Series,2,4.8,0
2c2d7623-2e4b-448d-b022-52d960a128d0,2025-04-23,Saturday,06:03 PM,07:03 PM,Mobile,Documentary,2,,0
400a11ec-837c-48be-83f2-52038a1e5214,2025-06-29,monday,20:41,22:41,moblie,Series,6,7.8,1
527b9061-16f6-4d7e-9526-f2cf2ff9d1f2,2025-02-11,tuesday,04:06 AM,05:06 AM,Tablet,Series,3,6.0,0
2f2e2ca1-ff3b-43a5-a3df-a07d725b2e77,2025-06-06,Friday,19:03,22:03,TV,Documentary,3,4.6,0
ae99d483-3d2a-4972-8957-f44ffb44a336,2025-03-21,Friday,18:24,20:24,Mobile,Series,1,4.4,0
1996e41f-7115-4e3a-84ba-5e8edaaea5d0,2025-06-08,Tuesday,21:25,01:25 AM,Mobile,Series,4,6.5,1
b6026955-877b-4a75-9c12-cfefffeb3c13,2025-05-29,Friday,08:35 PM,09:35 PM,TV,Documentary,3,6.9,0
7ecedd78-68ea-480e-9a75-4acaf67985b1,2025-06-13,Monday,23:35,02:35,lptop,Series,4,4.5,1
32d92a5c-9ea1-414f-aeef-72a19de4e3f2,2025-06-27,Saturday,21:12,10:12 PM,Tablet,Documentary,1,5.0,0
56478845-6e08-4c04-a532-51876a04876b,2025-04-12,Tuesday,21:08,01:08,lptop,Documentary,2,7.6,0
3cd36b95-bd70-484c-b99b-0296ddcca2bb,2025-02-05,wednesday,22:08,11:08 PM,lptop,Documentary,5,6.9,1
3846ecc0-5863-4ca9-bc2d-8bb81c6972a6,2025-02-18,Friday,11:45 PM,01:45 AM,moblie,Series,1,6.0,0
94387bc8-ab7f-41d0-a515-888efd89b5fe,2025-02-26,Wednesday,21:02,01:02,Mobile,Series,5,4.9,1
2a03a3cd-c847-4b42-a58d-a79c1334218c,2025-05-07,wednesday,07:58 PM,09:58 PM,TV,Documentary,4,6.9,1
e17f57fb-4c3c-468a-a936-6de8ca8a38d9,2025-05-20,tuesday,22:47,02:47,TV,Movie,6,,1
4b9d05be-62ad-4dd4-aa81-5a8f3d09ffe4,2025-03-28,Sunday,05:09 AM,07:09 AM,Mobile,Series,4,6.1,1
40f578e3-2f58-4788-86ba-e0b78e049783,2025-06-03,tuesday,23:05,02:05,lptop,Movie,4,4.9,1
c7c6e1f1-fe81-4fae-ac98-7f70b9553a78,2025-07-22,Friday,3:38,04:38,Mobile,Documentary,3,4.6,0
653f8b7e-0aab-41c0-a922-6923d5d229e2,2025-02-16,wednesday,21:38,01:38,,Movie,4,6.0,1
d02ed871-8aef-4392-a19b-103c63be523f,2025-07-01,Sunday,07:03 PM,22:03,,Movie,6,7.5,1
9fc8c55e-edd4-4f2f-bd76-3c41eaa5a1ee,2025-07-19,Thursday,18:03,09:03 PM,Mobile,Movie,4,7.7,1
762461e3-7efc-4c81-b8bc-a23ac744cd52,2025-05-19,Saturday,08:54 PM,21:54,,Movie,5,4.7,1
b82f08c2-3f84-4702-95f1-c5b21a1d75ad,2025-02-06,wednesday,19:14,21:14,Laptop,Movie,2,5.1,0
789a1db2-2cce-4926-a6c1-d74982478bb1,2025-03-20,Friday,18:25,21:25,Laptop,Movie,4,7.6,1
28293355-fb01-44f5-b359-9b14c28f76cd,2025-06-22,Wednesday,11:04 PM,02:04,Mobile,Series,6,6.7,1
1a1b6023-6b5c-43f2-996c-f9e24df7795c,2025-02-05,Wednesday,11:25 PM,00:25,moblie,Series,3,6.4,0
f3b70f00-e0d6-4aa5-acf8-ad77f253b2d7,2025-05-02,Tuesday,06:15 PM,07:15 PM,Laptop,Movie,2,6.7,0
511776eb-af2d-4b92-85da-6034715bb654,2025-05-23,Monday,11:35 PM,12:35 AM,lptop,Movie,4,4.4,1
bc1c8be1-215e-48be-b53a-6dd8d63c7dba,2025-02-18,Monday,03:34 AM,05:34 AM,Tablet,Documentary,5,,1
025a9e4b-f275-4f55-be43-c09a5653ca19,2025-07-21,tuesday,20:00,23:00,lptop,Movie,4,,1
7725fa32-430f-4229-906a-ea1eab674e25,2025-06-14,wednesday,20:56,09:56 PM,lptop,Documentary,4,7.9,1
9038a279-ea64-4b06-90e9-ff2964523650,2025-03-05,tuesday,20:24,21:24,Mobile,Movie,5,7.5,1
997cc3d9-702b-4bf2-b11e-815358ceb472,2025-02-20,Friday,09:43 PM,22:43,Laptop,Series,1,6.2,0
099ee2fe-7282-4d47-bf87-39fa670d1574,2025-06-04,Thursday,20:02,10:02 PM,,Movie,6,7.3,1
4c1a7dd1-dbcd-433c-9fc5-903e76729ba7,2025-02-20,tuesday,21:52,00:52,TV,Documentary,5,5.3,1
3384e903-12b0-4995-8f65-ed950e8f9597,2025-05-22,Sunday,06:03 PM,07:03 PM,TV,Documentary,3,7.9,0
5b80d735-cf63-4e22-9ce1-616910976e1a,2025-06-05,Tuesday,1:23,03:23,moblie,Documentary,3,6.1,0
97a8d971-0f66-4a56-8c93-c3fb1b63853a,2025-04-20,monday,09:38 PM,10:38 PM,Laptop,Series,3,4.3,0
28ee7f26-5bd4-4258-ba46-fdf133873dbe,2025-07-05,Thursday,09:32 PM,23:32,TV,Documentary,4,,1
9374a3f1-eb59-4e76-8deb-be7e052391d2,2025-04-05,monday,3:02,06:02 AM,Tablet,Movie,2,7.7,0
e9dd4830-ee63-46e3-b5e4-227e2d7751a2,2025-02-08,Thursday,23:14,00:14,,Series,5,4.5,1
bae65d56-f53d-400d-95f1-ceceb32bca80,2025-08-06,Wednesday,11:15 PM,00:15,,Movie,4,5.3,1
8a04cfb1-3a0a-4c22-9d5d-b8c9d23a9138,2025-02-17,Wednesday,18:39,08:39 PM,lptop,Movie,6,4.7,1
5a9181ee-ded5-49a1-8fa5-f3e484ab8f7d,2025-04-07,Thursday,09:31 PM,23:31,lptop,Documentary,5,5.9,1
a2d29913-3a9e-41e8-879f-1add07d55de1,,Sunday,21:47,01:47 AM,Laptop,Movie,5,,1
21d91ec4-e335-4834-bffd-709ca72a0507,2025-02-05,tuesday,07:21 PM,23:21,Laptop,Documentary,2,7.1,0
447bb476-b235-4760-85d2-93105e71a16c,2025-03-30,tuesday,11:47 PM,00:47,Mobile,Movie,5,4.6,1
1c2c0c1c-723a-4e8c-935c-ad20797fbab6,2025-07-02,Thursday,07:44 PM,23:44,Mobile,Series,2,5.7,0
9d758625-93f2-44be-ac2b-e8258c3044b0,2025-07-12,tuesday,20:58,22:58,lptop,Documentary,5,6.0,1
ca73bf7b-c526-467d-98a3-115a014dd70c,2025-02-05,Saturday,07:26 PM,23:26,Tablet,Movie,2,5.3,0
f739c450-3385-4d8b-89ee-5963c30aa23e,,Thursday,11:30 PM,02:30 AM,lptop,Documentary,1,4.6,0
21327f42-8e90-4fe6-bd3d-fff40e3c2561,2025-06-13,Wednesday,07:54 PM,20:54,moblie,Series,1,,0
139f09b4-172f-44d1-b2c7-9ed9762ef07a,2025-03-27,monday,07:40 PM,20:40,moblie,Series,3,6.6,0
89d3d673-d385-4625-ba2e-1af6cf3a4e33,2025-05-16,wednesday,2:51,05:51 AM,lptop,Series,3,7.8,0
d3c18adb-a5f3-4a58-ac31-63dfdc866378,,Sunday,0:18,01:18 AM,TV,Documentary,6,5.7,1
78fc917e-b6e5-4535-ae07-8b7ec2f06de3,2025-04-11,monday,1:04,02:04 AM,moblie,Documentary,5,4.2,1
3ed52bb0-806e-40c3-bf83-061435bf3991,2025-02-13,Sunday,08:45 PM,23:45,,Documentary,1,6.0,0
b1c2879d-2832-4689-a3ea-a7cbdfa0f120,2025-03-21,Wednesday,08:10 PM,21:10,moblie,Movie,4,4.6,1
06814b5b-09e3-42dd-aa75-a778f1064b28,,Sunday,18:59,20:59,moblie,Series,3,7.8,0
165430b9-ae70-47e5-8610-761d49138f65,2025-02-28,wednesday,06:46 PM,10:46 PM,Tablet,Movie,1,5.0,0
63fb02d1-ce47-491a-a4b1-998b9a3bf106,2025-04-16,Monday,09:10 PM,23:10,Mobile,Series,6,5.5,1
27dbf905-969a-4666-b5b0-3f7c61eaee54,2025-06-17,Thursday,10:29 PM,02:29,Laptop,Series,3,,0
baaf20b6-98cb-453b-bb73-ea8a2e85440d,2025-08-01,Saturday,22:18,01:18 AM,Tablet,Documentary,2,6.6,0
38244fca-519f-4b0e-bd79-7cd8ba6144e8,2025-02-19,monday,21:39,12:39 AM,lptop,Movie,5,7.4,1
2f1513e7-6f6a-4599-83cc-165046c21328,2025-04-26,Wednesday,04:36 AM,05:36 AM,TV,Series,5,7.7,1
722aea0a-06a0-4bbc-8252-54ac4716fc63,2025-02-17,wednesday,07:42 PM,21:42,moblie,Series,3,5.1,0
1202f53b-2016-4eea-aa94-0a7afa1743b2,2025-07-17,Tuesday,23:16,01:16 AM,Mobile,Movie,1,8.0,0
f91d3d20-da9f-4a4c-8958-eb87da8e7535,2025-03-13,Sunday,19:56,11:56 PM,,Documentary,1,4.2,0
e10ab401-1198-454f-8d29-e55e95c71587,2025-07-27,tuesday,22:34,11:34 PM,lptop,Documentary,4,7.9,1
1d71348d-0222-45af-a4a5-8dac24ce9fc7,2025-04-14,wednesday,09:15 PM,10:15 PM,Mobile,Documentary,1,4.5,0
a4e635c7-e05c-4102-af6b-51a5ad688210,2025-02-20,Saturday,07:20 PM,10:20 PM,,Documentary,4,4.5,1
c6cb2ab5-af35-49c4-944d-0aee27bf050b,2025-04-25,Friday,0:34,04:34 AM,TV,Series,1,4.3,0
fcfd27b3-ac60-4b34-88a0-7d65d053364d,2025-05-07,Monday,10:13 PM,11:13 PM,Tablet,Series,4,5.9,1
28cb423b-8a3e-4d06-9646-59cc423defd7,2025-05-08,Saturday,20:36,00:36,TV,Movie,3,4.3,0
60d84b48-13d6-4755-b930-d92350dff19e,2025-07-27,wednesday,07:54 PM,21:54,TV,Documentary,2,7.3,0
09302f61-53f7-45be-87f6-52f22a40e99a,2025-07-26,Saturday,06:05 PM,09:05 PM,TV,Documentary,3,6.4,0
2d36b9c3-b9b9-4e9f-af61-bf5ee384ed9a,2025-03-07,tuesday,19:35,23:35,,Series,3,5.8,0
d705fc07-585b-4db9-9e26-093027ca8b56,2025-02-05,Wednesday,10:31 PM,12:31 AM,Tablet,Movie,6,5.7,1
5fdc0556-108b-4bfd-8feb-c8ced7a467b3,2025-05-01,Sunday,11:05 PM,02:05,Laptop,Movie,2,6.4,0
1c4d2bcc-4174-4153-b59e-fb6461ec2bf0,2025-08-01,Wednesday,03:47 AM,07:47,TV,Series,6,6.2,1
000daf6f-5ccb-4641-b5a9-c458fd471e58,2025-06-14,Thursday,21:23,10:23 PM,Tablet,Documentary,4,6.2,1
1a706550-b30d-4cee-b17f-0394be99fad5,,Monday,10:22 PM,00:22,moblie,Series,3,6.4,0
e8fc40bc-8913-409d-992a-8d8aa67b4447,2025-07-19,Saturday,3:06,06:06 AM,Laptop,Documentary,3,5.6,0
ae0d7a4a-02b4-4160-ab7d-c7d0ac5917e1,2025-02-25,Sunday,19:59,22:59,moblie,Series,11,2.2,1
63935a64-7544-4a2b-be19-c1bcb2f7c62b,2025-07-31,Monday,06:33 PM,08:33 PM,Tablet,Movie,2,5.7,0
6c0f633c-c49b-4075-b90c-506b9d0452dc,2025-07-26,monday,3:38,06:38,Laptop,Documentary,1,4.9,0
42d822e1-29bc-4452-9b05-cc3091598949,2025-04-14,Wednesday,06:23 PM,22:23,Laptop,Movie,3,6.6,0
fd34a4d6-ff76-4572-be77-863cda96c0c9,2025-03-26,Saturday,10:36 PM,02:36 AM,Mobile,Series,6,7.3,1
1ddd7f9e-5575-4a4e-b353-5154fa0fd808,2025-04-26,Tuesday,06:47 PM,07:47 PM,lptop,Movie,1,4.1,0
6025d9be-c2a6-428e-9cea-99a535feb128,2025-06-21,Tuesday,08:58 PM,23:58,moblie,Series,5,4.5,1
7bb20f46-7723-4e03-a473-983d0b547cf7,2025-07-15,Wednesday,19:46,20:46,Tablet,Movie,5,7.9,1
8216bc28-1a32-444f-b93a-78e3a3388b8f,2025-02-13,Tuesday,11:20 PM,01:20 AM,Mobile,Series,3,6.6,0
a4ca333b-fd91-48d6-975b-e254d7edbd8d,2025-04-06,tuesday,02:39 AM,03:39 AM,Tablet,Documentary,3,7.0,0
914a02e2-1f41-44b0-8f36-61c6c9b506b5,2025-07-20,Wednesday,11:27 PM,02:27,Mobile,Series,1,7.3,0
7a06cb63-5662-4f6f-88d0-59ce5453f42c,2025-04-15,Friday,20:13,21:13,TV,Movie,6,6.0,1
a175899c-386d-42e0-88b1-b22eaf91641f,2025-06-22,Sunday,18:39,09:39 PM,,Movie,1,6.3,0
4c485138-e839-4a59-8fc7-2b008087991d,2025-06-25,tuesday,23:37,02:37,,Series,6,,1
36eaada4-65d2-41be-a315-a34c0af5a2b6,2025-07-19,Monday,11:36 PM,03:36,Laptop,Series,6,5.1,1
c4a3a607-c5f0-4304-9273-a0b913996aef,2025-03-26,Sunday,11:20 PM,02:20 AM,,Documentary,2,5.7,0
ba5b8700-79f6-4882-98b2-664ff26f0ef7,2025-06-07,Friday,0:07,01:07 AM,moblie,Documentary,2,5.3,0
bedd30c5-c5a5-4921-99f1-8ff5333f2cfc,2025-03-20,Monday,08:02 PM,21:02,TV,Movie,5,5.5,1
b7a0c9b0-0137-4378-b2c3-91a7e08d2145,2025-05-17,tuesday,10:17 PM,01:17,,Movie,4,6.0,1
7ad6f1b9-8656-42ff-99a2-a9ab59ef4b1d,2025-03-18,Tuesday,11:08 PM,03:08,Tablet,Movie,6,6.4,1
24a269bb-3848-43d1-9dce-66865421bbc0,2025-07-18,tuesday,11:22 PM,03:22,lptop,Movie,2,5.2,0
5b15d2fe-203a-4da3-b52e-7e514f8696f8,2025-05-28,Thursday,07:52 PM,10:52 PM,,Series,5,7.3,1
6c696225-fac9-4d3d-928e-a54bdb8450b4,2025-03-09,tuesday,20:40,10:40 PM,Tablet,Movie,2,5.7,0
7bed8a7c-ef68-4cee-8ff3-985dfdf2753b,2025-06-18,Friday,22:54,23:54,,Series,3,6.5,0
d7260950-9416-4c6b-88fc-13d77325fe9b,,Saturday,10:16 PM,01:16 AM,Tablet,Series,2,6.5,0
aefd6fab-5983-4204-98ad-0cc58b05eab3,2025-02-22,wednesday,20:51,10:51 PM,lptop,Movie,6,7.4,1
3cc876e4-6d12-46cc-b248-b060af7a0adc,,Wednesday,11:31 PM,03:31,Tablet,Documentary,2,4.8,0
38b7a029-7ca2-4752-9f65-f480bc709fa5,2025-07-27,Wednesday,1:12,05:12,Laptop,Movie,5,5.6,1
26b963b7-4aa2-4dba-b0cf-d0b185de7768,2025-03-27,Friday,20:59,11:59 PM,lptop,Movie,1,4.3,0
f5e3d1cf-478c-465b-ac97-ba5e9d64eca9,2025-07-24,wednesday,11:38 PM,01:38,,Movie,5,4.5,1
5e398eea-137c-4a08-af1d-eafe7eb5e5c5,2025-03-14,monday,02:20 AM,05:20 AM,lptop,Series,3,5.0,0
9d22bb4f-08fa-43b5-a2ad-ab0e8b088bb0,2025-06-06,wednesday,03:59 AM,07:59,,Documentary,6,,1
9b548009-03e5-44fb-82b2-4fbd3cb57bbf,2025-03-06,Saturday,06:09 PM,08:09 PM,TV,Documentary,2,5.2,0
44125ee6-886b-4c1a-aa39-ff41ed318989,2025-06-10,Monday,11:31 PM,12:31 AM,lptop,Documentary,13,2.3,1
c14e820f-3009-42d5-9a59-5d2a9fb0e07a,2025-06-23,Tuesday,01:31 AM,02:31 AM,,Movie,3,5.1,0
368e8a84-a196-43b1-9de0-18e1a5957b93,2025-03-31,Friday,19:06,08:06 PM,Mobile,Movie,2,4.4,0
54115498-57a5-4502-85b3-570a90331778,2025-04-15,Friday,08:28 PM,21:28,TV,Series,3,6.6,0
4f5319e8-39ab-49dd-b118-73e28115e720,,Tuesday,06:06 PM,09:06 PM,TV,Documentary,1,6.8,0
bf8012c7-8dc2-4a7f-88e0-ea56b7996c3f,2025-02-07,tuesday,11:17 PM,00:17,,Series,5,5.7,1
bb6def53-db29-48e6-be58-76c190b3df8b,2025-07-23,Monday,21:18,00:18,Tablet,Movie,2,,0
0c76bd0e-852d-4604-bdbb-d5a3ff0e0072,2025-04-15,Friday,20:28,12:28 AM,lptop,Documentary,3,6.8,0
20327fc8-52ce-4445-8e14-4a69ffbf95b0,2025-04-14,monday,07:21 PM,10:21 PM,Mobile,Movie,4,6.9,1
663ae361-7632-4383-a0bc-ffa8c5b66c87,2025-05-15,Sunday,11:24 PM,00:24,Tablet,Movie,3,6.1,0
121c9772-cdb2-4f26-8bb0-8e7f0efe905a,2025-04-04,tuesday,09:56 PM,22:56,Laptop,Documentary,6,6.1,1
3ac3356d-517c-4c70-96b3-8acdf9b69cbe,2025-02-24,tuesday,11:49 PM,12:49 AM,moblie,Movie,6,6.7,1
902494a5-b5e3-4780-822a-7b7066fb1cc5,2025-07-08,tuesday,22:04,02:04 AM,Laptop,Movie,6,4.9,1
b3e4918e-d92b-47e2-a708-d8e46a3fc2dd,2025-04-11,Sunday,07:53 PM,23:53,Tablet,Documentary,6,6.1,1
af307195-58a4-4ac7-b54c-22cdd2f31ef1,2025-02-15,Tuesday,19:06,22:06,TV,Series,1,7.9,0
8d367e66-7808-4715-a06a-6ffea3153c26,2025-07-04,Wednesday,21:04,00:04,Tablet,Series,1,7.2,0
bc85338a-605e-4654-b628-0d7885749993,2025-04-22,Monday,09:57 PM,22:57,moblie,Documentary,12,2.3,1
2120586f-0961-46be-b47a-c22da8a62caf,2025-04-20,wednesday,08:27 PM,11:27 PM,Mobile,Series,5,5.2,1
b614da75-7b8d-4267-b130-4dd95f02527b,2025-05-01,tuesday,11:03 PM,00:03,Mobile,Series,1,7.2,0
35b0c53b-8d6d-4fc9-a468-62fa6e27d7d3,2025-06-06,Saturday,23:50,00:50,,Series,4,7.5,1
dcf369e7-2f12-4966-8e9d-b41262626540,2025-06-10,Thursday,22:08,23:08,lptop,Series,4,4.6,1
72151f5d-fae6-47e8-91b0-fae0f52f3518,,monday,18:35,20:35,moblie,Series,1,7.0,0
aafb4c38-e174-4776-94a3-2606c60e3658,2025-05-24,monday,10:34 PM,00:34,TV,Documentary,5,7.9,1
20e97956-45f7-4905-8579-a2f4b26a546a,2025-07-18,wednesday,08:03 PM,12:03 AM,TV,Documentary,6,6.3,1
8d285514-2d2d-417f-bb0f-1da676402d46,2025-05-28,tuesday,20:59,21:59,TV,Documentary,3,4.1,0
e5bbed9f-022c-43d5-88e1-6a81bdbf2437,2025-06-22,Monday,08:07 PM,00:07,lptop,Movie,6,6.7,1
a9e5074a-fb16-4b46-8124-4a4706ec9e1b,2025-05-23,Sunday,21:46,23:46,TV,Series,2,7.6,0
81f47212-8844-4078-bae6-73a94a5fe0a2,2025-03-20,Friday,21:54,12:54 AM,TV,Documentary,6,6.9,1
afd8e1e2-fc80-462b-bb65-ee6eb4f35ab4,2025-06-26,Wednesday,23:00,02:00,lptop,Series,4,4.6,1
3b5d4619-d748-45cc-9df0-2511e79e8013,2025-03-29,Wednesday,11:58 PM,01:58 AM,Laptop,Documentary,6,6.5,1
d1c75c1c-d1e8-44b3-9b7f-1a9ef0e45615,2025-03-15,wednesday,12:50 AM,02:50 AM,moblie,Movie,2,6.2,0
bd9347fb-8ce1-4376-ac9d-751cac5eaf96,2025-03-31,Thursday,08:26 PM,10:26 PM,moblie,Series,4,5.3,1
881dcec9-8a27-4ec9-9c14-0aba19575ba1,2025-06-17,Thursday,07:28 PM,10:28 PM,Mobile,Documentary,6,4.3,1
e28cb430-9279-485c-97a1-e6a87e7a21e6,,Tuesday,08:57 PM,21:57,,Documentary,5,,1
bb7d9742-ad84-4212-aa2c-4f42c10a2072,2025-07-26,Wednesday,10:01 PM,01:01 AM,Laptop,Movie,1,,0
66123e06-e21c-4e6e-92be-258c356f4f4c,2025-05-28,Saturday,20:21,11:21 PM,Laptop,Documentary,4,4.1,1
4ce337c8-73d1-4439-8387-4fdb53dcabf2,2025-06-23,Friday,22:30,02:30,lptop,Documentary,2,5.4,0
abb0510f-5b3d-4c61-b313-f5dd3c42e57c,2025-03-29,Friday,06:22 PM,21:22,Laptop,Movie,2,5.5,0
5a736abb-c41d-4d2d-b762-3e20b018906a,2025-06-30,Saturday,11:18 PM,12:18 AM,,Movie,4,5.4,1
736da6fb-3990-40a7-b928-7facfd5ff5ef,2025-06-19,Thursday,08:33 PM,10:33 PM,,Series,6,6.9,1
9348f4c9-62b3-4c51-be13-96c5cd598109,2025-02-08,Thursday,11:57 PM,01:57 AM,moblie,Documentary,4,6.0,1
746ba2f1-ee0d-4b1c-a879-e2f20cd5c537,2025-05-12,wednesday,22:27,00:27,lptop,Documentary,4,7.0,1
0c60ef60-f827-4d2a-bdd8-2344d1b1a43b,2025-03-14,Wednesday,10:38 PM,12:38 AM,moblie,Series,5,4.7,1
0050991f-366c-4557-8290-66a8a612fbed,2025-07-30,Friday,04:23 AM,06:23,Mobile,Movie,6,6.2,1
bbb563fd-6ba0-4dda-a2be-49b4b63aa18e,2025-04-26,Wednesday,07:40 PM,08:40 PM,lptop,Documentary,6,7.7,1
7d30ed81-8fb5-443f-a22c-2c1b2df21baa,2025-04-12,Wednesday,08:09 PM,21:09,Tablet,Documentary,6,7.6,1
a21c4257-4380-4efc-8ff8-fbe47306cb9a,,Sunday,0:08,01:08,,Series,5,7.6,1
af58167a-8874-4af4-b4ca-c8b979ecdd1b,2025-04-29,Wednesday,19:35,22:35,Tablet,Documentary,4,6.4,1
8eaa946f-52a1-4b9c-b207-a8b72b65a62f,2025-02-18,monday,21:22,12:22 AM,Laptop,Movie,2,,0
2189128e-8c0c-4c57-9878-668e112b7025,2025-05-08,Wednesday,3:10,06:10 AM,TV,Series,3,6.2,0
13eddc85-ac95-437c-b7b1-e78ba7c9958c,2025-03-20,Tuesday,21:26,01:26 AM,moblie,Series,1,7.6,0
6796b2ed-78ce-406a-a423-5b3dc3362e9c,2025-05-10,wednesday,5:52,09:52,moblie,Movie,2,6.9,0
21a68b8e-4a5e-47a1-b660-c0ddbcd7e1f7,2025-02-17,Sunday,11:56 PM,02:56,Mobile,Series,2,4.8,0
2305bb5f-706a-4a8b-9282-69187c421e45,2025-07-26,Saturday,03:31 AM,06:31 AM,moblie,Series,4,4.5,1
458f2974-e2aa-417c-971a-767d649d5ef5,2025-06-17,monday,10:33 PM,00:33,Laptop,Series,5,7.6,1
9715fd3b-64b0-4a9b-9d1e-aa2be2213e16,2025-03-19,Wednesday,08:12 PM,12:12 AM,Mobile,Documentary,1,5.7,0
2364abaa-78f2-4116-925b-f7c404568fe4,2025-06-18,Tuesday,08:44 PM,09:44 PM,Tablet,Movie,6,,1
fb8c392e-862b-4385-817d-a0cce6b41d4c,2025-06-29,Sunday,19:48,20:48,TV,Movie,3,4.8,0
adf30b70-29fa-446b-bd19-d98e8e5b2665,2025-06-19,wednesday,2:16,04:16,Tablet,Documentary,5,6.2,1
fdf291b8-3554-4e05-a49f-aff67169ce22,2025-07-27,Monday,3:19,07:19 AM,lptop,Movie,1,5.0,0
766244ce-1f1e-4121-adf0-c8ae4c5d7df3,2025-08-05,wednesday,11:42 PM,02:42,Mobile,Series,6,7.5,1
5f90f978-d9e3-4ecc-92ab-a2d7246d43bc,,wednesday,07:23 PM,11:23 PM,,Series,2,6.5,0
8539be8d-9175-4d80-a6a6-d4eca94d8d6b,2025-06-16,Sunday,11:57 PM,02:57 AM,Laptop,Series,3,5.4,0
b8435f2b-8698-4e15-940f-5224a53d613c,2025-02-20,Thursday,20:23,22:23,,Documentary,2,6.9,0
461ea39d-5e92-4948-bc5b-ab76ce0ec9e0,2025-02-21,Tuesday,11:42 PM,03:42 AM,moblie,Movie,3,5.4,0
fc415e34-fa25-457c-8502-2f90f3c347e5,2025-02-05,wednesday,18:55,10:55 PM,Mobile,Movie,3,4.3,0
cc815a1e-43bb-4e00-9b25-3ae8e6916bc9,2025-02-11,Wednesday,11:13 PM,02:13 AM,TV,Documentary,4,6.1,1
46ddf9a9-7e97-4307-833d-81c443b47fc1,2025-06-08,wednesday,11:36 PM,01:36 AM,moblie,Series,6,7.6,1
392e9bb6-4360-42e1-a060-0e65bdc955c2,2025-03-23,tuesday,20:47,11:47 PM,,Series,2,6.9,0
a86f5c86-47db-479b-b3d3-8bfce8e033db,2025-05-04,Friday,22:16,02:16 AM,Laptop,Documentary,4,7.9,1
abc1f06a-c33a-4295-8dde-c6f9b0088543,2025-06-28,Wednesday,23:17,12:17 AM,lptop,Documentary,6,5.7,1
8479a4e4-a431-4eef-a95d-72541aef1f73,2025-07-11,Sunday,23:25,12:25 AM,moblie,Series,4,4.4,1
ba06b939-9c4e-4bfe-ad0c-8cf0b0b660c7,2025-07-25,Sunday,08:37 PM,23:37,,Series,5,,1
c5854495-80d9-44eb-b4c1-f4df1a6708dd,2025-06-21,wednesday,20:43,23:43,Tablet,Series,5,5.0,1
5b325e16-ceb9-47f5-bd6f-631b4f4149ab,2025-06-19,tuesday,07:06 PM,21:06,moblie,Documentary,5,7.3,1
17454a6c-e35e-4a53-b2f0-1620b875d792,2025-06-29,Wednesday,20:38,10:38 PM,TV,Documentary,1,6.1,0
a5ee92dd-baff-4c34-bb3b-72cb3d9e2369,2025-03-06,Friday,23:32,03:32,moblie,Series,3,5.7,0
1e2c232a-1953-45f1-920c-8a7597705e8f,2025-04-29,Tuesday,10:05 PM,12:05 AM,,Series,2,6.2,0
f562c72c-a127-4f8a-9397-7f2bcec2058d,2025-05-24,monday,19:37,09:37 PM,Mobile,Movie,1,4.3,0
97742d71-9354-4442-94a9-785425259e3e,2025-07-05,wednesday,10:52 PM,00:52,Mobile,Series,2,7.6,0
8e89d866-63c0-477d-919a-6ed04ae5757c,2025-07-14,wednesday,09:37 PM,22:37,moblie,Series,4,6.6,1
1c7ca9ea-27e8-455b-a09b-7ddb63c3f2f0,2025-07-07,Tuesday,11:42 PM,03:42,moblie,Documentary,1,5.5,0
f40f56cb-12ea-4f2f-bc9b-44fe1148849b,2025-05-15,Saturday,08:01 PM,10:01 PM,,Series,1,4.8,0
ab4295c3-8eed-44de-99e9-5a54ec336701,2025-04-23,wednesday,23:03,12:03 AM,moblie,Series,2,,0
a011fa76-c80f-4fff-8ff5-ff95ef970d65,2025-07-16,Thursday,20:07,21:07,lptop,Documentary,3,5.9,0
24c6e487-220b-4969-bdd2-13568f9f45af,2025-06-10,wednesday,09:21 PM,10:21 PM,Laptop,Documentary,5,6.1,1
d66a063d-4e4f-40d3-be20-233d56d8b4d2,,monday,18:41,09:41 PM,Mobile,Documentary,1,5.0,0
890bbd5b-f291-4339-afcd-0feaa944c88a,2025-05-23,Saturday,03:05 AM,06:05,,Movie,1,7.5,0
1c7a6820-5d22-4abb-bcab-293a80fb938b,2025-07-20,Tuesday,23:23,03:23 AM,Tablet,Documentary,3,4.5,0
8c2bb694-deaf-4656-8b2a-dad5ba310b8d,2025-04-20,tuesday,22:46,01:46 AM,lptop,Series,4,4.6,1
9cf67354-e33f-4f1c-85fe-3c28a122bc0c,2025-03-20,Wednesday,08:02 PM,23:02,Mobile,Series,2,4.9,0
3ea35436-5562-42b7-8838-1df160e6e2e7,2025-05-03,Tuesday,20:39,22:39,Laptop,Series,5,5.2,1
8def6159-4549-4177-bb34-bf4f0b9553f1,2025-05-11,Wednesday,11:36 PM,01:36 AM,,Documentary,2,6.3,0
00eed1f8-5f0b-49d7-99cf-339a1943c386,2025-02-11,wednesday,22:44,02:44,Laptop,Documentary,3,7.5,0
187b7ec4-7cfe-4098-af41-57ab48ca1403,2025-03-02,Wednesday,08:06 PM,23:06,Mobile,Movie,1,6.5,0
e43212f7-07ff-47c0-86fa-179d01818889,2025-03-08,wednesday,21:16,12:16 AM,Tablet,Series,4,6.4,1
150910e8-8a27-4137-b9ff-f87ebf757f8c,2025-06-04,Saturday,23:12,01:12,Tablet,Documentary,5,7.3,1
ba2dc7cb-8960-48a2-a327-5897f6f266e4,2025-02-24,Saturday,08:08 PM,11:08 PM,,Series,2,7.0,0
6fff0bb9-86d4-4238-9cf3-aba196cb9437,2025-06-13,Wednesday,04:25 AM,06:25,moblie,Documentary,2,7.6,0
9b166101-0cbd-48a6-82e3-62a2b3b15928,2025-06-06,tuesday,20:37,21:37,Tablet,Documentary,5,6.5,1
3ffc13b8-1cd8-4c8c-ab35-95b13144918e,2025-03-18,Sunday,22:38,02:38 AM,Mobile,Movie,5,6.3,1
ec995993-3ae3-4eca-8954-9dfe8b927099,2025-05-30,Monday,07:09 PM,21:09,,Documentary,6,4.9,1
1204086a-a87f-4f28-bdb3-bf442625a95c,2025-03-22,Monday,23:32,03:32 AM,Laptop,Movie,6,4.4,1
73be1506-e6df-424b-bc59-4b63e663ecea,2025-03-01,Thursday,11:01 PM,02:01,moblie,Movie,3,5.3,0
e8b1310a-f97c-4452-b79f-ef3dfa17169d,2025-03-05,Monday,21:05,11:05 PM,moblie,Series,5,7.5,1
cbae923a-11ff-476b-90c9-bb7ab9fd4ae5,2025-03-02,monday,06:16 PM,21:16,TV,Series,3,5.4,0
8d9a4d38-6b9c-4b84-a12e-fa99f54c20f5,2025-04-02,tuesday,23:30,12:30 AM,lptop,Documentary,6,7.1,1
3270dee3-9b10-4b1b-ac27-1dba8d4b59d2,2025-02-05,Tuesday,20:03,23:03,Tablet,Documentary,4,5.9,1
62272bb4-a5b0-45e6-8b40-3c9a81cffc84,2025-05-04,Thursday,07:39 PM,10:39 PM,lptop,Movie,3,4.8,0
804d16bc-1276-4c5d-bbd2-8307360f91e2,2025-07-18,wednesday,08:39 PM,23:39,TV,Documentary,1,7.9,0
f24099a8-aef5-46ce-9c66-bdb53447a46c,2025-06-29,Thursday,18:30,20:30,TV,Movie,1,5.7,0
c918c3a6-df1e-4da0-ac43-01102954f0cb,2025-05-03,Sunday,08:46 PM,10:46 PM,Tablet,Movie,4,5.0,1
34ba342d-f9ee-494d-bcb9-9db3c9f7385c,2025-07-27,Wednesday,18:56,10:56 PM,Tablet,Movie,2,7.7,0
e1421032-678c-4fcc-84fa-220d5889992f,2025-08-06,Monday,0:31,01:31 AM,Tablet,Movie,2,6.3,0
bb89cc3d-41f3-48db-94cd-79e8ec93bf57,2025-07-23,Thursday,10:10 PM,12:10 AM,moblie,Series,5,4.4,1
cca2c442-cf90-4efa-8a91-4f54de4eee26,,Thursday,21:51,10:51 PM,Mobile,Documentary,3,5.3,0
ac24edd8-45a9-4b2a-b0a7-aed30256d2dd,,Sunday,22:02,01:02 AM,moblie,Movie,1,8.0,0
fa980537-e095-4a0b-a491-1b36179b0554,2025-03-16,wednesday,11:47 PM,03:47,Tablet,Documentary,3,4.8,0
d260b6da-7408-400d-bd03-310515981f32,2025-03-26,monday,07:11 PM,09:11 PM,TV,Series,4,6.2,1
adee27cb-8413-4a33-9d92-ae263bbf7093,,Tuesday,08:15 PM,21:15,Tablet,Series,3,6.4,0
5b5314c0-4ae0-4c2e-911a-3da80692694e,2025-03-28,Friday,20:03,22:03,TV,Documentary,4,6.5,1
c73e5d3a-3971-4904-8070-0634b3a15e11,2025-07-01,monday,05:53 AM,06:53 AM,moblie,Movie,6,4.5,1
efc8e6f3-aab4-494e-81b9-035ae682865b,2025-03-25,Monday,07:08 PM,23:08,,Movie,1,8.0,0
1465ccf5-e125-4606-b009-5f6bcd84db0c,2025-02-27,Sunday,01:42 AM,05:42 AM,TV,Series,12,3.1,1
322748fc-1b49-48c4-be1a-1bd9ecf51e49,2025-03-17,Friday,22:21,01:21,Mobile,Documentary,6,4.2,1
d94c2663-c0c9-4126-9be9-97317eb0f0d9,2025-05-16,tuesday,11:59 PM,02:59 AM,TV,Series,4,6.1,1
ee7b08c7-c53a-4bad-bf4a-2128ecfda011,2025-02-15,monday,20:40,22:40,Laptop,Documentary,2,5.7,0
761a2d33-fe9e-4a72-a9ee-4c3bb5e0a36a,2025-04-03,Wednesday,10:35 PM,12:35 AM,,Series,1,6.7,0
f9e207e1-5ecb-4f13-b18f-efcd0a27875a,2025-02-12,Friday,21:36,11:36 PM,lptop,Documentary,1,6.0,0
8d01430a-3482-4afa-a114-a3ac1dd1cf34,2025-05-17,Wednesday,1:11,02:11 AM,lptop,Movie,6,6.3,1
7303118d-b629-4d13-8c45-ac860fa7515f,2025-05-13,Saturday,07:40 PM,10:40 PM,Mobile,Series,1,7.9,0
626e762d-4408-4d58-b077-8dea2f747941,2025-03-12,Saturday,10:51 PM,02:51 AM,TV,Movie,2,5.0,0
d604989b-bda8-4682-b70e-c91ee16b452a,2025-06-27,Thursday,23:05,01:05,,Documentary,3,7.2,0
9a73c662-4b4b-4ada-80c7-68168baa20a1,2025-02-16,Friday,21:37,01:37,,Documentary,6,6.9,1
233cd8f8-83a2-4670-a874-198bca320337,2025-06-15,Tuesday,10:47 PM,23:47,Tablet,Series,3,6.7,0
505fbe03-67be-4e4a-b830-cbf5f2487048,2025-03-24,Thursday,18:11,22:11,TV,Movie,1,7.7,0
ebd54c8b-915c-4b14-a6ac-b24b5626bb62,2025-04-11,monday,03:58 AM,07:58,,Movie,4,7.9,1
ca9a01ab-cad3-4747-ae26-5c39240f358a,2025-08-06,tuesday,21:22,01:22,Mobile,Documentary,2,7.1,0
0c044073-ec6f-4f11-9651-1911705a9e37,2025-08-03,Saturday,20:19,23:19,moblie,Documentary,3,4.5,0
270dc9b7-ca9d-483c-9c18-0d2895b90214,2025-02-18,tuesday,23:14,02:14 AM,Laptop,Series,3,6.8,0
db0feab2-7005-4bf7-b34d-492c83d322b5,2025-07-29,Saturday,18:06,20:06,Mobile,Series,3,6.7,0
9f7c5c68-6afb-429d-87b1-2377a7a4ea4b,2025-02-13,Sunday,0:28,04:28,Tablet,Movie,5,7.8,1
78f56ce1-87ef-42ad-a5be-ab80532fb0d1,2025-02-13,Saturday,20:37,21:37,moblie,Series,3,7.9,0
0f5bfb6e-4363-42be-b0bc-f732474a28ee,2025-07-15,tuesday,22:22,02:22,TV,Movie,6,4.8,1
29800699-3e3a-4faa-b32d-fa4927f2f2a2,2025-03-08,Thursday,2:56,03:56,Tablet,Series,5,6.7,1
a017636f-2171-4343-964f-1f4e379fce7e,2025-02-22,Saturday,21:01,01:01 AM,Tablet,Movie,3,4.7,0
5a9da123-0a87-409a-86c0-0cd8feedc7da,2025-07-16,wednesday,02:37 AM,05:37,lptop,Series,6,5.4,1
5547385d-6959-4b56-9083-bc9c704198c7,2025-05-22,wednesday,06:18 PM,21:18,Laptop,Documentary,4,,1
3856ee9e-3a70-4390-a9f1-28dc299060be,2025-05-29,wednesday,07:10 PM,21:10,Mobile,Movie,3,5.8,0
fb039258-15e8-4201-a09e-106b09d60697,2025-06-25,Wednesday,07:56 PM,22:56,Mobile,Series,3,5.6,0
8d263901-bc90-4603-87c4-6df58a9ab7ef,2025-04-01,Sunday,02:28 AM,05:28 AM,lptop,Documentary,6,7.4,1
2b606aff-20c0-4579-a727-f85df1349feb,2025-03-18,Sunday,22:25,11:25 PM,TV,Series,4,5.3,1
87554478-cfd7-4ac7-89c3-5fa5781d34f1,2025-02-17,wednesday,21:55,12:55 AM,Laptop,Movie,6,5.2,1
8311d357-1d81-495b-9dea-7b5ed326ea45,2025-05-12,tuesday,08:17 PM,22:17,lptop,Movie,5,5.6,1
3ce237bc-b214-4355-8781-a11f20b928b0,2025-03-04,Saturday,02:10 AM,06:10,Laptop,Documentary,2,5.1,0
e4a64de1-f6b6-4c93-b093-e7c84454b8a0,2025-07-13,tuesday,07:12 PM,23:12,Tablet,Movie,4,7.8,1
1817b584-d852-4ba7-9216-e869d85b5b96,2025-05-14,wednesday,06:31 PM,21:31,TV,Movie,4,7.8,1
720dcbf7-ba39-4750-90bb-09352271d86a,2025-03-15,Tuesday,23:17,01:17 AM,TV,Documentary,2,6.4,0
9785d2a6-48ed-467b-be38-8327bf91b057,2025-04-20,Friday,05:22 AM,08:22 AM,,Movie,4,4.5,1
ab8d6670-90ea-4869-94cb-2c662ff0f128,2025-08-03,monday,23:46,02:46,TV,Series,4,7.6,1
d1803e56-5acc-48cd-a39c-d7197805e133,2025-04-21,Sunday,08:15 PM,09:15 PM,moblie,Movie,6,7.0,1
442d815a-8d20-4c28-b37f-ffe6e6194f2f,2025-07-25,Sunday,10:01 PM,23:01,Tablet,Documentary,1,8.0,0
23b619f7-590c-4e73-8ff5-7b336416a761,2025-07-23,Friday,08:04 PM,23:04,,Series,3,6.4,0
31c22ba8-db50-43d6-982b-9d666ff62307,2025-05-26,wednesday,08:47 PM,09:47 PM,Tablet,Documentary,6,6.5,1
26d63d69-5f16-4867-9fd2-42d7284eb5c7,2025-05-06,tuesday,06:01 PM,07:01 PM,,Series,5,5.2,1
d9047216-414b-49e3-9c8f-863e9ccac044,2025-03-31,monday,23:21,00:21,Tablet,Movie,1,4.8,0
1bfe5fc3-d155-48cd-83b7-49e5c9dea994,2025-02-16,Friday,20:39,00:39,Tablet,Movie,4,7.6,1
870d0cc5-8f84-4c9a-8541-00319b1f5b9e,2025-07-25,tuesday,11:27 PM,03:27 AM,Laptop,Series,4,4.5,1
e41e20b3-fb7e-431f-8839-992bfc8aebd7,2025-06-10,Wednesday,09:07 PM,23:07,moblie,Movie,6,4.6,1
241952e9-f152-469d-8cb4-0be2e62637dc,2025-03-12,Monday,2:58,06:58 AM,,Movie,4,6.3,1
11d77017-6a4f-426b-a382-128cd60cdaf4,2025-04-20,wednesday,04:12 AM,06:12,moblie,Documentary,5,7.0,1
8f0e6a4a-257d-46aa-a40a-6b89c23a98f2,2025-07-10,Saturday,05:33 AM,09:33 AM,Laptop,Documentary,5,4.9,1
715d7558-d864-44c4-8730-11d38d4a0c25,2025-05-21,Friday,06:11 PM,09:11 PM,,Series,1,5.0,0
4adb692e-7a61-44be-8e87-3277bb707904,2025-02-08,monday,01:59 AM,03:59,Mobile,Series,1,5.6,0
3f34107d-240c-4221-b5ca-ca7be19d4231,2025-07-22,Friday,20:06,22:06,Laptop,Series,5,7.0,1
bed793db-cb3d-4d2a-8b92-2d196cbb5474,2025-03-01,Monday,07:15 PM,08:15 PM,lptop,Documentary,3,4.3,0
ed891708-04b4-489d-a3d4-d48700666ab6,2025-08-06,Friday,22:51,02:51 AM,lptop,Movie,2,8.0,0
da7df698-9815-4dcd-91eb-35dd762309fe,2025-03-17,Wednesday,09:08 PM,22:08,Mobile,Movie,3,6.3,0
cbc808f3-13b1-4f62-9809-3faea7ba926e,2025-07-22,Sunday,21:10,11:10 PM,Tablet,Series,2,6.0,0
9c72974b-c907-4fe1-8265-8a788effc3fb,2025-06-22,Saturday,03:11 AM,06:11 AM,moblie,Movie,6,6.9,1
8d329098-03cc-4d66-8677-d98856867402,2025-04-02,tuesday,06:08 PM,07:08 PM,Laptop,Documentary,1,6.7,0
8ece4be0-820a-44b1-bb31-028d95c9d93f,2025-03-23,tuesday,21:08,01:08 AM,,Series,3,8.0,0
018d131b-b44d-4db9-8919-cbd691e05cbe,2025-07-14,Thursday,19:24,21:24,Laptop,Documentary,3,5.4,0
849e396e-8b4f-4932-93ac-bb45eb6b381a,2025-06-11,tuesday,02:50 AM,06:50,,Documentary,2,7.8,0
a14844b5-6cfe-47de-8efe-50ba6348e812,2025-07-29,Wednesday,01:32 AM,04:32 AM,TV,Documentary,4,5.4,1
f2ffff2c-2010-4527-968a-221308124c56,2025-02-27,monday,03:01 AM,05:01 AM,Tablet,Movie,5,6.2,1
f6254924-6623-4952-b6be-f817a2eda171,2025-06-05,Saturday,06:12 PM,07:12 PM,,Documentary,1,4.7,0
88ef4f9e-f602-4b27-911c-ac97a4ca5975,2025-03-16,monday,03:50 AM,07:50,,Documentary,1,7.1,0
166cce4b-2992-4581-9d3b-08e52aa16e19,2025-05-05,Tuesday,06:11 PM,19:11,Laptop,Series,1,6.4,0
4a08a02b-aee4-4ea2-b986-60d70d54d4d0,2025-04-08,tuesday,22:00,12:00 AM,Tablet,Movie,3,4.6,0
f566133f-0127-4089-8c9a-1ab75317fb0a,2025-06-12,Thursday,07:49 PM,22:49,Tablet,Series,4,5.9,1
5bb88f14-b7da-4bdc-97cb-dcf694fc2cd1,2025-02-18,Monday,19:27,21:27,,Series,2,4.7,0
198f79ae-cb91-4669-a099-b00871422307,2025-03-12,Friday,07:03 PM,08:03 PM,,Movie,4,6.1,1
ce5e3ddc-92cf-42f3-89a1-f7acfc509c72,2025-06-26,Monday,05:42 AM,06:42 AM,Tablet,Movie,1,5.4,0
959be395-facc-4f52-b605-6ab5ae7d432c,2025-02-07,Thursday,06:23 PM,22:23,Mobile,Series,6,5.4,1
1152b26a-1475-47ec-86f0-8ea411cb375b,2025-03-29,monday,07:46 PM,08:46 PM,TV,Series,2,5.9,0
ecfbfb40-f69f-4a11-ad21-05765da992d1,2025-06-02,monday,08:21 PM,22:21,Tablet,Series,2,5.1,0
dffaf8ec-daba-4fcf-8910-43b3c84b72f3,,Sunday,23:37,00:37,Tablet,Series,1,7.0,0
fa8bef81-e233-4988-b759-f9ba1fe251f1,2025-06-03,Thursday,11:12 PM,03:12,moblie,Movie,1,5.2,0
ac126935-f238-4b60-8528-249c2517fa94,2025-05-25,monday,21:07,12:07 AM,Laptop,Series,2,4.6,0
ff422acd-4efa-4f6b-b9f4-d5c785f27d34,2025-07-25,monday,06:44 PM,20:44,lptop,Series,2,,0
feb8167e-8773-4aa5-bc19-261525efd2be,2025-04-30,monday,19:43,20:43,Laptop,Documentary,5,5.8,1
37d22915-ff6e-46d4-bb6c-767b147a3cca,2025-03-06,Friday,4:53,08:53 AM,Tablet,Documentary,1,,0
0d8f64cf-8633-4bf3-be91-cea67d4135bc,2025-05-09,Thursday,18:12,09:12 PM,,Documentary,3,7.4,0
0db7755b-a278-4ccb-baaf-c93722315b27,2025-07-18,tuesday,05:32 AM,07:32 AM,Laptop,Series,2,4.0,0
26dbe894-1dac-435d-97de-9c641d0fb2de,2025-04-30,Monday,08:30 PM,22:30,,Movie,6,5.6,1
06c32793-f79f-4a9c-a8bb-8575df12c793,2025-06-17,tuesday,5:50,08:50,TV,Series,6,4.1,1
ca69560c-ae32-4a76-a4bf-26386556dfed,2025-07-22,Wednesday,11:01 PM,02:01 AM,TV,Movie,1,7.0,0
ac5ed813-d8ca-467e-b152-6347e6a19acc,2025-05-27,Wednesday,22:15,00:15,TV,Series,2,7.8,0
12b34b4d-f07e-42de-a09d-bcdb322cdfa3,2025-05-25,Monday,06:19 PM,10:19 PM,Tablet,Movie,4,5.7,1
30faf7a1-647b-4cb0-8704-c9e62e8860b0,2025-03-04,monday,22:07,02:07,,Documentary,6,5.7,1
abe51ad6-39cc-4bfe-96fe-c7a4bd2a361f,2025-06-25,tuesday,09:11 PM,00:11,Laptop,Documentary,5,6.9,1
3ff508bb-a766-4e8b-af27-cdfd473aac85,2025-02-17,monday,5:13,09:13 AM,moblie,Series,5,4.9,1
f7dd9304-7e93-4af2-b677-6154401b38f4,2025-03-31,monday,03:34 AM,04:34 AM,TV,Series,2,6.5,0
a0d53414-37bf-4fd1-8ca1-8cbe2546bfb3,2025-08-04,Tuesday,5:27,06:27,Mobile,Series,4,7.0,1
29ba2d56-10a4-4ace-88fd-e6a62a71fdf3,2025-07-24,Thursday,04:48 AM,08:48,,Documentary,4,5.6,1
bf8afb46-dcd7-44a9-ab82-9b8a5e9012d6,2025-03-14,Saturday,08:38 PM,00:38,lptop,Series,5,6.5,1
8a7ae081-bf14-4c1c-b1de-4a0397113d5a,2025-05-15,Saturday,0:46,03:46,TV,Documentary,2,6.6,0
df3c3db3-4a05-46a2-9a2c-0830ae9d4622,,monday,19:00,10:00 PM,lptop,Series,2,,0
57878b12-df76-4f94-9e3c-d4d4dd94acc5,2025-07-20,Saturday,10:50 PM,02:50,lptop,Movie,6,6.9,1
df98fa63-2e6b-4f6a-b2b2-ebe6f575f24a,2025-03-10,Monday,06:25 PM,07:25 PM,moblie,Movie,3,5.2,0
9c985af6-1d99-4ea7-9cda-417f4089d83c,2025-04-11,wednesday,22:44,01:44,TV,Movie,1,5.8,0
3b122716-0377-47b9-9dc7-d20a223413bb,2025-03-03,Friday,07:32 PM,22:32,,Series,6,4.7,1
bef82463-444f-49d0-997b-f33dd80320c9,2025-05-07,monday,07:00 PM,11:00 PM,Mobile,Movie,5,5.2,1
05eb98a2-cfe2-4e0e-a65c-b936c6c22cc3,2025-06-21,tuesday,21:50,11:50 PM,moblie,Documentary,3,4.3,0
57c8cc17-5792-4aa6-a9d4-36e2badc3cba,2025-06-17,Monday,4:58,07:58,TV,Series,1,7.5,0
f7003eab-5a4b-4552-83d3-184b7d914e7e,2025-05-10,tuesday,09:58 PM,01:58 AM,,Documentary,5,7.0,1
19a689ca-9aef-4192-a158-5f1559a8c2f9,2025-03-12,tuesday,20:07,09:07 PM,Laptop,Movie,2,6.4,0
90db357c-c211-4b58-bc5f-7af860fd2d6d,2025-07-05,tuesday,07:41 PM,10:41 PM,Mobile,Movie,1,6.1,0
37ac8c17-38d8-49db-8fdd-fedb3a4d7b34,2025-02-22,monday,22:35,01:35 AM,moblie,Movie,5,7.4,1
95fc042c-a284-44e6-8ab4-2c5674c1e8f5,2025-03-01,Saturday,11:28 PM,02:28,,Movie,5,5.5,1
14c1a6d4-f308-48c8-8580-f44abc0768c8,2025-08-06,Sunday,09:25 PM,22:25,Tablet,Documentary,1,5.2,0
149427ef-a5c7-4279-be1b-4ce7d36e93c1,2025-05-17,Thursday,01:45 AM,02:45 AM,,Documentary,4,4.4,1
992340fa-34c0-4aac-a3b7-683a9833885e,2025-07-23,Monday,22:48,12:48 AM,,Series,3,4.2,0
b7f38cc7-ab53-401b-b899-cd7410550d18,2025-02-25,Tuesday,18:16,20:16,Mobile,Documentary,5,6.4,1
eb0c00b5-fdd8-4436-a3ab-1743d99e4efa,2025-03-12,Saturday,08:41 PM,11:41 PM,,Series,2,6.4,0
677b6c71-8d8b-4faf-b83f-fc6709d14aad,2025-05-13,monday,09:33 PM,01:33,Mobile,Movie,2,4.1,0
9629166c-4c2b-4102-8111-cce7b9adae87,2025-07-08,Sunday,21:52,10:52 PM,lptop,Movie,2,5.9,0
a4c16ef9-0e21-4161-8097-f5454bb3fdd1,2025-05-12,Monday,06:47 PM,22:47,lptop,Series,6,7.4,1
fdd474f3-c5a0-4701-8830-febf497f0585,2025-05-18,Friday,06:50 PM,20:50,TV,Movie,12,3.6,1
b66d6722-da6d-461a-84d2-8faee2dc39e2,2025-06-20,monday,23:56,02:56,,Documentary,4,6.9,1
26fd4167-ced5-495e-a9a7-2096e27ed2f9,2025-07-23,Sunday,2:18,04:18 AM,lptop,Movie,1,4.2,0
3e9c3831-6f01-4809-a734-7d5beac00a41,2025-07-13,monday,19:32,20:32,moblie,Documentary,4,6.5,1
492f8350-5a41-4c6c-b12c-2c48ed549a6f,2025-08-04,Tuesday,03:27 AM,05:27,TV,Movie,2,6.4,0
a88fe1a8-bff3-4911-b335-dfd9ff38bfae,2025-06-08,Friday,20:41,23:41,,Series,3,4.3,0
b5252269-beea-4586-90a8-c95833adb0a9,2025-06-20,Tuesday,18:58,21:58,,Series,1,6.6,0
8df05719-8748-452c-a1bf-7af81713cb50,2025-04-11,wednesday,22:31,01:31 AM,Laptop,Documentary,6,6.5,1
06ddd32c-63ff-4c94-a14c-9a5ecd51f463,2025-02-06,Tuesday,20:13,22:13,Mobile,Movie,3,4.4,0
ec37723b-c348-400d-b7a1-c559b795fba2,2025-02-14,Saturday,21:16,23:16,Tablet,Movie,4,4.8,1
9eee49ec-a10c-4ab9-984b-bd0517ac2f2b,2025-04-14,Sunday,10:42 PM,23:42,Tablet,Movie,1,7.5,0
d37f60a0-18ef-4b5e-963a-429e88a2d009,2025-02-06,monday,19:58,22:58,lptop,Documentary,6,5.9,1
cb13a885-d5f8-4283-a055-53b8ef4d9978,2025-05-08,monday,11:05 PM,00:05,Mobile,Documentary,2,4.2,0
c258f391-ebc7-4157-9405-a5f5c424d449,2025-03-24,Monday,19:57,20:57,Laptop,Series,4,4.8,1
f868cb2d-33b6-4774-9eef-7555ba25616a,2025-05-21,monday,18:07,22:07,Tablet,Movie,3,5.0,0
32957c55-1241-45b3-acfe-347856a09c74,2025-06-07,tuesday,10:15 PM,00:15,Mobile,Documentary,2,6.2,0
6e6db3ce-611f-4f1b-b8f2-c9167c2dfec8,,Friday,22:05,01:05 AM,TV,Movie,6,4.3,1
e801c1ed-1d2a-486a-a5bd-0d626e9e81ed,2025-07-11,Tuesday,08:58 PM,11:58 PM,moblie,Movie,5,7.3,1
b7a8740d-d8b9-4185-9116-e32e091a433f,2025-06-02,Wednesday,07:31 PM,08:31 PM,Mobile,Movie,1,5.7,0
5aee6a54-0100-4dd7-a309-e27b8071b34a,2025-05-15,monday,18:52,09:52 PM,Mobile,Movie,6,6.5,1
ba935fe2-4bd4-4628-8db1-3d0d124133c3,2025-05-05,Sunday,12:19 AM,01:19,lptop,Series,2,,0
683f779c-9f59-43ae-9055-f83e65f9c1d2,2025-02-10,tuesday,10:22 PM,12:22 AM,Mobile,Documentary,6,6.4,1
afa265d7-0e2c-4dae-a49a-4de858c72afe,2025-04-23,Wednesday,5:26,09:26 AM,lptop,Movie,6,7.5,1
3b8c7f2d-a7d3-4c35-89c1-5b5be7ed9117,2025-03-14,Thursday,07:43 PM,10:43 PM,TV,Series,2,7.8,0
80f4df58-0705-4379-bb18-0720f12c836d,2025-02-25,Friday,19:44,20:44,TV,Series,2,5.8,0
863253b3-c34d-42e8-9561-411fd38fc3a5,2025-06-23,Tuesday,18:26,07:26 PM,TV,Movie,4,7.5,1
b6df7cca-fcbf-447d-925a-b0976cd42f6f,2025-02-09,Sunday,07:20 PM,10:20 PM,TV,Series,4,5.3,1
7d874617-39a9-4eae-a8ae-cb9318110e59,2025-05-20,Wednesday,11:27 PM,01:27 AM,Tablet,Documentary,4,6.5,1
ca0ed529-c6e5-455c-8c54-a595bd8ab84a,2025-05-09,tuesday,10:25 PM,01:25,moblie,Series,5,6.9,1
ee0e8dc8-6a7d-47d3-a7ff-eb83c7366c44,2025-04-27,wednesday,07:19 PM,11:19 PM,Mobile,Movie,2,5.8,0
0362f500-590f-436e-bab2-227d0b76f183,2025-04-18,Tuesday,20:12,22:12,,Movie,3,5.4,0
44f0f8ca-ae1f-4629-83ca-e3d8a2830a32,2025-06-19,Wednesday,22:49,02:49 AM,TV,Series,6,5.9,1
d6b9548c-6d55-4fde-bf21-037ec437833f,2025-06-13,wednesday,21:09,12:09 AM,Tablet,Documentary,1,5.2,0
8c49d5d6-5dcb-4928-8a80-21b5cd0d013b,2025-04-25,Wednesday,11:23 PM,01:23,moblie,Movie,6,5.6,1
8d02126d-3bb4-4cd9-9a99-863886319731,2025-04-10,Friday,11:03 PM,01:03 AM,Mobile,Documentary,2,7.2,0
6ab262ec-04b8-4ae1-9d52-b0bf7367383e,2025-06-05,Tuesday,4:23,07:23 AM,TV,Movie,6,7.2,1
9fd826ab-d5b1-4980-8747-3c79a620a033,2025-06-30,Wednesday,2:27,03:27 AM,Mobile,Series,5,4.5,1
1d71ebad-44c9-49b1-a7fe-77e52a622081,2025-05-15,Monday,10:53 PM,01:53 AM,Tablet,Series,4,,1
cfd706bb-bb98-4f87-906a-bddffd85124d,2025-02-28,Saturday,18:54,21:54,Tablet,Documentary,5,5.1,1
c7a68ae4-477e-46c5-95c8-3f4835ef1e20,2025-05-01,Saturday,20:43,21:43,moblie,Series,5,4.9,1
cd23f267-c50d-41e5-bdde-b7d61854ea32,2025-04-09,Friday,07:08 PM,10:08 PM,,Documentary,4,5.6,1
3cc6ea3e-a184-4d61-94c8-1dfba909cd1f,2025-08-03,Wednesday,18:44,22:44,lptop,Movie,3,6.8,0
3d9e3931-b5f7-402b-a1f0-879ec2f6b98b,2025-02-19,Sunday,06:58 PM,10:58 PM,Mobile,Series,4,4.7,1
0d8fb374-93b5-4a4f-afa0-a353da32c2d4,2025-07-01,Monday,09:23 PM,10:23 PM,lptop,Series,6,4.6,1
e650598e-93fc-4e58-932b-b2a9f249b358,2025-05-19,Saturday,0:00,04:00 AM,Laptop,Documentary,2,5.2,0
b1ccf0f4-7b00-4726-8555-48acf94bae6b,2025-06-08,Tuesday,1:01,03:01,Laptop,Series,5,5.4,1
35cbce35-e3f9-4096-8776-feb8e659aa03,2025-06-28,Friday,06:21 PM,10:21 PM,Tablet,Movie,6,,1
9fd75b09-1c14-4a08-80fb-304882eac92a,2025-03-26,wednesday,11:34 PM,00:34,TV,Documentary,6,5.9,1
d201f256-75fb-42a9-8cbd-4d46e59b6f1b,2025-05-29,Saturday,11:57 PM,03:57 AM,Mobile,Documentary,5,5.2,1
a8e68537-3fca-4625-8a0e-e1c9526eb1c4,2025-07-01,Thursday,21:08,01:08 AM,,Documentary,2,5.6,0
bafd505f-2c10-4697-bce2-b434e9fc97e0,2025-06-29,Tuesday,07:17 PM,11:17 PM,,Series,1,7.5,0
ff7b90d4-fdeb-4d9b-9df3-319170cf833e,,Tuesday,10:18 PM,01:18 AM,TV,Movie,3,6.8,0
78740aa4-d340-4045-bd41-a142c695f2ea,2025-06-04,Friday,20:17,11:17 PM,Laptop,Documentary,1,6.5,0
77244d9c-a9f2-4c35-912f-971a4ad418cc,2025-08-06,wednesday,22:59,11:59 PM,Mobile,Movie,1,5.4,0
a4573cb4-8591-48bc-bec4-7d04398f78d0,2025-02-18,Wednesday,21:30,12:30 AM,TV,Movie,3,6.0,0
c5c66f18-b933-4164-bc65-979882cdb261,2025-03-24,Monday,10:12 PM,01:12,Tablet,Documentary,5,,1
397cdcf9-028a-4558-81ca-e160837b8660,2025-03-14,Thursday,06:37 PM,20:37,TV,Documentary,1,5.8,0
36979c01-5141-4e97-9a15-3e4a253a06ea,2025-06-13,Tuesday,20:23,10:23 PM,,Movie,2,6.6,0
0e2e5e6e-8a71-49b9-8f5b-f79c8d593eba,2025-04-15,monday,07:19 PM,23:19,lptop,Series,4,5.0,1
11d9f4c7-812d-46b8-abb8-1c95ab29287b,,tuesday,22:06,02:06 AM,lptop,Movie,6,5.0,1
b56cd25c-a655-4ed2-b441-31973b04e4c5,2025-07-05,Monday,04:02 AM,05:02,TV,Documentary,5,6.5,1
1ff1c510-7adf-457c-87b1-4b7472a53add,2025-04-13,Monday,09:17 PM,10:17 PM,TV,Documentary,15,3.0,1
336795b6-ddd5-4b23-a5f4-a913edac549a,2025-04-26,Thursday,04:24 AM,05:24,lptop,Movie,3,5.8,0
652f7233-9def-435c-9929-6d207f49297a,2025-06-24,wednesday,06:05 PM,20:05,moblie,Documentary,4,6.8,1
6208dd30-60bf-40ab-a697-9e9de5681bea,2025-02-21,Sunday,12:50 AM,04:50 AM,Laptop,Documentary,1,6.9,0
04ae8c02-fe28-46dd-9914-47d2177d5655,2025-07-15,Monday,23:48,03:48 AM,TV,Series,1,6.2,0
53335bc5-986f-41a7-9007-93281cce32bb,2025-03-02,Thursday,19:38,23:38,TV,Series,3,4.9,0
4420923b-cea6-453c-8bf3-0cd39da4a607,2025-06-19,Friday,11:36 PM,02:36,Laptop,Movie,3,4.2,0
2d58fc77-4081-408e-8302-5463e10b94d5,2025-02-05,Tuesday,20:32,09:32 PM,,Documentary,4,,1
440aaea5-e6a9-4372-8ed4-0ec53ef98cfc,2025-04-26,Thursday,09:09 PM,23:09,Laptop,Movie,5,5.8,1
1ddb32d1-660d-4d58-a3ef-a6499650fd61,2025-04-06,Monday,21:59,00:59,TV,Movie,1,7.3,0
d993ac8c-f80c-447d-9869-9513dae872a0,2025-07-17,Saturday,5:34,09:34 AM,Mobile,Documentary,5,5.4,1
2917235b-6b05-43e6-9bf3-19caeb328187,2025-06-10,Friday,04:01 AM,08:01,Tablet,Documentary,3,6.3,0
0aeeff4d-9b81-4c1d-819b-c0a2454679eb,2025-03-12,Tuesday,21:51,01:51,Mobile,Documentary,2,4.2,0
362ab11a-e151-4ad3-aa3a-4a7e8e99ba8e,2025-02-20,tuesday,01:47 AM,04:47 AM,TV,Documentary,6,4.3,1
261e799e-afc8-4db1-bc9c-44eff17a9e14,2025-05-05,Tuesday,06:52 PM,20:52,Tablet,Series,3,4.4,0
a2a67cdd-f785-4871-bb00-ebe54efb3f9f,2025-05-22,Friday,0:00,02:00,Mobile,Documentary,1,6.2,0
f6095c7e-1abc-4d06-9a5f-f16a51b59622,2025-04-04,Tuesday,23:17,00:17,moblie,Documentary,6,6.7,1
5407bd6e-2f15-48e5-b6f5-9995daee3f2c,2025-02-13,wednesday,07:04 PM,10:04 PM,Tablet,Documentary,1,7.1,0
6f15d472-f2f4-4610-b217-4085c0536405,2025-05-03,Friday,08:18 PM,09:18 PM,Laptop,Movie,6,5.6,1
53e47f35-f3c5-46ea-93cc-95c5777ec681,2025-03-25,Tuesday,11:04 PM,01:04,TV,Movie,1,7.8,0
119852ed-0c21-41f9-b742-a60ecff33991,2025-02-25,monday,08:39 PM,22:39,,Documentary,2,5.3,0
df84be2b-02cb-4548-80b0-be5fe97538b2,2025-07-12,Wednesday,08:53 PM,09:53 PM,Tablet,Movie,5,4.3,1
5a67a255-d99a-4178-9813-9485738e12c6,2025-03-30,Friday,23:34,01:34 AM,moblie,Series,6,8.0,1
67bcc9cb-77b6-4df5-86f8-8f4dab5a6045,2025-03-03,wednesday,22:32,01:32,Mobile,Series,1,5.3,0
33eadb95-26be-46a2-a03c-7f50f76be2f8,2025-04-04,Sunday,1:41,03:41,,Series,3,6.6,0
daaa4e8b-72a9-4f42-86a8-4e53a34f555e,2025-03-22,Saturday,10:33 PM,00:33,TV,Movie,4,6.5,1
a1207e07-d864-48ec-8359-3096ebd36358,2025-03-07,Saturday,1:15,02:15,,Documentary,5,4.5,1
8ecbd875-d37d-409d-b8ae-b07cf7f3a995,2025-04-21,Friday,09:54 PM,12:54 AM,Laptop,Series,4,5.8,1
2f473280-0602-476a-a0ca-d3a223d54742,2025-04-15,Tuesday,07:07 PM,09:07 PM,Laptop,Documentary,5,4.2,1
7849e373-cf81-410c-8379-48cd67f6acd4,2025-05-03,Friday,09:04 PM,01:04 AM,Tablet,Series,1,4.4,0
7be036bc-cabb-4c8b-896f-5db17efb0efa,2025-03-08,Wednesday,10:43 PM,02:43 AM,lptop,Documentary,1,,0
7bbb60b5-373d-413b-a543-005cc1ded743,2025-02-05,Monday,09:35 PM,23:35,moblie,Documentary,3,5.4,0
6092a392-d0f2-4bf9-b42f-eff70d6596e6,,Friday,4:50,06:50,moblie,Series,4,6.9,1
ee8c55e1-02cd-4c52-9add-68f4db2de288,2025-02-12,Wednesday,19:46,23:46,Mobile,Documentary,5,4.2,1
5e927e10-f50f-4f9e-ab4f-9744ca5b954d,2025-05-21,Friday,10:28 PM,02:28 AM,Tablet,Series,4,8.0,1
28ae5833-9f66-44f4-9912-423df25db478,2025-03-20,Friday,11:00 PM,02:00,Laptop,Movie,2,7.8,0
ce654ab6-b955-4f45-be8c-8327aa776e3f,2025-03-05,Tuesday,05:51 AM,06:51,TV,Documentary,5,7.6,1
1b709b8e-5482-4679-8b8f-8ea3cd1bbd20,2025-06-12,Sunday,11:14 PM,01:14 AM,lptop,Documentary,2,6.3,0
faa5bc85-c82a-47dc-a05f-3bb3ba59299c,2025-06-30,Friday,12:52 AM,02:52,Tablet,Series,3,7.5,0
684b0b3a-7fb9-4715-9406-92d78b4b8859,2025-03-28,Friday,02:14 AM,03:14 AM,lptop,Series,3,4.1,0
d1950e15-072f-4427-86ca-31e2d877cf4b,2025-06-07,Friday,07:46 PM,10:46 PM,Mobile,Movie,6,4.2,1
86bc33a7-580a-4e17-a283-63c909de329f,2025-02-25,monday,09:04 PM,10:04 PM,,Documentary,2,5.1,0
17946f91-23b1-4b76-b575-ae327420330d,2025-02-21,Saturday,07:22 PM,22:22,Laptop,Series,3,4.5,0
e4b33d6d-85d7-4b3e-89c3-87b194a1fbdd,2025-03-16,Wednesday,19:11,11:11 PM,Mobile,Movie,3,7.4,0
8201decc-b6bd-49d3-b170-ffc8236fa92a,2025-06-27,monday,18:03,20:03,Laptop,Documentary,2,7.8,0
ee7eac77-2edb-4bc6-bfd4-0068edab72d2,2025-07-17,Wednesday,04:20 AM,08:20 AM,TV,Documentary,6,7.0,1
4c337614-8f8b-43e5-b539-1d441edd2b58,2025-03-29,monday,21:29,01:29 AM,,Series,4,8.0,1
aeb2f95e-aa7a-415a-9da4-dd602a474c7d,2025-03-27,Thursday,06:47 PM,19:47,TV,Series,3,5.8,0
8abd0395-346b-4787-8be1-b67af74b9f9a,2025-03-13,Saturday,22:55,11:55 PM,lptop,Series,6,7.0,1
1acdad78-49eb-465f-a3c9-891042c5aab9,2025-02-16,wednesday,20:25,09:25 PM,moblie,Series,2,,0
db5c16f3-ba40-4585-874b-e5ba31067ef8,2025-06-28,monday,21:51,23:51,moblie,Series,6,5.1,1
5c544094-0b7d-46a8-ba73-1c26f365b8e7,2025-05-11,monday,5:18,06:18,Laptop,Movie,3,4.7,0
b89bd28c-0830-4bc3-be3c-63f6c5f21f3b,2025-03-14,Monday,21:29,00:29,lptop,Series,6,6.5,1
c227ed6c-1580-40a7-b70b-697fecac8518,2025-06-23,Saturday,08:11 PM,10:11 PM,Tablet,Series,4,5.9,1
0cd11635-584d-4cc8-9779-9ac88cdc9314,2025-03-12,Wednesday,10:02 PM,11:02 PM,Laptop,Documentary,4,4.4,1
b17f55fb-b018-47fd-b434-4b92f495f4a0,2025-06-23,Tuesday,0:51,03:51 AM,Tablet,Series,4,6.6,1
d540409f-7f56-444f-9643-435f40e09138,2025-05-31,Tuesday,22:22,02:22 AM,lptop,Series,6,6.0,1
87e8e370-3b79-448a-a40b-277677ebee70,2025-02-15,Saturday,23:56,01:56,Laptop,Series,6,,1
003488a2-8c3f-4fa2-8fc3-3e7f65305bb6,2025-05-31,Tuesday,23:16,03:16,TV,Documentary,2,6.1,0
249eaa96-bb72-48b4-869a-993189b58aa8,2025-07-02,wednesday,02:08 AM,04:08 AM,lptop,Documentary,2,5.3,0
015e8399-cbe1-4db2-a254-ed8028d123ef,2025-03-10,Friday,22:24,02:24,Mobile,Movie,4,7.4,1
dd4eb9c0-37e2-4b01-a4f8-b0a9f6324e1e,2025-04-29,Thursday,06:01 PM,20:01,Laptop,Series,5,4.2,1
3eda8a7b-a8cd-4f2f-a715-82e254798ef3,2025-06-01,Sunday,09:28 PM,01:28,TV,Documentary,3,6.7,0
c6e26a1f-fb78-44e3-9b82-cd21015d8fa0,2025-05-30,Monday,22:57,00:57,TV,Movie,4,7.5,1
3bcdedf4-8b45-46ae-8956-4f8f7b2227fe,,Friday,07:47 PM,20:47,TV,Movie,6,5.0,1
c5522f3f-5650-4a0f-8a00-88bc84b85bea,2025-05-07,Sunday,06:10 PM,10:10 PM,Tablet,Documentary,2,7.4,0
c6381e59-e71d-49aa-9293-a71744b553c1,2025-02-26,tuesday,19:32,11:32 PM,Mobile,Series,4,7.7,1
9583e2d6-b8df-4d9a-bb01-eb2a6d9fcf22,2025-06-07,wednesday,23:48,02:48 AM,TV,Series,4,4.4,1
3e2fd607-edf5-4564-b174-3cad834ceb95,2025-05-12,Wednesday,23:28,03:28,TV,Movie,4,6.3,1
3ab19990-4523-4e76-9c97-6fd1634eaffb,2025-07-26,Friday,08:50 PM,21:50,Tablet,Series,3,6.6,0
77866f93-75f3-43b7-bfec-0ade665e7421,2025-02-08,wednesday,08:51 PM,22:51,moblie,Documentary,1,7.8,0
56cc96ea-fb3b-4718-9c6f-d16150697459,,Tuesday,22:27,02:27 AM,Mobile,Series,6,5.2,1
40dea319-df1c-4e22-9d29-1008e8fc12bb,2025-05-08,Sunday,10:00 PM,02:00,Mobile,Documentary,6,,1
c9ac4f38-532f-4a6c-a4e9-713300fdb23a,2025-07-18,wednesday,06:42 PM,22:42,moblie,Series,6,6.2,1
a8ccea0a-0929-4f02-b974-295015ed2949,2025-03-16,Sunday,4:41,06:41,moblie,Documentary,1,7.5,0
bc18e4c2-3938-4ff3-8e70-607ee603d66c,2025-05-24,wednesday,10:33 PM,00:33,TV,Series,2,6.4,0
4ca92f1b-ecc2-41d4-b24c-5a17a35cba5d,2025-08-03,Sunday,11:35 PM,03:35 AM,Tablet,Series,3,7.7,0
b33d8be0-f244-48b2-9868-23d5a20601ce,2025-05-14,Friday,09:15 PM,01:15 AM,,Documentary,10,2.2,1
ed1e4c2e-31d5-462d-9cc7-e0c0207eedb8,2025-05-03,monday,21:53,01:53 AM,moblie,Movie,3,4.7,0
694d4bd4-175c-4a50-a4ee-cf63623ca55f,2025-06-16,Friday,09:10 PM,22:10,Tablet,Series,6,6.1,1
31e5764f-0f0e-485c-9ea8-c6f22899ccd8,2025-05-03,Monday,22:36,00:36,moblie,Movie,6,6.9,1
215bafe1-df98-4f00-a938-d1e38aa9265d,2025-04-23,Friday,10:51 PM,11:51 PM,Mobile,Movie,4,4.9,1
f103a7b7-006b-483e-8c68-9637c8af0266,2025-03-20,Monday,5:11,06:11,Mobile,Series,2,5.0,0
cfcfe974-ad09-462f-af4d-c44b620c6ab8,2025-05-28,Monday,23:30,03:30,lptop,Movie,2,7.2,0
f2788c08-2974-4ba3-95f4-1f4de4c5ab02,2025-05-20,Wednesday,12:46 AM,02:46,TV,Documentary,5,6.5,1
c1d43afa-434a-47d6-820f-093083cbbe7d,2025-07-06,Friday,06:57 PM,08:57 PM,Laptop,Series,1,7.4,0
a1bbcf29-4828-450b-b024-7a1c1de70536,2025-05-19,monday,19:55,20:55,Tablet,Documentary,2,5.1,0
50748f67-76df-46c1-b2af-b3f19727608b,2025-06-25,Sunday,06:56 PM,21:56,Tablet,Series,6,4.3,1
ee213394-fc58-4a00-8d63-a04635a1b7e6,2025-07-30,Monday,11:03 PM,02:03 AM,lptop,Movie,3,7.4,0
9f76e829-94f2-468d-a810-e9430106b2a0,2025-03-26,Tuesday,08:02 PM,11:02 PM,Laptop,Series,3,,0
9df15aef-d184-4e35-b2f1-e736757f4914,2025-03-29,Friday,11:44 PM,01:44,Laptop,Documentary,2,6.8,0
0a312818-5101-40be-971b-a1ba803e73ef,2025-02-06,Monday,19:08,08:08 PM,Laptop,Movie,2,6.4,0
b84acf58-0d13-4078-b28d-c276527eabc5,2025-07-13,Monday,18:53,20:53,lptop,Movie,5,4.5,1
c1caaca5-3b6f-45f2-b16b-07cec4ab1649,2025-06-27,tuesday,2:51,05:51,moblie,Movie,14,4.0,1
64314c53-dbf5-4f55-bf97-4e5fa4ecc100,2025-04-05,Friday,09:42 PM,12:42 AM,Tablet,Documentary,1,4.7,0
7d533a21-c1d5-4a8a-b332-529e2fb74b30,2025-05-25,Saturday,02:45 AM,05:45 AM,Tablet,Series,5,5.7,1
db561946-6079-481d-bdde-9a6fa70e6e8c,2025-04-28,Wednesday,4:31,08:31 AM,lptop,Movie,6,5.8,1
c33d2a92-fd03-4f95-8449-b08d3d2ce085,2025-04-30,Sunday,09:45 PM,22:45,Laptop,Series,3,7.7,0
a02c4f56-ce6e-4c9c-b856-ac4568469745,2025-04-27,Tuesday,19:01,22:01,lptop,Movie,6,6.0,1
a6075ed4-e662-4b49-9fee-274a676afbab,2025-03-05,Monday,01:41 AM,02:41 AM,lptop,Documentary,1,6.8,0
818b4d66-bf49-425c-b9e1-df7cf6db2b85,2025-03-10,Sunday,20:52,10:52 PM,moblie,Series,1,7.7,0
49a336d1-b1e1-4176-9a29-65f16f0e819f,2025-06-26,wednesday,18:25,20:25,,Documentary,5,5.7,1
6d41e947-7854-4c86-a356-6415508a601d,2025-04-02,Wednesday,3:48,06:48,Tablet,Movie,1,7.1,0
0fd02d22-0eb5-4fd7-86a4-a7e9f311aa56,2025-04-12,wednesday,21:41,23:41,Tablet,Documentary,6,7.3,1
1da4fc59-4ed4-44a8-bc26-d8d60974b668,2025-05-24,Wednesday,11:58 PM,12:58 AM,TV,Documentary,6,6.7,1
5a75b0cc-c2e7-4a11-be58-3aa17779d08b,,Sunday,01:56 AM,02:56 AM,,Movie,6,7.0,1
36043308-2f38-46f7-97fa-f0fd046b68ec,,Thursday,20:28,11:28 PM,Laptop,Documentary,3,7.8,0
e7d48a9a-7dfd-4d77-8e4f-28d4cf4f5b06,2025-03-11,Tuesday,10:55 PM,02:55,,Documentary,1,7.6,0
43b67ede-d89f-4198-8728-b2bf01246779,2025-06-04,Thursday,10:28 PM,23:28,,Movie,5,7.0,1
779f4b52-9460-4630-9b7e-8dc456611bf9,2025-02-09,Sunday,18:03,22:03,Laptop,Movie,4,5.6,1
ba0414de-216e-4eab-ae4a-1b2e24fba482,2025-05-13,monday,09:41 PM,01:41 AM,lptop,Series,2,5.0,0
b440c894-6da4-4643-b8c1-4116033edb25,2025-07-26,monday,05:28 AM,07:28 AM,,Movie,5,7.9,1
62dbfefe-e69d-4fc9-8b3b-334293ef481b,2025-04-12,tuesday,08:53 PM,12:53 AM,lptop,Documentary,6,5.2,1
58e410ce-7d46-453c-9a91-499b8c49c3cb,2025-06-29,Saturday,09:56 PM,12:56 AM,,Documentary,2,5.3,0
ed5c119a-76b7-45c5-9a6e-da492796c366,2025-02-11,Saturday,02:37 AM,03:37,,Documentary,12,3.9,1
fabbbc8e-20b4-41e2-93f4-3e0449fafecd,2025-05-28,Friday,07:44 PM,20:44,moblie,Documentary,2,7.1,0
105cb8da-50e8-472c-916b-ca92b6408c6b,2025-06-25,Tuesday,10:51 PM,02:51 AM,Tablet,Series,2,7.0,0
998fe108-4129-4f2b-b985-05810370fb24,2025-04-11,Sunday,23:40,01:40,Laptop,Movie,6,5.2,1
4269732b-6df5-44ad-ba23-04618b75b701,2025-03-28,Tuesday,19:19,21:19,Laptop,Series,1,6.6,0
ae2a806e-ec8a-4e12-9949-50bde9a81969,2025-07-29,Monday,22:24,01:24 AM,TV,Documentary,5,7.3,1
e29dcc60-858f-4252-b835-52d565135f96,2025-04-18,Wednesday,21:52,23:52,TV,Movie,3,5.4,0
e20fc409-e609-4b9d-9e8f-318a016b8207,2025-07-20,Saturday,07:35 PM,11:35 PM,Laptop,Documentary,5,7.9,1
4f3a6a97-cf5b-44e2-b482-65f4dcb386ee,2025-05-01,Tuesday,06:10 PM,07:10 PM,moblie,Series,4,4.3,1
cef318af-76a0-4b08-a5b4-3b736788ca2c,2025-07-17,wednesday,08:31 PM,22:31,Mobile,Documentary,3,7.9,0
ef0b9a7f-5d68-456c-ae76-5d47c7de7586,2025-07-28,wednesday,1:07,05:07 AM,Tablet,Documentary,2,7.2,0
65795c30-3a1d-4216-bc68-1192efc0adec,2025-03-02,Wednesday,20:39,23:39,,Movie,6,6.0,1
ab0c6171-e035-4de7-907e-40d65b2b80e7,2025-08-02,tuesday,11:38 PM,01:38,Laptop,Movie,6,6.6,1
34e8a54f-945b-43da-9910-1576338aabcf,,tuesday,03:52 AM,07:52,,Movie,1,6.3,0
3ff7b08e-9426-48c8-83ff-2e4ab584b2d9,2025-05-25,wednesday,20:20,23:20,Mobile,Movie,2,4.8,0
cf2d40a2-b775-4eca-998c-9d8f46feb9d9,2025-02-10,Wednesday,19:23,08:23 PM,lptop,Movie,2,7.8,0
80f7e4a7-e6b4-4929-96f9-d817175c7e1c,2025-03-17,Friday,03:41 AM,07:41 AM,moblie,Movie,4,7.0,1
b82dd5d2-8951-47c4-a3f1-782b78356d57,2025-03-13,monday,03:33 AM,05:33 AM,,Documentary,1,6.5,0
e32e62dd-63b3-4122-a924-f17b703c94df,2025-06-01,monday,19:44,20:44,moblie,Series,4,5.2,1
8963ece9-ffe6-4c7f-995c-d473146d153e,2025-06-28,Monday,22:10,02:10,Tablet,Series,3,,0
ccb0092e-8ffe-418a-baa7-3e2aca92198d,2025-08-06,Monday,1:14,05:14 AM,,Movie,5,4.7,1
c200f040-81b2-4023-a19a-de8939005897,2025-05-13,Tuesday,22:12,11:12 PM,,Movie,1,,0
ed494cb1-e9da-4aa3-96c1-7c5855d8c5c6,2025-05-20,Thursday,10:14 PM,02:14 AM,Tablet,Movie,2,5.8,0
b01c9087-c235-4280-ad74-94559a336fb6,2025-02-17,monday,08:39 PM,09:39 PM,Laptop,Documentary,2,4.6,0
d26ea3ad-240b-4fcf-a0a1-97509c6602bb,2025-02-14,Monday,10:46 PM,11:46 PM,,Series,3,,0
9a781040-8acb-4581-bfef-3558ddbb9b27,2025-02-05,monday,20:02,22:02,lptop,Documentary,5,4.9,1
7190f9cc-4af0-4bb4-ad0e-70bfdb391085,2025-05-03,wednesday,11:36 PM,00:36,Laptop,Documentary,2,7.0,0
63f4aefe-91b4-4333-b04e-e800d8ca486d,2025-03-26,Thursday,21:33,12:33 AM,lptop,Documentary,6,5.6,1
ad545d1e-a005-439d-a0ec-27ec88d0047e,2025-02-10,Monday,21:46,01:46 AM,lptop,Documentary,1,6.8,0
e0170bdc-007a-4f4b-ac16-a17a7352d7a7,2025-05-19,Wednesday,09:51 PM,23:51,Laptop,Movie,5,4.9,1
e62bebe7-838b-4f15-9c1b-5e88564e402c,2025-06-15,Saturday,06:11 PM,08:11 PM,lptop,Series,5,6.6,1
231a8bbf-5a6f-40ec-b9a5-92936b130d16,2025-06-28,Saturday,11:09 PM,02:09,Tablet,Movie,5,4.6,1
8ca3519e-4960-4e56-a375-55f43e467b5b,2025-05-30,Wednesday,09:48 PM,11:48 PM,Tablet,Documentary,2,6.5,0
5e36b996-5e66-46b3-a70d-448a5057a103,2025-04-28,Friday,0:35,04:35 AM,Laptop,Movie,6,5.6,1
b91c83b7-d6fa-4ed5-aab3-6402f6d2dfa8,2025-05-17,Saturday,10:35 PM,01:35,,Series,3,,0
ff210e20-5032-4c55-a42e-501e2a4e8059,2025-05-08,Thursday,19:50,09:50 PM,moblie,Movie,5,5.1,1
59636e06-08a4-4fe3-8101-28f0cfe31de4,2025-06-19,tuesday,09:32 PM,01:32,lptop,Documentary,4,7.2,1
9b982934-31b3-4b1b-9fdf-acfeeb3b5331,2025-06-27,Monday,11:00 PM,00:00,lptop,Documentary,5,6.1,1
b6a05246-dc68-4f09-98be-504979f1da8a,2025-02-12,Wednesday,08:30 PM,11:30 PM,Laptop,Series,3,5.8,0
53db3745-13d4-419e-b915-cfe19c867db0,2025-04-01,Friday,07:54 PM,22:54,lptop,Documentary,3,7.1,0
98556a9c-ed0b-4481-80b6-441f33f85126,2025-03-18,Sunday,5:33,08:33 AM,TV,Documentary,4,6.2,1
902ecbd2-54a3-480b-b89e-ac1a4c08bb9c,,monday,21:47,22:47,lptop,Documentary,6,4.5,1
b3c4538d-8e22-4742-a825-7a0e0d5fac1f,2025-05-01,tuesday,06:33 PM,19:33,Tablet,Movie,2,6.8,0
1f26730f-015a-4e72-9871-7aa778412d8a,2025-05-06,tuesday,19:14,20:14,moblie,Series,1,5.0,0
2826036f-e4ef-4460-ba9b-e02cc808eb76,2025-03-02,Tuesday,2:45,06:45,Mobile,Documentary,4,7.3,1
dd25c414-2e03-4ae5-85a5-c5223cef2c00,2025-04-13,Sunday,12:10 AM,04:10,,Series,1,4.2,0
cfe12575-1527-4561-a8a1-103fca44b308,2025-03-22,Thursday,22:26,02:26 AM,moblie,Movie,1,6.5,0
4b12babb-0492-4416-97d0-0cb360a933d1,2025-05-06,Thursday,11:18 PM,01:18,Laptop,Movie,3,7.8,0
7ab7111e-697e-47f3-9299-5b2a890e5d89,2025-04-26,tuesday,01:32 AM,04:32,TV,Movie,5,6.6,1
13443294-60b4-4cdf-b144-c33d2a4ab3d1,2025-05-12,wednesday,23:06,01:06 AM,Mobile,Documentary,2,5.3,0
2dbbc635-29fc-4e2e-9185-fba5808cd8a7,2025-05-06,Saturday,23:03,01:03,Tablet,Documentary,3,7.1,0
913f89c2-c44c-47d6-be6a-4336f58c753c,2025-07-22,Sunday,22:44,23:44,Laptop,Documentary,2,7.6,0
f234e003-28ca-485a-a98c-1a0848133659,2025-05-09,Thursday,07:00 PM,22:00,Laptop,Movie,6,7.5,1
2ab45358-59a5-46b4-8b5a-7d719d9da232,2025-06-22,Thursday,18:47,21:47,moblie,Series,4,4.5,1
15a8a947-b815-4c6f-ad18-50a99c21b51e,2025-06-30,wednesday,18:59,20:59,,Movie,2,5.2,0
5bcee5c0-c913-48ae-8c88-40581d9d822d,2025-04-15,Tuesday,06:28 PM,19:28,,Documentary,4,6.1,1
3ea5c242-b410-4e22-8c07-3e9f7267b971,2025-02-08,Sunday,20:24,12:24 AM,Mobile,Documentary,1,5.0,0
bafc3849-abb7-4571-aacd-5f9f42a67008,2025-08-03,Saturday,3:00,06:00 AM,,Movie,1,4.6,0
3f485d66-42c1-4211-9fb6-27b2d08813bf,2025-03-08,tuesday,02:17 AM,05:17,TV,Series,2,5.3,0
ac821014-6d2f-45e7-85bf-531809851113,2025-03-19,Thursday,04:52 AM,05:52 AM,lptop,Movie,6,8.0,1
65f0339c-a9a1-4de1-9912-40310879d89b,2025-05-19,Monday,06:04 PM,08:04 PM,Laptop,Movie,2,6.8,0
02240be8-b871-4b45-85b9-c6114ba24caa,2025-07-16,Saturday,06:02 PM,10:02 PM,TV,Series,1,6.8,0
99addb95-41e9-42d1-b188-8c920459c93e,2025-06-14,Friday,23:27,02:27,Mobile,Documentary,1,5.0,0
072a2327-b11c-486b-8e1c-d88ea928b980,2025-04-06,tuesday,10:37 PM,23:37,Laptop,Documentary,6,4.6,1
8896a80e-e58f-414c-8973-62a855fec2eb,2025-05-07,tuesday,09:04 PM,12:04 AM,lptop,Documentary,13,2.8,1
1b03e8c1-eac0-4cbc-aa54-6177eed735f3,2025-04-06,Sunday,09:59 PM,01:59 AM,,Documentary,4,5.9,1
7540011b-cddd-4276-97c7-b6ef871f652e,2025-04-22,Wednesday,08:03 PM,21:03,Tablet,Documentary,3,7.4,0
a549c9ad-9fdc-496c-93ed-5d0ed5d70dea,2025-05-08,Monday,07:47 PM,23:47,Mobile,Movie,5,7.3,1
ff2ee799-007e-4010-9f50-865a9d57e0c4,2025-07-23,wednesday,19:12,22:12,Laptop,Documentary,4,5.2,1
14a59d99-e0bc-4395-b620-1841b4a18665,2025-05-12,Monday,23:32,01:32 AM,,Series,2,,0
df5167c2-89e8-4f13-abbd-568b69cf8291,2025-06-18,Saturday,22:57,02:57 AM,TV,Series,5,7.7,1
62327bf1-763d-4778-b65b-b3dd615b9ce1,2025-02-26,wednesday,23:16,01:16 AM,Laptop,Movie,5,7.3,1
4b408749-2fbf-4baf-9cf5-fdd438f5e05f,2025-08-04,Monday,11:15 PM,12:15 AM,Mobile,Movie,2,7.3,0
6d015dcb-7220-43b6-a231-94fd911bc8b6,2025-03-22,Friday,23:48,00:48,Tablet,Movie,1,7.9,0
87bd3945-65c4-442a-9b93-49c5d5662900,2025-05-30,Sunday,07:31 PM,23:31,,Series,2,4.4,0
076ffc90-8745-4352-a1f6-e0950e6e2382,2025-05-11,tuesday,21:34,00:34,TV,Documentary,6,7.8,1
32831db5-6e95-4360-bc96-9deefed8b3f4,2025-07-23,Saturday,09:32 PM,01:32,Tablet,Series,1,7.6,0
1dfbd062-b91c-4eb1-ba19-0570e8fb8cd7,2025-06-06,Thursday,2:07,06:07,TV,Movie,4,7.7,1
a4fa25d2-264e-4adf-87d9-9098bd81a884,,Friday,1:18,05:18 AM,Mobile,Documentary,5,6.0,1
c2420168-de36-44eb-9c90-1cdb3a59d5a7,2025-04-28,Tuesday,23:36,03:36 AM,,Series,6,,1
0e2ded3b-a2a9-41b2-b6a6-0a68adea49c9,2025-05-07,Sunday,03:10 AM,06:10,TV,Documentary,1,,0
0143a98b-3fb7-4305-931b-3baa6d7f8432,,tuesday,05:45 AM,08:45 AM,Tablet,Movie,5,4.7,1
1019cd02-5e1e-4434-9db9-8f3bdbf6dedb,2025-05-12,Thursday,07:57 PM,23:57,Laptop,Movie,1,4.3,0
ec2acc26-54ac-4d47-82df-f72707148535,2025-02-12,Wednesday,07:30 PM,11:30 PM,Tablet,Series,2,4.4,0
c2a731d5-08ff-49a2-a610-ecf3375383cf,2025-06-18,Monday,19:42,20:42,Laptop,Movie,3,5.6,0
c67159da-9aff-4302-8651-bcd1cdd1f41f,2025-03-14,tuesday,06:37 PM,10:37 PM,lptop,Documentary,3,,0
cf457274-d49a-46a4-8da3-26246999983c,2025-07-18,Thursday,08:53 PM,00:53,lptop,Movie,6,7.2,1
d44767c7-9c95-4e03-a4fe-838170f48789,2025-07-04,Thursday,08:26 PM,23:26,TV,Series,4,7.7,1
dfb5ba7a-d721-44a3-a334-122411cbbf33,2025-06-27,monday,11:37 PM,00:37,,Documentary,5,7.6,1
5b5e8e5e-025c-4386-b0af-2ebb9e054587,2025-06-06,monday,11:37 PM,00:37,lptop,Series,3,7.8,0
93622dd5-c287-4736-8168-c1351688d118,2025-03-05,tuesday,22:45,00:45,Tablet,Documentary,4,4.2,1
55d0de0e-4026-4fed-865c-41d1c34ffd73,2025-06-09,Saturday,22:55,01:55,Mobile,Series,3,7.1,0
132444e9-a2dd-4226-bef8-786ac2a51022,2025-06-23,Sunday,07:23 PM,11:23 PM,Mobile,Series,1,6.5,0
47d1b3ae-68ae-4b22-9ad3-99ea5b6130d1,2025-05-23,wednesday,18:44,08:44 PM,TV,Series,5,6.6,1
97bbfffd-7ebe-47f4-8f80-3a98b4618b39,2025-04-09,Friday,11:08 PM,02:08 AM,Tablet,Series,4,7.4,1
341e0508-2bfa-472a-bf8a-5402b10f3088,2025-05-19,monday,21:47,00:47,moblie,Series,5,5.2,1
18e9d41f-4e0c-40df-a4d5-d3457eb77797,2025-06-04,tuesday,11:13 PM,02:13 AM,Tablet,Movie,4,4.4,1
be34dfdd-6635-4bb4-ae23-55bbe3a57c73,2025-03-22,Saturday,21:02,10:02 PM,Laptop,Documentary,2,5.3,0
6dbcee8a-385e-4204-bb68-31e0672f1515,2025-07-17,monday,09:14 PM,12:14 AM,,Documentary,4,7.1,1
6b6ab1e4-82df-478b-a5d0-055a88d6de27,2025-03-17,wednesday,10:13 PM,01:13,Tablet,Movie,5,6.2,1
52da9aaf-4630-44ca-8d86-72018ccb1f5e,2025-03-21,tuesday,20:22,22:22,Laptop,Movie,6,7.0,1
0d6d7c73-544f-47c5-8aed-0fb854823a24,2025-06-14,monday,06:53 PM,10:53 PM,lptop,Documentary,4,6.9,1
03c98140-4b68-4d18-9a83-cfcfbee208d8,2025-06-17,Monday,20:57,00:57,lptop,Series,2,7.5,0
c9043a83-5f15-45db-9509-0d1a7b38f663,2025-08-01,Wednesday,04:47 AM,08:47,Laptop,Documentary,4,6.1,1
7dda3599-ed55-40e9-92a9-ee8835cd1b70,2025-03-16,monday,18:40,09:40 PM,Tablet,Documentary,4,4.5,1
f1cc1e49-4170-4075-b5e4-8363c9a69364,2025-05-30,Thursday,06:28 PM,08:28 PM,,Series,2,6.0,0
6beeac78-300e-45d5-b221-9146048f199f,2025-07-05,Saturday,01:37 AM,03:37 AM,TV,Documentary,6,7.8,1
28550717-a979-4054-bff9-12f8ef4713ad,2025-02-25,Sunday,03:31 AM,07:31 AM,TV,Series,1,7.7,0
405b38d6-dbba-4b83-9729-eb9ef5f79a25,2025-04-10,wednesday,07:04 PM,11:04 PM,lptop,Movie,2,7.4,0
cac45544-e6fd-4803-b63b-621b5eb70d22,2025-07-16,tuesday,09:08 PM,11:08 PM,,Movie,1,6.2,0
f5af7123-714d-44e9-a72f-3439b54d2c00,2025-08-02,monday,0:30,02:30,Laptop,Movie,1,5.9,0
ffbc9c01-76f4-4710-9dbc-64095459a9c0,2025-06-14,wednesday,21:28,12:28 AM,Laptop,Documentary,1,5.6,0
00368852-1ad8-4b31-ba57-c048079084f5,2025-07-31,Monday,10:01 PM,02:01,Mobile,Documentary,5,,1
37ecfd9e-5187-4967-b60a-c7fde389ec61,2025-03-05,Wednesday,23:02,01:02 AM,Tablet,Documentary,4,7.8,1
066f94f9-c65d-4293-9188-bd2e6e5a201a,2025-04-22,Friday,05:22 AM,08:22 AM,lptop,Series,3,4.6,0
41cbce33-20be-4710-95a7-54b62ec7d4da,2025-02-11,Wednesday,20:46,09:46 PM,,Series,1,5.2,0
a846ace7-3f43-455b-a157-9f2b45a6641d,2025-02-27,Tuesday,06:56 PM,22:56,moblie,Documentary,2,5.1,0
e2b4d282-589a-412d-952a-f71dc882b29a,2025-02-28,Thursday,23:50,12:50 AM,Laptop,Documentary,3,7.9,0
0991688b-12b1-4df3-b2c6-c6b008531867,2025-04-18,Tuesday,06:32 PM,08:32 PM,Mobile,Series,4,5.1,1
0ed9b332-f100-4a1c-a3bc-045da427cf47,2025-04-20,Monday,18:11,19:11,,Documentary,3,5.5,0
5b4551b0-6e00-4544-85c8-474f33b86fb5,2025-06-28,Monday,06:22 PM,19:22,moblie,Documentary,6,4.4,1
9ddf2069-68da-40a2-ad3a-e3703a61f7cb,2025-02-25,wednesday,22:01,00:01,Laptop,Documentary,4,7.7,1
59f42223-f29b-4565-9149-4e7e39c07029,2025-06-20,monday,06:02 PM,07:02 PM,TV,Series,3,6.4,0
6206365a-6ec5-48d5-b05c-da6e2a66caa1,2025-05-31,tuesday,23:28,02:28,Mobile,Series,5,5.4,1
98de7cb5-133f-405e-8974-be7904ef320e,2025-04-27,Sunday,12:10 AM,04:10 AM,Laptop,Movie,5,5.9,1
7b10b16b-0d3e-48c0-93ac-a387e4150ebe,2025-06-05,Thursday,07:57 PM,23:57,moblie,Movie,2,5.4,0
3f95e9cb-85d7-4c35-b8de-caa366ad3ba9,2025-03-15,Sunday,08:15 PM,11:15 PM,moblie,Movie,5,6.1,1
8da85729-3741-4875-92d7-182613481271,2025-07-23,Saturday,11:30 PM,00:30,TV,Movie,2,5.5,0
26e76774-bbf3-4111-aeb3-10b2acca2fb7,2025-05-20,Friday,2:21,05:21,,Series,3,6.1,0
460edc86-e15a-42df-9340-1ec3c3a2a573,2025-04-18,Tuesday,08:57 PM,10:57 PM,moblie,Series,1,6.3,0
8f3b66e2-9b65-41f0-8f23-86030e7a8895,2025-05-05,Thursday,09:27 PM,11:27 PM,Tablet,Documentary,2,4.3,0
1e541d91-72eb-4feb-b099-6a1277c37a2b,2025-03-16,Friday,20:59,21:59,moblie,Series,3,8.0,0
330a6e37-7918-4592-96ea-f3266cf7a59f,2025-07-01,Monday,18:30,21:30,moblie,Movie,2,6.9,0
1ae6d1cb-d7a3-4b8e-b5d9-5b1937434edf,2025-03-20,Sunday,23:01,02:01,,Documentary,6,4.9,1
1c02cdc3-f778-40a3-b666-71e746a449c5,2025-07-15,tuesday,20:56,09:56 PM,Tablet,Documentary,5,4.2,1
33181410-e5f1-421e-8ad2-4d492426f8bd,2025-05-02,Monday,23:49,02:49 AM,TV,Series,2,4.4,0
eeb954d4-6357-4218-b13b-560686c78a62,2025-04-20,Monday,19:48,10:48 PM,TV,Documentary,5,6.2,1
910192e2-794c-43e1-a869-5f886e23c165,2025-05-30,monday,21:54,23:54,Laptop,Series,2,6.8,0
b44dc2fa-bf4e-40f4-8d41-ea3e8757a435,2025-02-20,wednesday,03:31 AM,05:31 AM,Tablet,Movie,1,4.9,0
d063dd7a-7311-4cac-a481-34e5d0ae2641,2025-04-26,Sunday,18:23,09:23 PM,Mobile,Series,4,5.3,1
62a9d668-b30e-451c-86ec-eccf0bdb7318,2025-07-22,Sunday,08:55 PM,11:55 PM,Mobile,Documentary,1,6.8,0
5d78ca54-ac65-47f4-b516-c6fb2c9b3c7b,2025-02-16,Wednesday,10:44 PM,12:44 AM,moblie,Series,2,5.9,0
62414607-3116-4172-9c4e-b97a0e2b2dd1,2025-08-06,Sunday,03:25 AM,05:25,Laptop,Series,2,6.7,0
c70a4e40-a9a6-47cf-ab5e-6b9f2247b6f9,2025-07-08,Sunday,08:55 PM,11:55 PM,TV,Movie,6,4.5,1
a233dd9d-a918-4502-8c6c-eca66e036a7a,2025-04-09,Monday,06:41 PM,20:41,,Movie,1,7.5,0
69024f8a-b575-47ea-bf24-9038d9735997,2025-04-13,Tuesday,10:30 PM,00:30,TV,Movie,4,,1
947cb00b-c7ba-4ea5-9992-750f700d4558,2025-06-16,Saturday,08:30 PM,12:30 AM,,Movie,4,7.6,1
2ae97e0a-846d-45a6-88f8-6a7859d3d24f,2025-08-06,Monday,11:35 PM,01:35,Laptop,Series,3,4.3,0
0ba608b1-54b8-4fca-93f4-401674c27f39,2025-02-17,Friday,20:39,11:39 PM,moblie,Documentary,1,4.8,0
be346933-9c5b-4aa0-9e48-61bf3ac602f7,2025-04-05,wednesday,07:00 PM,23:00,Mobile,Movie,3,4.2,0
fa71588e-2896-4c9b-be58-9f41e1bfc0d9,2025-06-20,Friday,23:54,12:54 AM,Tablet,Documentary,1,5.8,0
ec76d4aa-0d59-43fa-a5cd-366ca21c5aef,2025-06-01,tuesday,18:15,07:15 PM,moblie,Movie,4,7.6,1
8beb1181-9f58-4a1a-9560-dd795046cffb,2025-04-07,Tuesday,06:21 PM,19:21,lptop,Series,4,,1
d037910f-115e-4334-a64e-e401bdf10d18,2025-06-02,Sunday,19:07,20:07,moblie,Documentary,3,7.4,0
c3414eb8-4871-429b-a21b-1c7d9376f91e,2025-06-10,Tuesday,5:31,06:31,Tablet,Movie,3,,0
2f339a50-c365-426a-bec9-85f554c512e3,2025-06-02,Sunday,2:08,03:08 AM,lptop,Movie,1,5.4,0
18915ab4-cb6f-46b2-b8d3-1704d0775d9e,2025-05-26,wednesday,23:17,00:17,lptop,Movie,4,7.1,1
09c5e482-e37a-4ddd-b654-76f6150691de,2025-06-02,wednesday,06:39 PM,10:39 PM,Tablet,Documentary,6,4.2,1
cbc86e26-8cc4-4368-8635-e25c7c416428,,Friday,21:30,23:30,Laptop,Series,3,7.9,0
a8e09f36-c4cd-43fd-b5e2-349801eca3de,2025-02-18,Friday,09:47 PM,10:47 PM,,Series,1,7.2,0
aad3ea90-5300-4ba7-acd1-c8e5bbff6712,2025-04-22,monday,10:42 PM,02:42,Laptop,Movie,2,6.3,0
e8d58ff1-df89-45e4-88aa-a9222aae925f,2025-04-25,wednesday,2:12,04:12,Laptop,Movie,5,6.4,1
37593279-a514-44fd-b19f-31cbe7b059a6,2025-07-25,Thursday,02:03 AM,06:03 AM,lptop,Series,1,4.3,0
320b4c18-5bad-432f-86ac-27ebf30512df,,tuesday,23:26,03:26,Laptop,Series,2,5.3,0
a88fe2e6-7af9-4da9-acde-bb56a2ba8756,2025-06-07,Tuesday,1:28,02:28,lptop,Documentary,5,7.1,1
c265074a-3b93-4916-b145-72a3f8f17103,2025-03-26,Thursday,19:10,20:10,moblie,Series,4,5.6,1
4e84f699-10f6-4089-8b6c-7c2c6ebd1d4d,2025-03-03,Saturday,12:30 AM,04:30 AM,lptop,Series,4,7.6,1
67b58e3c-cb07-4a70-a894-89310756b30c,2025-06-17,monday,20:38,11:38 PM,,Movie,4,6.0,1
d5f3893c-2fd3-4a48-89ca-26b97a914e4a,2025-07-26,Thursday,03:22 AM,07:22 AM,TV,Documentary,5,7.4,1
54386d24-6559-42de-a04c-f67b19b82dde,2025-05-14,Thursday,07:25 PM,09:25 PM,Mobile,Series,1,6.1,0
2156f8b5-810d-43d8-86ab-2e0d99acc015,2025-06-01,Friday,07:57 PM,21:57,Mobile,Series,2,4.3,0
340c85b0-dee3-4869-b36a-8f83b8f24a82,2025-03-18,Thursday,23:32,03:32,Tablet,Series,5,4.4,1
8451e4c8-fa82-44b3-96da-c28c73b0feb9,2025-07-29,Sunday,4:53,05:53 AM,,Series,5,4.8,1
170ef05c-397e-4b22-ae62-b2c334fbcf08,2025-08-03,tuesday,10:07 PM,00:07,Laptop,Series,2,4.5,0
4e12ac67-81ec-4316-a593-250f1f057090,2025-06-13,Sunday,21:09,00:09,TV,Movie,4,6.6,1
3be5cfd3-469b-4be1-886c-f72da8aabe0e,2025-05-15,tuesday,10:56 PM,01:56 AM,,Documentary,1,6.7,0
89d9f2d1-2706-47b8-b4ea-93d7299a0e75,,monday,08:41 PM,09:41 PM,TV,Movie,3,5.3,0
95cdb2a8-6d4e-4e94-8b8e-a6dc5e04d0d4,2025-03-29,Monday,20:23,21:23,TV,Series,6,6.7,1
12943262-95c3-4a68-bbac-a40f8bf582fd,2025-05-09,Wednesday,18:40,19:40,TV,Movie,6,4.1,1
ae714caa-ca60-42d8-96c0-cbeb2e43f77e,2025-05-27,Tuesday,10:27 PM,00:27,moblie,Documentary,5,4.4,1
89597a93-3005-442c-9579-d057540d91a3,2025-06-28,Wednesday,18:37,19:37,Mobile,Documentary,2,4.3,0
92edd10f-2abf-46bd-9bd8-64aebe8d3898,2025-04-21,wednesday,22:52,00:52,Laptop,Documentary,2,5.2,0
24b3b8c7-f9f8-434a-bf4a-83b1520d96a5,2025-06-05,Sunday,10:22 PM,02:22,Mobile,Documentary,5,4.5,1
42cc806f-e8d9-4aef-93e5-82bad51ddda9,2025-04-06,Monday,07:57 PM,09:57 PM,Tablet,Movie,1,,0
0e12f572-0189-4e0a-a133-25e7371c67fd,2025-05-22,Monday,11:28 PM,00:28,Mobile,Movie,6,4.5,1
81ca9630-0b4f-49d5-8eab-887e1b361796,2025-04-15,monday,1:47,05:47 AM,moblie,Series,1,4.4,0
94dcbb5b-da6e-4fdc-b226-2632c9a1815a,2025-03-18,Monday,3:00,05:00,moblie,Documentary,3,5.2,0
f4070e9e-9d85-4e61-9839-79cb81f4bfef,2025-06-03,Tuesday,08:39 PM,21:39,,Movie,3,6.1,0
72532f86-6909-4862-a2e1-1650e3223dc9,2025-02-11,Sunday,22:51,01:51,Mobile,Series,4,5.8,1
5dd4e6b7-e59d-419c-8188-04d16a1fdaf4,2025-07-20,Tuesday,20:06,22:06,Tablet,Documentary,6,4.4,1
fee20135-d890-42ce-aa1f-93d3393b764a,2025-07-30,monday,18:43,19:43,lptop,Movie,4,7.1,1
67ccb912-3e71-43ca-bed1-89e0ab10cbdf,2025-04-12,Saturday,22:53,02:53 AM,lptop,Series,4,4.1,1
3322e9b4-2b62-426b-8b58-d018b8dcb98a,2025-05-19,Wednesday,10:43 PM,02:43,TV,Documentary,1,4.9,0
58f23e91-0ad7-48c8-af56-ad835b933fb9,2025-02-25,Monday,0:10,03:10,Tablet,Series,6,6.6,1
619c6e5a-1043-42de-a52b-efc50cf45981,2025-07-12,Friday,23:10,12:10 AM,lptop,Series,4,,1
f2f7f6a7-02e8-4690-b69b-64040d31d638,2025-06-22,tuesday,07:23 PM,11:23 PM,Mobile,Documentary,5,6.0,1
db7ca983-2c86-47cb-abb5-a7af1295abac,2025-04-30,Sunday,03:41 AM,05:41 AM,Tablet,Documentary,4,4.9,1
0660380a-92d9-40ac-a08b-b3aab76a56b3,2025-08-03,Thursday,22:50,23:50,Laptop,Documentary,6,7.3,1
03b2ed58-dd2c-41ec-b013-f71a6ca03561,2025-07-16,Sunday,1:21,03:21 AM,Mobile,Documentary,4,6.2,1
80987cd8-81ca-444c-98b8-732885f262ca,2025-07-20,tuesday,09:26 PM,00:26,lptop,Series,1,7.7,0
b6467be6-c1e3-4f3d-b4fe-9cd450b32f87,,Saturday,10:02 PM,12:02 AM,,Series,1,6.5,0
1664c3d3-1893-4557-802e-ba3b251fbb6b,2025-06-26,Tuesday,19:43,11:43 PM,TV,Movie,6,4.4,1
4f222408-8f21-4a4c-98b0-b982cbbffb6d,2025-03-14,Wednesday,07:04 PM,09:04 PM,Tablet,Series,6,5.4,1
e4832a2b-f658-4f3b-8b50-a0b6c3238ff4,2025-02-05,Monday,08:09 PM,11:09 PM,TV,Movie,2,5.9,0
221f54a2-811f-4842-b95e-8a53ae8f3d09,,Wednesday,11:57 PM,02:57 AM,lptop,Documentary,14,3.0,1
486e4009-66d3-44b1-aec8-504c8dd5eae3,2025-08-05,Friday,09:11 PM,00:11,lptop,Documentary,3,7.2,0
6c75b6f0-8541-4aaa-8ddb-aec1f16f4311,2025-05-22,Tuesday,08:22 PM,11:22 PM,,Documentary,6,7.6,1
e66aa1af-d390-44d2-8cd4-1dc0143ea8ab,,Tuesday,23:03,03:03,Mobile,Series,6,7.4,1
bdaf79b0-0091-490f-abd8-b0897c3b3034,2025-07-07,wednesday,2:08,04:08 AM,Mobile,Movie,1,5.6,0
8e3efedc-fb83-450f-950b-af330b7ac920,2025-03-02,Friday,19:10,11:10 PM,moblie,Series,2,7.7,0
5ba19a71-d899-4167-8ae4-835d1c920190,2025-04-03,Monday,18:51,07:51 PM,moblie,Series,2,5.2,0
818a9b16-642c-4da8-b292-3a05d19f0f4e,2025-04-12,wednesday,09:32 PM,10:32 PM,Tablet,Documentary,1,5.4,0
75796ffa-60e2-4531-a335-005623302093,2025-02-08,Saturday,07:55 PM,10:55 PM,,Movie,2,4.5,0
41e52096-bd42-4527-beda-c06bac0595f2,2025-07-26,Saturday,21:54,23:54,,Series,5,4.2,1
b86d0cdc-12de-4182-8527-9c8847f67c45,2025-04-24,monday,12:11 AM,04:11 AM,moblie,Series,6,6.3,1
454c0bc7-aaf2-4ba8-957d-7d11a62da197,2025-02-15,wednesday,04:55 AM,06:55,Mobile,Documentary,3,6.8,0
3b596e4a-4b2f-43f6-bde1-7ce8c39bba40,2025-03-08,Saturday,21:03,11:03 PM,Mobile,Series,5,5.3,1
0ba3d101-44ac-4adc-95b2-c8322de89033,2025-04-09,Thursday,0:35,01:35,Laptop,Documentary,3,,0
d8d5141c-0059-4e9a-80ff-c7b418c9c1ec,2025-04-02,Friday,20:48,00:48,lptop,Movie,4,6.2,1
d97d100e-a8fc-444c-8d2d-93a3f6597d04,2025-05-17,tuesday,07:18 PM,10:18 PM,lptop,Documentary,6,5.2,1
f5aef7d3-9608-47b5-80a3-5eaef84717bd,2025-06-12,monday,18:30,22:30,Tablet,Documentary,13,2.4,1
024ab619-b2cc-4e1d-94be-8316c63104e8,2025-05-10,tuesday,01:15 AM,02:15,moblie,Series,2,5.5,0
73fe98b7-e3b9-4ba6-a1eb-77a07ec4dd74,2025-03-08,wednesday,21:49,00:49,moblie,Series,2,5.0,0
8f5e8c40-483b-464e-9218-a8d93881c855,2025-07-30,Sunday,21:53,22:53,Laptop,Series,11,,1
9118a818-ab84-4b16-8572-987e5a91b1a3,2025-04-04,Tuesday,10:04 PM,01:04 AM,lptop,Series,4,7.3,1
bfbe9047-ae00-4805-b867-899ec924d40c,2025-07-31,Wednesday,20:23,22:23,Mobile,Movie,6,6.0,1
232f9a87-abe1-480e-baeb-dec9dda138d1,2025-03-22,Thursday,09:23 PM,12:23 AM,Tablet,Series,3,5.8,0
cc18fc45-e8d5-422c-b33e-b54acd0f9308,2025-04-08,tuesday,18:15,10:15 PM,lptop,Movie,5,7.6,1
bbaceedd-5136-4d74-b2b0-2142c5089897,2025-06-13,wednesday,18:26,10:26 PM,lptop,Documentary,2,4.1,0
be880615-e6bf-4c51-a263-fd6596d779db,2025-07-01,Thursday,21:35,01:35 AM,Laptop,Series,2,4.8,0
927d92a3-df01-4d72-84d1-378c99b410d1,2025-05-02,monday,08:59 PM,21:59,TV,Movie,1,6.3,0
451e6576-ba2e-4886-874a-15624def06b5,2025-03-20,tuesday,03:54 AM,07:54,moblie,Movie,3,5.6,0
e1c09081-c0cd-45b4-8123-07eb3a0e11c5,2025-05-27,tuesday,21:04,22:04,lptop,Series,1,4.7,0
6f173907-daf6-4a0c-9628-3bc28085b808,2025-03-10,monday,06:51 PM,21:51,Mobile,Series,1,6.8,0
ef7611d7-2ba0-421e-85be-9f5f47c11823,2025-07-16,Saturday,19:11,22:11,Mobile,Movie,6,7.4,1
86b4319a-0976-440d-911c-01517a4f2505,2025-07-20,Sunday,21:13,12:13 AM,Mobile,Series,4,5.6,1
8ba439dc-3d99-43d6-b6ee-887e2d8092b4,,wednesday,20:10,12:10 AM,lptop,Documentary,3,7.6,0
668e83c4-7235-4b73-b195-41dcdcfeb668,2025-04-18,Saturday,09:50 PM,11:50 PM,lptop,Documentary,6,7.0,1
a907c24f-d60c-47a0-b7bd-142e61dfe8f3,2025-03-30,Thursday,03:52 AM,04:52 AM,Tablet,Documentary,2,6.2,0
5eca7038-e205-4926-8897-8f20d7f6ae60,2025-02-11,Sunday,11:38 PM,00:38,Mobile,Movie,3,4.5,0
41778a77-2e3a-48a5-839b-4c0184bb85fe,2025-04-08,Sunday,18:17,10:17 PM,Laptop,Movie,2,6.7,0
beac7b1a-a344-4940-9b1e-6e16ebd8fed1,2025-07-20,wednesday,02:25 AM,06:25 AM,Mobile,Documentary,5,4.6,1
4eeaf035-ff93-453e-86bf-11925e977ceb,2025-02-23,Monday,20:06,09:06 PM,moblie,Series,6,4.0,1
2a7af74e-e97d-4d50-aefd-165b07ac0b0c,2025-03-06,tuesday,18:50,22:50,TV,Series,4,7.1,1
8362da4a-a1bb-48ce-9259-3b7319ae935b,2025-06-14,wednesday,07:42 PM,11:42 PM,Laptop,Movie,4,6.1,1
988f1b30-7833-4e78-8760-6e1674ab264e,2025-07-29,Monday,23:12,01:12 AM,Tablet,Series,1,6.2,0
47667dd0-273a-4234-8556-ad566fa36f00,2025-02-14,Saturday,08:33 PM,00:33,TV,Series,5,4.8,1
64af69fc-47c3-4a05-904c-38bfa28322bb,2025-04-20,wednesday,22:21,01:21 AM,lptop,Series,4,6.7,1
4e9f39f1-d780-4806-9750-f4f03dfd8b00,2025-07-21,tuesday,22:19,23:19,Mobile,Series,5,4.5,1
c8c66201-65ca-49d9-9442-4f3585733d36,,Saturday,20:27,11:27 PM,moblie,Movie,1,6.0,0
0d269a21-f843-4d4b-aca5-066343700cc0,2025-05-05,Tuesday,21:35,22:35,Laptop,Movie,5,7.4,1
a48bc1a9-89dd-4af2-9e9a-d403c12234fc,2025-03-28,Wednesday,22:08,01:08 AM,,Series,6,4.2,1
c17a4401-4076-4258-9c4f-5a328856052b,2025-03-24,Friday,22:17,11:17 PM,Mobile,Documentary,4,4.7,1
ef6d7316-a4a2-473b-aeea-ad3a4dd500c6,2025-05-09,Tuesday,08:49 PM,00:49,Tablet,Documentary,6,4.3,1
41152cfc-d949-4700-8988-09bd0cf8ee95,2025-06-05,Friday,08:08 PM,00:08,TV,Movie,1,4.6,0
36b7c6e2-578f-44c3-b99c-08e001da49bc,2025-03-19,monday,18:24,19:24,lptop,Documentary,4,4.8,1
1beaff2a-125e-426f-8a50-4be5b8c0cf6b,2025-05-02,monday,20:46,11:46 PM,Mobile,Movie,5,4.5,1
10d42df7-8cca-41a5-8411-9a9a16d42758,2025-04-13,Friday,01:57 AM,05:57,Mobile,Documentary,3,5.9,0
b213d635-58cb-426a-a9f4-1b237d4780af,2025-07-29,Saturday,20:53,12:53 AM,TV,Documentary,2,7.3,0
862e6cd9-5d88-4d91-9ca4-e6c236d983ee,2025-03-12,Saturday,11:32 PM,03:32 AM,TV,Movie,3,5.3,0
838829d7-832b-41fd-b011-0d8cb3dfdb01,2025-05-17,monday,21:31,23:31,moblie,Documentary,1,7.2,0
6c4d05f7-8fc6-49f3-bad9-0a5618f2bb0e,2025-03-23,Wednesday,05:40 AM,06:40 AM,lptop,Series,5,4.7,1
23b5df5a-47fd-42d1-933e-9b43877746a9,2025-03-04,wednesday,09:46 PM,23:46,Laptop,Documentary,6,6.2,1
b7f54597-882b-46c8-a370-5602a897ab22,2025-04-05,Tuesday,1:38,03:38 AM,,Series,3,7.3,0
3d9ae3c5-a4ea-43d5-8321-380ae6ce168a,2025-03-05,tuesday,12:09 AM,01:09,Laptop,Documentary,6,7.7,1
8251ded9-9d1f-4ad3-9a3c-13641ef078b8,2025-02-20,Tuesday,0:25,02:25 AM,moblie,Documentary,6,5.2,1
dd20951a-b6c5-4d64-bae1-dfa7486cae45,2025-04-14,monday,21:04,00:04,Tablet,Documentary,5,5.3,1
82988938-d311-4aff-8189-250439b9021f,2025-05-14,Tuesday,23:53,02:53,lptop,Series,2,4.1,0
9289dd84-8678-4fcc-b777-7ea121cd5887,2025-05-31,wednesday,07:14 PM,10:14 PM,Laptop,Movie,3,,0
d7a94106-d3e0-4f55-a52c-a7e8cc88d107,2025-07-17,tuesday,02:34 AM,06:34 AM,Mobile,Documentary,4,7.6,1
57f97b20-daa2-4d21-8d5b-482d8b90a9fc,2025-07-23,Sunday,21:20,00:20,Mobile,Series,3,5.2,0
188e2eff-ef2d-4615-b8f6-59f89e25efe9,2025-03-10,Saturday,19:31,21:31,Tablet,Documentary,4,7.6,1
ba662144-73a3-46f4-b0be-d9fc0a225e19,2025-07-27,Sunday,06:12 PM,10:12 PM,Laptop,Documentary,2,5.7,0
067ad815-3c47-42b6-9d90-c8747ff1c1fb,2025-05-21,Friday,23:52,03:52,TV,Movie,1,4.2,0
83833e8b-cdba-4112-a6fa-f03cfa04e914,2025-04-08,Saturday,06:24 PM,10:24 PM,Tablet,Series,1,4.0,0
cd226730-ad95-4e4f-895d-cf4ac690c9c8,2025-04-12,wednesday,09:50 PM,23:50,Mobile,Movie,1,7.8,0
49a61cc2-8252-4c0c-a565-dce051638350,2025-06-13,Monday,21:30,11:30 PM,moblie,Movie,6,7.6,1
b10aee9c-652e-44a2-81f5-4e5a2e68bf97,2025-02-25,Saturday,22:40,01:40,lptop,Series,4,6.2,1
57dba9bf-a9ca-492a-8a21-8dbb97a6d063,2025-06-25,monday,23:23,02:23,lptop,Series,1,6.5,0
a0042105-011f-4d5e-af7b-3e55d8762afe,2025-03-22,Thursday,19:59,22:59,,Movie,2,6.3,0
89877ff0-6a26-41cf-a65f-711a2e60d6fb,2025-04-29,Sunday,10:57 PM,02:57 AM,lptop,Series,5,7.6,1
7f88306f-8897-4185-b9a1-6bb2527df0a9,2025-05-13,Wednesday,06:06 PM,09:06 PM,Mobile,Movie,1,4.0,0
1d1c9a49-a0e8-4fc2-9d09-262d15ea51c0,2025-02-15,Saturday,22:30,12:30 AM,,Documentary,4,5.2,1
d658f996-35db-48db-81d9-755a0f00351e,2025-06-26,Thursday,01:49 AM,03:49,,Series,1,4.8,0
9a48d9a1-d919-450d-bde1-2c0240374006,,Wednesday,07:36 PM,10:36 PM,Laptop,Series,5,5.2,1
aadc6a0b-1c58-45b5-bc39-f87cba8eb49f,,Friday,0:27,03:27 AM,moblie,Documentary,1,6.1,0
de454335-0d80-45af-88b7-d97d7a6075b2,2025-05-22,Sunday,18:31,20:31,Laptop,Series,3,7.8,0
b50b7cd0-310e-453e-9824-621dc5bd6fc8,2025-02-05,monday,21:31,00:31,TV,Movie,4,4.7,1
4c837f40-3be4-42b5-b66a-fdda46b8b5e7,2025-04-02,Wednesday,09:55 PM,12:55 AM,moblie,Documentary,3,5.3,0
a54b1b88-fde5-4a22-a601-b95be7adb44b,2025-03-27,Tuesday,22:12,01:12,Tablet,Documentary,1,4.1,0
ee3cbd90-ce6a-429e-b1b9-43b6b73181ee,2025-06-12,Monday,05:53 AM,07:53,TV,Documentary,1,,0
c4f832a4-74dd-4743-a5a8-e94d0d4e1cfb,2025-07-23,Friday,23:03,00:03,moblie,Documentary,5,6.4,1
82cbf464-ec55-4ea6-9b13-2db3b4014583,2025-05-23,Wednesday,21:59,01:59,Mobile,Series,1,5.7,0
d0e3db45-44ae-4b74-98ee-0b379d358076,2025-06-06,Thursday,11:47 PM,02:47,TV,Movie,1,4.5,0
dfa8251d-0baa-4f5c-b99b-96c5f38b6980,2025-07-14,tuesday,20:14,10:14 PM,Laptop,Movie,2,,0
3683bd5d-7d60-4c73-9267-94decf593490,2025-02-10,Monday,09:07 PM,22:07,,Documentary,2,7.0,0
565c60cc-4d2a-4867-909b-ea6f00b61b46,2025-03-17,tuesday,4:04,08:04,TV,Series,5,7.5,1
f857dda4-62f1-4b30-a849-a567593ca052,,Saturday,10:28 PM,01:28,moblie,Movie,2,5.1,0
10b02dc1-1dba-44ca-afca-11937bbc4fee,2025-05-23,Wednesday,12:27 AM,01:27,Tablet,Series,1,5.9,0
7d9686c1-519b-414c-88e9-d530a5f4cc9f,2025-03-11,Tuesday,20:39,21:39,,Movie,2,5.3,0
e121a58b-2e40-4f45-9726-2f11df87d515,2025-03-16,Thursday,06:04 PM,08:04 PM,Mobile,Documentary,6,4.4,1
8863af9c-f4ae-4a6c-924e-06485a647b30,2025-05-03,Saturday,03:40 AM,05:40,TV,Series,3,6.8,0
d6f72d4e-3bf0-4308-ab71-a2a7181ce19d,2025-07-23,Sunday,22:57,01:57 AM,TV,Series,6,7.6,1
86e04f43-9bbb-4c3c-968a-fe2e7f18e253,2025-08-04,Friday,18:37,19:37,TV,Series,5,7.4,1
9d5eddee-6366-4be8-9637-fae103712dc0,2025-05-15,Sunday,23:08,03:08 AM,moblie,Movie,2,7.0,0
4eaf355b-2d8e-47c9-b2fe-2e1fae9cf6e8,2025-02-06,Friday,04:33 AM,07:33 AM,TV,Series,4,6.2,1
53feca17-4aaa-4190-b7f4-f70f9d8ae724,2025-03-25,Sunday,20:52,11:52 PM,TV,Movie,3,4.6,0
23327bd7-f0a7-4390-8aa4-46470434e85a,2025-07-10,monday,19:43,21:43,Laptop,Documentary,3,6.0,0
4e8aeb98-cc0b-40b2-b958-e6347b32e238,2025-05-20,monday,08:16 PM,10:16 PM,lptop,Documentary,15,,1
f63a56de-bc72-446c-8aaf-2feff4683ae7,2025-07-29,Thursday,07:15 PM,10:15 PM,Mobile,Documentary,5,5.2,1
9ee43974-f0ae-4728-afbc-c8e8db241128,2025-07-07,tuesday,07:17 PM,08:17 PM,TV,Documentary,1,5.9,0
86ab224e-efac-4cc2-b727-79bdee52452c,2025-05-18,Saturday,06:14 PM,08:14 PM,,Movie,5,7.3,1
e8047b45-c367-49b0-b5de-40cf85c082a7,2025-06-16,Monday,05:13 AM,07:13 AM,lptop,Movie,5,4.9,1
5e86c27c-0805-493d-9f69-963e4461ae74,2025-02-10,Thursday,18:35,21:35,lptop,Series,1,6.1,0
a553ba00-388e-48e1-8da7-84b80adfff30,2025-04-28,Tuesday,06:49 PM,09:49 PM,Mobile,Series,1,6.9,0
a4d69c2d-fc89-4a5f-9a2f-622fdf6f899b,2025-03-28,tuesday,20:02,00:02,,Series,3,4.7,0
fcde1653-b487-479d-965a-4e5dc04b23da,2025-06-05,tuesday,09:17 PM,10:17 PM,moblie,Documentary,4,7.1,1
11058112-2206-4bae-aa09-e154a18a7a35,2025-06-28,Monday,11:25 PM,02:25 AM,TV,Documentary,2,,0
3b8b9ea9-5d23-4459-9531-56a640b78c12,2025-02-22,Friday,20:51,10:51 PM,moblie,Series,1,7.5,0
a3e44bb3-2c58-4f94-9440-b5bcdb3e1dc3,2025-06-19,Tuesday,07:11 PM,23:11,,Documentary,4,4.2,1
ed25f986-f815-47e4-b2ad-f5f5bd2cfd71,2025-07-11,tuesday,20:53,21:53,Tablet,Series,6,5.2,1
0bc21c5f-83f2-4d5a-818c-540068050511,2025-03-27,Monday,10:59 PM,01:59,moblie,Documentary,2,7.8,0
dee63be5-7ab1-47a1-9b82-0c98a5719a33,2025-05-27,Saturday,19:39,09:39 PM,moblie,Movie,5,6.4,1
c26bd23b-bff8-41ae-b9bf-d53a6b63b540,2025-07-24,Sunday,19:04,10:04 PM,TV,Movie,3,7.2,0
8f942ab7-d45d-4a0b-90a6-43be0ddedc3d,2025-03-12,tuesday,05:25 AM,09:25 AM,Mobile,Movie,5,4.3,1
3e71b707-3a86-4539-9e17-2c63842cf573,2025-05-02,Saturday,21:26,12:26 AM,Tablet,Documentary,5,7.0,1
7ab4ef36-4dfc-4efc-9052-343ac79d6446,2025-06-21,Monday,22:00,01:00,TV,Documentary,3,8.0,0
68271069-9be9-4339-af44-bc7c5d13bd0b,2025-02-18,Tuesday,3:13,04:13,Tablet,Series,1,4.1,0
5a2bbc39-640e-43d1-8122-645d524b1d64,2025-02-13,wednesday,19:08,20:08,lptop,Movie,6,4.0,1
73d36b8c-47bb-46b7-a643-c1078dc96139,2025-03-12,Friday,07:26 PM,11:26 PM,TV,Documentary,6,5.6,1
413d5dc9-675c-4537-a7f2-4b00323de137,2025-03-05,monday,10:02 PM,02:02 AM,Mobile,Movie,2,6.3,0
68c15146-564c-4b34-9986-4287fa315992,2025-05-16,Saturday,21:49,01:49,Laptop,Series,2,5.6,0
060ff5a7-df4a-40fb-8031-d00bee3860b2,2025-05-26,Thursday,5:03,07:03 AM,moblie,Series,1,4.5,0
d4df9803-778f-4095-a1da-737714986e65,2025-04-21,Sunday,2:19,06:19,Mobile,Series,4,4.3,1
b586a9c8-426a-4b52-aebf-56d4f74fdb49,2025-07-12,Wednesday,09:43 PM,10:43 PM,Mobile,Movie,6,7.3,1
21832274-32e4-46b5-b9d7-b6e386528967,2025-02-22,wednesday,11:37 PM,00:37,moblie,Series,5,5.5,1
66b61e1d-366f-4c53-bc00-36be7777f6e2,2025-05-07,Sunday,21:09,01:09,,Documentary,4,5.8,1
a9af8576-e5c8-44f5-9953-708a7e1f3c4a,2025-03-11,tuesday,08:09 PM,09:09 PM,Mobile,Series,6,5.6,1
e42030be-f82c-4c92-8181-cf1ad7796e6b,2025-06-06,Tuesday,12:51 AM,01:51,Mobile,Movie,6,6.1,1
a304c130-862d-4022-a9bb-b6b481a281bc,2025-04-12,Friday,18:48,07:48 PM,lptop,Documentary,3,7.4,0
e2715408-71d7-42d9-8c6b-f096aa3a66e0,2025-03-23,Monday,22:19,00:19,lptop,Series,1,7.5,0
c4c227d4-0431-4075-8796-0b4e4536c127,2025-02-10,Wednesday,4:34,05:34 AM,moblie,Series,5,,1
99602f42-49ec-438a-9d04-d2047afafe97,2025-05-22,monday,09:53 PM,11:53 PM,Tablet,Documentary,3,,0
f6f2cad1-71b4-46e8-89ce-fa260ed78b0b,2025-05-28,Friday,06:09 PM,07:09 PM,Tablet,Movie,5,6.2,1
fc94b290-ae45-40e2-9856-549ff0a0fd5a,2025-06-03,Wednesday,22:44,00:44,lptop,Series,6,7.0,1
a9512d33-ad2d-441f-a6de-a21fc8bf4d7c,2025-04-15,Monday,19:35,11:35 PM,,Series,6,,1
6842a83c-470b-41d3-a816-f9606c95cde1,2025-02-20,wednesday,3:49,06:49 AM,,Documentary,1,4.1,0
c5024787-a263-41b5-85d4-7182b10c00ed,2025-02-28,wednesday,23:37,02:37 AM,,Documentary,6,6.6,1
a415e4dd-9792-4231-9470-fa82e73b7841,2025-04-15,Thursday,02:10 AM,06:10,Tablet,Movie,3,7.3,0
a84ade08-364a-450b-bd0d-84b9971e0424,2025-06-27,monday,05:42 AM,06:42 AM,Mobile,Movie,4,5.3,1
529728d0-7b23-4ff6-a7ea-5c65d3f97a61,2025-05-10,Saturday,5:15,08:15,Mobile,Documentary,5,7.3,1
6d1cc419-187a-4260-9b33-c5cb0112f24f,2025-02-27,Friday,09:11 PM,10:11 PM,lptop,Series,6,6.0,1
e3b088e1-7245-48b0-9d44-f647ca35d960,2025-03-14,tuesday,23:35,03:35 AM,Mobile,Documentary,3,5.9,0
3be8512f-5ed4-47ab-82db-476dac3f38c8,2025-05-11,wednesday,2:44,04:44,Mobile,Movie,5,6.7,1
26dff7e4-c459-409d-9706-1d2df59fbf6b,2025-05-01,Tuesday,08:51 PM,09:51 PM,,Movie,2,6.1,0
21ba000e-34d6-424b-8dc6-75a106e49b30,2025-05-09,Monday,11:18 PM,00:18,Laptop,Movie,4,6.5,1
f87cc101-de51-4b33-8979-aa1b31f5fdbf,2025-07-14,Thursday,19:57,09:57 PM,Mobile,Documentary,2,7.4,0
f0aeb5c7-3e36-49ca-b6f5-29d76b0b6f6c,2025-02-17,Monday,19:10,08:10 PM,TV,Series,6,5.2,1
97ef7436-f549-4625-b5ea-67c51fe934a6,,Tuesday,22:52,01:52,moblie,Movie,6,5.0,1
bae0c325-2884-4f32-9621-f9aedae3f3d5,2025-03-04,Friday,19:54,11:54 PM,TV,Series,2,5.3,0
bd334664-d2a8-489f-8ef3-4a891d45e698,,Tuesday,18:50,22:50,Mobile,Series,1,,0
6047d711-331c-4b87-bee8-ac2c75f87030,2025-07-15,Friday,19:06,08:06 PM,lptop,Documentary,4,4.1,1
4a1ddaad-016a-4dcd-835f-a15d733960d0,2025-05-22,Monday,07:03 PM,10:03 PM,lptop,Movie,3,5.6,0
22c8cf19-a6e2-4c25-b2c7-93067762efe7,2025-05-21,Sunday,18:05,19:05,Laptop,Series,1,,0
3a260530-eb0e-49cd-9940-145271c9d85a,2025-05-03,Sunday,10:28 PM,02:28 AM,lptop,Movie,4,4.2,1
f51c2e49-56bd-4370-b43a-e590cce1f16e,2025-02-11,Friday,18:00,08:00 PM,Laptop,Series,6,,1
2c327677-f34f-4804-ba04-aea149033e7f,2025-02-14,Tuesday,22:03,01:03,moblie,Series,2,7.6,0
c74dbd0f-29f9-419f-a6cd-15f83cd92b42,2025-02-08,Sunday,11:56 PM,03:56 AM,moblie,Movie,2,4.3,0
2c432a9c-c6c2-424d-ae6e-88d114502dd7,2025-02-09,Thursday,23:43,00:43,Laptop,Movie,6,6.9,1
dfe4ef47-2483-4701-8d2a-e003dfb03a0b,2025-08-01,Tuesday,23:25,01:25,Laptop,Series,4,5.1,1
66ad4210-a90d-4958-b2d9-9690b7e2d141,2025-05-22,Thursday,23:04,12:04 AM,,Series,1,7.4,0
3c0d3287-2ed7-4023-9fe5-b51cb2d9b4d8,2025-07-12,Friday,19:37,11:37 PM,Tablet,Series,1,4.3,0
319af031-4b1e-4ef7-97a2-d0d121d0fa45,2025-04-16,Friday,19:12,10:12 PM,,Documentary,4,4.3,1
5cf4efcc-3538-42cc-8b72-c86c504a7f64,2025-02-14,Friday,23:06,02:06,Laptop,Movie,6,4.9,1
bb4446ee-074b-4a30-b7a4-a2e7181f9309,2025-06-14,Wednesday,19:08,11:08 PM,lptop,Series,4,4.2,1
643e2d61-f466-46e3-921d-12236fb60e17,2025-06-06,Thursday,06:28 PM,22:28,,Documentary,5,4.4,1
63874010-1d71-4a93-855c-8c7b2d1fbcb9,2025-03-27,Sunday,18:40,19:40,Laptop,Documentary,1,6.1,0
7b39ff97-0484-4e60-b134-8d05fa345209,2025-02-24,Saturday,20:39,21:39,TV,Documentary,1,7.6,0
2b4c1eb9-981a-41d2-b7c7-4ffe1bbefd21,2025-05-01,tuesday,06:32 PM,09:32 PM,TV,Movie,3,4.3,0
639694d7-edee-4b78-b2b4-668e098d0002,2025-08-06,monday,05:29 AM,09:29 AM,,Series,1,5.2,0
f494053b-002d-4562-a4da-f699f6e0a053,2025-06-23,Tuesday,22:47,00:47,moblie,Documentary,3,6.0,0
e48e50d2-e85e-4b16-b208-6b2fa474d6f7,2025-06-08,wednesday,10:59 PM,11:59 PM,Laptop,Documentary,5,7.9,1
176fdafa-618c-43f4-a0e8-48dad20fe4ff,2025-04-22,Tuesday,23:30,03:30 AM,Mobile,Movie,1,6.6,0
b84b7392-a8d3-4278-8dc8-2aa4ce353636,,Thursday,19:25,09:25 PM,Laptop,Documentary,2,5.6,0
a176868b-7311-42ad-878b-feadd03bbc97,2025-04-27,wednesday,19:00,23:00,moblie,Documentary,1,7.9,0
c5d7b15e-93da-4d4d-941c-b450ed801ccf,2025-06-26,Tuesday,19:39,08:39 PM,lptop,Series,1,5.5,0
60fb1791-66d6-4298-9137-5db1d9ad681c,2025-02-08,Monday,06:18 PM,07:18 PM,moblie,Documentary,2,4.8,0
324dbc6c-bd29-436d-9d9a-2b0bdd87dcf8,2025-06-19,Saturday,23:17,12:17 AM,moblie,Series,5,5.3,1
05c0a4df-e5be-4f36-8044-12f2b5dfb954,2025-05-07,Saturday,08:24 PM,00:24,TV,Documentary,2,5.3,0
b0aa03bf-1b72-4a69-bf32-99fedf2c737f,2025-02-17,wednesday,23:56,01:56 AM,lptop,Documentary,2,7.3,0
11115b15-8508-47d8-9c7d-3fa649280af5,2025-02-19,Thursday,06:22 PM,22:22,lptop,Documentary,6,5.9,1
fb575269-224a-465a-85ad-73a541dd2740,2025-03-06,Thursday,19:18,23:18,lptop,Documentary,3,6.8,0
78c7a7e5-5182-4c61-9151-973732edb777,2025-03-07,Tuesday,06:25 PM,07:25 PM,lptop,Movie,1,5.7,0
e3c1f464-c5d5-432f-89a2-04f5b0316688,2025-03-27,Saturday,06:31 PM,21:31,TV,Series,4,6.1,1
ca6fc7bd-1250-4aa6-b67f-b67890696f59,2025-07-27,Saturday,0:30,04:30 AM,,Series,4,4.1,1
b84649f7-3e0a-4bad-a946-99ed952e3d1f,,Saturday,21:48,01:48 AM,Laptop,Documentary,5,4.0,1
7c853b63-4f6f-4ec0-affa-b1af14bff75b,2025-05-14,Saturday,20:08,12:08 AM,Mobile,Series,1,7.2,0
6fbd22b0-66fd-4ba6-85f1-032ba1033406,2025-08-05,Thursday,5:59,06:59 AM,Tablet,Series,5,6.3,1
426b4451-4b40-4dce-bd2c-bdab9b40fc4c,2025-04-27,monday,18:01,07:01 PM,moblie,Movie,4,5.3,1
f32bf278-58b8-4dc5-8af4-8bab1ecc5ee2,,wednesday,01:09 AM,02:09,Tablet,Movie,2,4.5,0
84657d5f-794f-415f-9ee2-9f2b2866ef54,2025-02-11,Tuesday,07:51 PM,21:51,TV,Movie,6,6.1,1
00828f45-00e7-4492-ac48-130faa9530e7,2025-06-20,Sunday,07:47 PM,23:47,lptop,Series,1,4.5,0
57ee1918-0c77-4c20-837c-f3dc8c400b0c,2025-03-21,tuesday,5:53,07:53,lptop,Movie,3,6.4,0
e5707855-1658-4888-a979-e138066a5557,2025-02-18,Thursday,3:50,04:50,Laptop,Documentary,3,7.9,0
eae6b9b8-fd83-4b5b-913b-6840b25b992a,,Saturday,3:29,07:29 AM,TV,Series,2,5.0,0
567c4d04-a849-4c39-8649-ccd2d07d61b9,2025-02-15,Monday,02:04 AM,03:04,lptop,Movie,5,,1
9e18558a-ca7c-4478-977f-5a42c3afeee3,2025-04-26,Friday,08:07 PM,11:07 PM,moblie,Series,6,7.2,1
ec8b39bf-3b5e-470a-88ee-28f94198303f,2025-07-11,Friday,10:53 PM,02:53,Mobile,Movie,2,5.8,0
5186a9ab-6277-4b11-854b-85a952254f4d,2025-05-04,Tuesday,18:57,19:57,TV,Movie,1,7.0,0
1be88a3f-2e84-4186-a0e7-af475ed1fe03,2025-06-03,Friday,1:34,03:34,Mobile,Series,4,5.6,1
cf93a711-fe46-4b11-8d79-7507879de5f5,2025-05-21,wednesday,07:21 PM,10:21 PM,Tablet,Movie,3,6.3,0
baa22413-fca5-4680-bac7-dc8f2358bd5d,2025-04-19,monday,21:22,11:22 PM,Tablet,Series,2,7.1,0
4ef424c3-4b12-4641-8640-fa4d203eebf5,2025-07-18,Wednesday,06:48 PM,22:48,lptop,Documentary,4,7.8,1
9b1c757d-d4ba-489d-845f-38a2b302600c,2025-03-19,Monday,23:30,12:30 AM,moblie,Series,5,7.8,1
4ee9b3b0-8896-4548-8c0f-c622c1064d6c,2025-05-26,Friday,4:10,05:10,Laptop,Documentary,4,5.7,1
be1e60b8-8dbc-4915-811e-0315cee65640,2025-05-01,Sunday,22:43,01:43 AM,TV,Series,2,7.0,0
f5d9c055-7cbb-4451-928f-c38272875d27,2025-07-07,Thursday,23:15,01:15 AM,moblie,Movie,4,8.0,1
7a703346-fffb-48c2-9c53-f2eb833a3a90,2025-05-30,Wednesday,20:31,10:31 PM,Laptop,Series,1,6.0,0
22033c41-2608-4cdd-826e-8b4a576f23ff,2025-03-07,Saturday,0:41,04:41 AM,lptop,Documentary,3,5.7,0
6fa69a5c-642a-4512-8f64-f2f0b625803a,2025-06-06,Thursday,22:43,01:43 AM,moblie,Movie,3,6.3,0
38464abe-1a84-4e65-9c36-4858e716fca0,2025-07-21,Saturday,3:54,06:54 AM,TV,Series,6,5.2,1
6119db6e-e306-4a8f-8dbf-627435fd6d7e,2025-04-03,tuesday,19:57,22:57,Laptop,Series,2,,0
b66d91d9-b18f-4757-bfbb-dc182e780520,2025-07-08,tuesday,07:51 PM,23:51,TV,Series,3,5.2,0
5f5274e5-c73e-4428-a3d9-219672c52e79,2025-06-13,Tuesday,1:25,05:25,TV,Movie,5,6.6,1
43d53746-7581-4150-bcdf-75113da8f2cf,2025-06-22,Thursday,3:07,05:07 AM,Tablet,Series,2,4.1,0
83a5f66a-8742-47aa-b3b3-a1b2bd3fd67f,2025-07-09,Saturday,10:37 PM,00:37,Tablet,Series,3,5.8,0
bf41a2b1-dbf2-4494-a9c0-fa8a562dde76,2025-08-04,Friday,19:14,11:14 PM,lptop,Movie,3,5.8,0
b39a6c23-b368-4119-b1d7-6030f28b3fa7,2025-06-19,Friday,02:17 AM,05:17,Laptop,Movie,2,5.9,0
9d33094a-783c-444d-b0a9-efcd4f80e6b4,2025-04-02,Tuesday,05:36 AM,07:36 AM,lptop,Movie,3,6.3,0
10b2ba7f-c80c-4742-9e74-31e213640f1b,2025-07-10,Saturday,18:57,08:57 PM,TV,Movie,2,7.6,0
9709da40-f947-40ae-815d-15db4cfae144,2025-06-01,Friday,08:41 PM,22:41,Laptop,Movie,13,2.5,1
d98e4a82-888e-40e4-ae46-9cfa6cc76eca,2025-03-09,Tuesday,10:23 PM,12:23 AM,TV,Series,1,7.7,0
eef81906-e423-4c2f-b551-7722629c94ba,2025-04-30,Friday,19:10,22:10,,Series,2,6.7,0
686a3868-ec09-4390-8f46-d72a4b7fbf00,2025-03-04,Saturday,08:05 PM,21:05,lptop,Documentary,6,6.6,1
70b35120-8ffa-4f3e-952d-916c2c57142c,2025-07-09,Thursday,20:36,11:36 PM,,Documentary,2,6.6,0
d585009f-a4e3-4bc2-aa10-5ea1a635c372,2025-05-31,Monday,07:16 PM,21:16,TV,Documentary,6,4.3,1
f3b2e496-f3e8-4f3c-8209-89c60569776a,,tuesday,11:09 PM,02:09 AM,lptop,Series,1,5.3,0
2489ea0b-7c70-40b6-a56d-047500ae1aa7,2025-07-14,Thursday,18:50,07:50 PM,Mobile,Series,6,5.3,1
7b621efe-4799-4f51-8109-99eabffee591,2025-04-24,Friday,22:26,02:26 AM,moblie,Documentary,6,6.5,1
da9e6d9b-bc69-4243-9395-cfb3f3ef49d1,2025-06-19,Tuesday,18:43,07:43 PM,Mobile,Movie,1,4.8,0
1a46a5ac-ad4d-4a41-ad9f-525a04f2039c,2025-04-08,wednesday,09:18 PM,23:18,moblie,Series,5,7.4,1
899930a5-b397-412e-be51-9f450576d2cc,2025-03-29,monday,21:52,23:52,Laptop,Documentary,2,,0
940e964d-c812-4fe4-942b-e01de51eeea4,2025-06-20,Monday,23:41,00:41,,Series,4,7.5,1
1858d3e9-c811-4884-bc7e-e9361c987651,2025-06-25,wednesday,06:20 PM,22:20,TV,Movie,3,4.1,0
ac9c6453-3ee0-4abc-92bc-8be99386bbad,2025-07-10,monday,06:34 PM,22:34,lptop,Movie,15,3.3,1
d6d0b49f-b9c9-455d-8571-3c9d81c12d0a,2025-04-22,Tuesday,05:49 AM,09:49 AM,lptop,Series,6,6.9,1
cf8cee19-66b8-4d7f-b4fe-d98e8384af4a,2025-06-19,tuesday,08:08 PM,21:08,Tablet,Documentary,4,6.1,1
1190e80d-15d0-4284-956b-582401e5a245,2025-05-31,Monday,08:15 PM,10:15 PM,Mobile,Movie,5,6.6,1
641ad521-1bb2-4df7-8947-62b43c8b1331,,monday,11:41 PM,02:41 AM,Tablet,Movie,2,4.7,0
3a3b1182-96ee-4eba-916a-451db7bb95a0,2025-05-07,Monday,19:33,08:33 PM,Mobile,Movie,1,4.3,0
4a57310f-8cf4-47de-ae98-0afd0a12bc04,2025-05-09,monday,19:41,09:41 PM,Laptop,Series,3,5.3,0
83591c4e-2445-49aa-8502-a156968c0244,2025-02-21,wednesday,22:21,01:21 AM,lptop,Series,2,7.4,0
2be2ce46-57b3-4b00-8f16-5dc40ee0835e,2025-04-21,monday,06:06 PM,20:06,,Documentary,2,4.5,0
2a607d6e-4398-4ad3-a88d-60c7bc6d99ae,2025-07-12,Sunday,23:56,01:56 AM,Laptop,Documentary,4,4.4,1
577d6d8d-5f48-4eea-99c2-876ac8863044,2025-05-20,tuesday,1:52,02:52 AM,,Series,3,5.3,0
b18d72ad-50f3-4e46-bb0a-b0f2086ad298,2025-04-03,monday,07:58 PM,20:58,,Series,2,6.9,0
e51d7ac3-1617-4fd7-8d6e-60ed75651ae0,2025-04-06,Tuesday,07:59 PM,21:59,,Movie,2,4.5,0
9da27145-e7f6-4516-a79d-eb675bc861c8,2025-07-10,tuesday,05:02 AM,09:02 AM,Tablet,Documentary,5,4.8,1
aec05424-5a77-4183-9642-c1fcc1175f14,2025-06-02,Thursday,05:35 AM,07:35 AM,lptop,Documentary,3,4.4,0
941fd670-73c7-490d-807a-d637a7c00e37,2025-04-21,Sunday,08:44 PM,22:44,TV,Series,4,7.3,1
979f1c4c-2a77-486e-80dd-6d4e2f07664d,2025-04-22,Friday,01:42 AM,03:42,Laptop,Series,5,4.5,1
18e8df6c-fc6a-4be2-ac6d-0422494f4507,2025-06-19,Wednesday,22:42,01:42 AM,Laptop,Series,5,7.2,1
40c76e7d-47e8-4512-84c3-80de77305a09,2025-04-14,Thursday,09:42 PM,12:42 AM,TV,Series,3,4.3,0
8856159a-4664-4df1-869b-04548fd4a909,,Tuesday,02:29 AM,06:29,Laptop,Documentary,3,6.0,0
1fd323ef-a16f-445f-a674-d7403b4e4e83,2025-06-07,Tuesday,06:45 PM,22:45,Mobile,Series,1,6.7,0
b3ae2ef6-2f21-4a21-b652-0c29f42e7a55,2025-04-09,Thursday,19:08,10:08 PM,Tablet,Movie,5,4.2,1
f5dc3269-4e04-4d46-8fc9-4fb8f2a2790b,2025-04-22,Friday,07:52 PM,20:52,Laptop,Series,6,7.6,1
9e3e7ac2-09de-424b-8e14-132bf94b8e8f,2025-03-23,wednesday,5:43,07:43,moblie,Series,4,7.7,1
a7acbe00-cb71-49e5-96ce-1fb48344e8c4,,Thursday,02:06 AM,05:06,Tablet,Documentary,5,5.5,1
9de69068-ff9f-4fcc-a81a-9cedf23fc980,2025-05-02,Wednesday,07:11 PM,11:11 PM,Mobile,Movie,3,4.9,0
c55393b7-3f04-41d7-856b-cd3aa9877a7f,,Friday,23:53,12:53 AM,Tablet,Documentary,6,5.2,1
fdb59dd0-7d5d-4efa-a797-6f8f659c48a7,2025-06-16,Wednesday,19:01,09:01 PM,lptop,Movie,4,4.8,1
ec5e8aec-eb18-4c80-8cb4-79290b7a3a36,2025-04-04,Wednesday,10:28 PM,00:28,,Series,3,4.6,0
a8e25ee2-ff83-4417-a86b-646512a62818,2025-02-22,Thursday,21:27,23:27,Tablet,Series,1,7.8,0
97dd98ba-e568-4b08-a082-89d03bd0e3f6,2025-07-04,Thursday,20:26,12:26 AM,Laptop,Documentary,4,4.3,1
41df7604-3eb4-4d12-b0c8-26f00b95785f,2025-04-28,Sunday,20:33,23:33,,Movie,4,5.9,1
1f01f753-f06d-4c27-b4ef-d7937c6b2f70,2025-05-27,monday,11:51 PM,01:51 AM,Laptop,Documentary,6,7.2,1
c92157d5-2328-483b-b850-911237c86a99,2025-05-13,Friday,09:14 PM,12:14 AM,Mobile,Series,1,7.2,0
c973fa7a-15d4-492a-92aa-54450cb7433d,2025-04-19,Thursday,02:56 AM,06:56,lptop,Series,5,5.5,1
52ee0886-2371-4f67-8415-fd0531592309,2025-02-13,Wednesday,22:44,00:44,Laptop,Documentary,10,2.0,1
e6f6a8d6-9c6f-4554-98fc-b5b4263d669e,2025-06-10,tuesday,18:41,22:41,lptop,Movie,3,7.1,0
5984487b-df7a-4a49-8b56-7d027334839e,2025-05-15,Saturday,22:21,01:21,TV,Movie,3,4.4,0
fa520843-2871-4c07-b796-931b0dac94f8,2025-06-09,Saturday,20:23,21:23,Mobile,Documentary,2,5.4,0
881d1a07-3cc0-45e2-a05d-248554467f77,2025-04-19,Monday,23:42,12:42 AM,,Movie,3,7.3,0
72ddb732-c503-4077-b998-cdefa8ed1f52,2025-03-18,wednesday,19:12,21:12,,Documentary,4,7.8,1
1b069816-422c-48dd-b913-61b4613ff76e,2025-07-11,Thursday,18:34,19:34,lptop,Movie,6,6.4,1
b3d91439-9fec-459c-9c93-1917751ebb44,2025-02-07,Saturday,01:58 AM,03:58 AM,Laptop,Series,4,4.3,1
6c845832-2ac8-4de3-afe0-bbc965068873,2025-05-25,Sunday,2:36,05:36 AM,Tablet,Movie,1,6.1,0
c2c028d3-9ac0-4a7b-9254-a87d620c9aec,2025-04-22,Tuesday,06:30 PM,07:30 PM,moblie,Documentary,4,4.8,1
b767e408-66dd-41c2-9efb-840eeffa28bd,2025-04-18,Friday,07:56 PM,09:56 PM,Tablet,Movie,5,5.4,1
edd41e6e-4096-43b6-90f8-bb757b954030,2025-06-29,Saturday,3:37,06:37,moblie,Documentary,2,5.0,0
3900e492-dbb6-432b-bad2-c561d24a06cd,,Monday,20:06,12:06 AM,Tablet,Series,6,7.1,1
542983c6-5569-4813-987f-cf657a862455,2025-04-13,Wednesday,06:33 PM,21:33,moblie,Documentary,3,5.7,0
05456a08-660b-4e0e-8c56-9abe3d7288d5,2025-04-05,Saturday,03:00 AM,05:00,Tablet,Documentary,12,3.8,1
72d78d96-5ee8-4a5e-a97f-e8f61ad2ee7c,2025-02-11,Monday,12:37 AM,03:37 AM,TV,Movie,2,4.1,0
10cc0ba4-98a9-483d-b011-50e70e3e45d2,2025-05-03,Wednesday,21:02,01:02 AM,Mobile,Documentary,4,7.4,1
a44359a7-3ee5-46e6-881d-6814f69a840d,2025-05-05,Sunday,09:18 PM,23:18,moblie,Documentary,4,5.0,1
42783fe7-9411-4810-84e8-2ba638b6caa9,2025-03-21,Wednesday,18:20,08:20 PM,lptop,Documentary,3,6.7,0
d8996321-4490-4874-8002-53734ccce528,2025-02-28,wednesday,05:58 AM,08:58,,Series,5,6.8,1
7bfcf4f2-577b-407b-92c5-2e152c28862c,2025-05-15,Sunday,09:24 PM,10:24 PM,moblie,Series,5,5.9,1
b53ad8e0-1f1a-46e4-84a8-f001632efd34,,Monday,22:51,01:51,,Series,2,6.7,0
1a500490-2cca-4cab-b9a9-c3ab5a0af6ca,2025-06-06,Wednesday,06:35 PM,08:35 PM,Laptop,Documentary,13,2.6,1
b5a591f8-24e0-4917-97e8-2cebde03c75b,2025-07-18,Friday,08:55 PM,22:55,Laptop,Documentary,6,4.5,1
c1ede51b-637a-4f40-be43-345633702d92,2025-05-26,Sunday,10:00 PM,01:00 AM,,Series,4,4.5,1
46550e5a-303d-4b99-a4ba-ca1ebfde29ad,2025-06-14,Sunday,18:47,09:47 PM,Laptop,Movie,3,7.5,0
fd65b9b1-60d0-4222-a9bb-ba123324fc46,2025-05-10,monday,19:26,21:26,lptop,Series,5,4.2,1
9c6c1ddf-edb1-48f7-b4a5-a44c234fa5e8,2025-03-04,wednesday,02:05 AM,05:05 AM,TV,Documentary,5,6.3,1
ffea3003-d372-411e-b9aa-852d792ce1c1,2025-05-29,Sunday,23:16,02:16,Tablet,Documentary,4,6.3,1
38f51291-5564-42ec-8142-cdb74ef1661b,2025-02-17,monday,11:38 PM,00:38,Mobile,Documentary,4,,1
1841eec4-f4d8-4be8-8d00-49ec778d23f3,2025-07-13,Thursday,18:59,10:59 PM,TV,Movie,6,5.9,1
8d9cb8c1-cdfe-42d6-a660-dfafce5a115c,2025-08-01,Friday,21:27,23:27,Laptop,Documentary,3,6.7,0
9f32bef0-cf41-4270-abc2-858ca957e887,2025-03-15,Thursday,11:10 PM,03:10,lptop,Documentary,1,4.2,0
de920774-f786-4034-bf96-b3b8634af186,2025-03-25,Sunday,0:40,02:40,Tablet,Series,4,6.8,1
aa220a42-59f3-4901-911d-93ec1f78c034,2025-07-15,Friday,07:00 PM,22:00,Tablet,Series,2,5.6,0
184f8374-c42a-4128-b499-11cb35fc64bb,2025-04-21,monday,10:29 PM,02:29 AM,Tablet,Movie,2,4.1,0
c7e8a5f1-04e2-4e8a-ba36-5275ffa8a479,2025-04-26,monday,19:33,11:33 PM,moblie,Series,5,7.3,1
ea1422e2-5a1c-408d-8f07-1b773ee32917,2025-07-15,Thursday,10:51 PM,01:51 AM,lptop,Movie,1,6.6,0
bf93c643-a006-4ce7-8e42-75c7dad557a1,2025-03-13,Thursday,10:40 PM,23:40,lptop,Documentary,5,7.9,1
5a35a8cb-2aa4-42fd-b89c-85cad62f1198,2025-08-04,Saturday,01:15 AM,03:15,Laptop,Documentary,1,7.0,0
a26cd1f5-35d1-4dec-8ba3-2d9f0e08315e,2025-06-30,Wednesday,23:07,03:07 AM,Mobile,Movie,2,7.4,0
70c440ac-4a3c-4fea-8f35-13f53cf298cf,2025-03-29,monday,04:15 AM,05:15,Laptop,Series,2,5.4,0
717c5e04-fb50-44c4-aa19-325e80997cbe,2025-07-05,Tuesday,23:28,01:28,Tablet,Documentary,6,7.6,1
bc65ad98-eddd-47c5-af8f-8fe5df25b712,2025-05-19,Sunday,06:33 PM,09:33 PM,Mobile,Movie,3,6.8,0
8eb2c341-7784-4497-82f5-7aa63ff68160,2025-04-15,Wednesday,19:46,10:46 PM,TV,Documentary,5,6.8,1
f1baef49-3e6a-4385-b6e4-dce1377c0c58,2025-05-03,Thursday,08:28 PM,10:28 PM,Laptop,Documentary,3,6.2,0
f27b1eda-4ffb-46c8-bc8e-153987129f1c,2025-05-31,wednesday,23:44,12:44 AM,TV,Movie,6,4.5,1
ac85a6e2-37c2-421d-9ad0-5c72e86e8a76,2025-02-06,Tuesday,20:46,00:46,moblie,Documentary,3,5.9,0
28d98f47-ada0-4aae-a5de-38e76ac92d8d,2025-06-26,monday,20:40,22:40,Tablet,Movie,1,7.8,0
03bcb797-b361-4598-8ca7-6c732bb9a51e,2025-04-21,Saturday,08:23 PM,10:23 PM,lptop,Movie,4,7.2,1
36fd93a4-6166-4b56-a307-e620044ef3ee,2025-07-14,monday,23:29,02:29,moblie,Movie,1,7.3,0
36780097-ff77-4fcc-8bd2-c90d0d28671d,2025-05-11,Monday,04:37 AM,06:37 AM,Tablet,Documentary,1,4.2,0
35d3c27d-e746-4f8b-8f58-9055ff05ce91,2025-05-13,Monday,06:08 PM,21:08,Tablet,Series,3,4.7,0
a94b522a-e5cc-49ba-9d1c-8ada289bee9b,2025-03-14,Monday,1:13,05:13 AM,Laptop,Series,2,6.9,0
613d46c2-e41c-4d3a-8b64-d5c48af83441,2025-05-24,Tuesday,1:25,02:25 AM,moblie,Documentary,4,7.6,1
f9c59429-6091-408c-99d9-00704142045d,2025-07-30,Tuesday,06:21 PM,09:21 PM,Tablet,Movie,2,6.9,0
692fa217-47e7-4a59-b190-929775ec51dd,,monday,11:36 PM,00:36,,Series,2,5.9,0
b1f2b027-9090-4605-b42d-64d899480675,2025-02-17,Sunday,06:25 PM,08:25 PM,TV,Series,4,6.6,1
065c6f19-ca28-448c-a459-650d5bdbecf5,2025-05-25,wednesday,11:43 PM,03:43,Laptop,Documentary,3,4.3,0
12ade676-734d-4482-b919-ab886a569f72,2025-07-25,monday,06:59 PM,10:59 PM,lptop,Series,4,6.8,1
49a76ab5-f972-4ef6-afcd-a13033211c22,2025-03-24,wednesday,22:41,12:41 AM,Tablet,Movie,6,6.4,1
08bd41be-194e-433e-b3e7-e24387e88bc8,2025-03-07,tuesday,07:30 PM,09:30 PM,lptop,Series,3,4.3,0
9a5ad562-d462-48b1-9f8f-755df5f1689e,,tuesday,23:35,02:35 AM,lptop,Documentary,1,5.1,0
6809e905-c433-4722-9cd8-7a6378a8ae19,2025-02-22,Wednesday,19:16,09:16 PM,moblie,Documentary,1,4.8,0
842e3572-2b1b-4fc9-a5d4-79871c990f06,2025-06-16,monday,1:50,04:50,lptop,Documentary,5,7.8,1
0b4bd7db-b920-4ae7-8a31-cc87a849e7ab,2025-06-15,Sunday,10:38 PM,23:38,Tablet,Movie,1,6.4,0
0f26dc1b-f66e-4f42-8eb0-79592c1f5959,2025-06-07,Saturday,20:03,09:03 PM,moblie,Movie,3,4.3,0
415b9d7c-09ae-452f-ada7-44f0c4c619bb,,tuesday,18:14,20:14,moblie,Documentary,2,5.6,0
a8a122e1-0fae-41af-b6ea-176e89e43166,2025-04-21,wednesday,23:12,03:12,,Series,4,7.4,1
d2723a8d-da79-4599-81c0-ccf612548410,,monday,23:11,03:11 AM,lptop,Documentary,4,4.4,1
7ebf63ab-1dfd-4524-b51f-e820b3a71074,2025-04-15,monday,20:57,23:57,Mobile,Documentary,2,4.8,0
cd05ce55-b923-460d-a397-960def803e89,2025-03-07,monday,21:26,11:26 PM,Laptop,Movie,2,5.3,0
dbd432bf-a5db-4a4f-98a5-1a7e9fa29dc4,2025-04-07,tuesday,20:42,22:42,Laptop,Documentary,5,6.4,1
604112d8-66fa-4e8d-a340-001c76275f6d,2025-07-27,Friday,10:19 PM,02:19,Laptop,Documentary,2,7.7,0
2a1f4101-f8fb-451c-9aa9-1cd8f7868dbe,2025-05-26,tuesday,4:50,08:50,Mobile,Movie,1,4.7,0
a95efcaf-e467-475b-ab00-09c6a071975b,2025-03-14,Thursday,10:46 PM,01:46,,Documentary,2,4.5,0
a9e3c71b-6a1b-4398-831e-483b927fb7f8,2025-04-27,Friday,11:25 PM,01:25,Laptop,Series,2,4.7,0
5a1346e9-829a-42ce-9482-0e729f989ed5,2025-07-07,tuesday,10:25 PM,01:25,Mobile,Documentary,3,,0
28d493c2-94cc-473f-a13a-a20687f9d452,2025-03-12,tuesday,06:42 PM,10:42 PM,Mobile,Documentary,3,5.2,0
7b2fff3b-f7be-4a84-aae3-4926f8052e15,2025-06-13,Tuesday,08:05 PM,22:05,lptop,Movie,3,5.9,0
0cbeb222-bfe5-4f89-aa5a-8973b4d26898,2025-03-08,Sunday,04:54 AM,06:54 AM,Mobile,Documentary,4,6.8,1
c57859e4-903b-4e97-8765-822bfbd6c651,2025-07-10,Saturday,07:00 PM,23:00,lptop,Movie,6,4.3,1
fb7e9d8d-3f52-461c-af3a-b2337495cf3e,2025-04-28,Thursday,02:49 AM,06:49 AM,moblie,Documentary,5,7.3,1
cb706bab-26aa-4b69-9a2b-5cbc486faa9e,2025-02-20,Sunday,08:35 PM,10:35 PM,Tablet,Movie,5,6.4,1
03dc6879-5a97-4e7c-9466-13a9f1e244d8,2025-03-31,tuesday,06:53 PM,10:53 PM,Tablet,Movie,2,5.1,0
5fe7f9ff-b1e9-4b59-86ab-1338bca09bcb,2025-02-19,Saturday,20:45,22:45,moblie,Documentary,3,7.3,0
5abd348b-af74-499e-af46-97dd1c69d0de,2025-07-05,wednesday,19:48,22:48,,Movie,2,4.3,0
71077c07-dab6-46ce-b18c-9920cef5a788,2025-06-05,Saturday,18:32,22:32,Tablet,Series,4,7.9,1
83893998-9cae-42b3-bac7-4d8bb2e07e69,2025-06-17,tuesday,02:23 AM,03:23 AM,Tablet,Series,4,6.8,1
151883fc-8b41-49ea-9a02-fe03f08253a3,2025-03-01,Sunday,09:37 PM,00:37,Tablet,Movie,4,,1
b892cdd5-7b34-4af2-b62d-9e32371a4482,2025-03-30,Saturday,18:12,22:12,Laptop,Movie,1,6.9,0
11dc155c-70d5-424d-8618-39cba29d9f57,2025-05-21,Thursday,19:29,23:29,Tablet,Series,3,7.4,0
34769525-826e-4d4d-97e1-f91cb755f2de,2025-06-04,Thursday,02:48 AM,03:48 AM,lptop,Movie,2,4.7,0
60493d50-6744-4ceb-9df9-39ecbfd59a44,2025-03-18,Friday,07:00 PM,20:00,TV,Documentary,5,4.1,1
b153cdd0-0e39-49e6-acbb-45608fe87b6b,2025-08-04,Wednesday,11:27 PM,03:27,Mobile,Movie,1,6.3,0
e7a884c4-4aab-4ace-ae31-e08faafa8937,2025-07-02,wednesday,11:05 PM,03:05 AM,Laptop,Series,1,6.3,0
4081dc6c-1574-46e6-b7a7-5b7b2d121128,2025-04-10,Wednesday,07:02 PM,22:02,TV,Movie,3,7.3,0
9e16e7c5-71b7-4552-91e5-e688b3f81dcb,2025-03-17,Saturday,18:43,07:43 PM,Mobile,Movie,4,6.1,1
3d741fc8-8ae1-41f3-8b3a-dc13a32adb1b,2025-05-28,Tuesday,1:39,03:39 AM,Mobile,Movie,5,6.1,1
6bb645ba-ba75-4155-9e21-e98612c50338,2025-04-21,Monday,22:01,02:01,TV,Series,1,5.8,0
46f36095-8668-496c-86ef-0ddc93017faf,2025-07-12,wednesday,19:05,21:05,Mobile,Documentary,2,6.7,0
d25ebb22-542d-47fa-b33b-84fab64bd2d0,2025-07-28,Friday,2:31,03:31,TV,Movie,1,4.6,0
ae958f51-788a-4899-b158-264b1f2c1f69,2025-07-12,Thursday,19:29,10:29 PM,TV,Series,6,5.9,1
c1423858-7f09-475a-84a0-d193c3c2868a,2025-07-23,Wednesday,21:22,11:22 PM,Mobile,Series,5,5.3,1
b2eabb36-b5fc-4b2e-a05d-702cca710893,2025-04-30,monday,3:30,07:30,,Movie,4,5.5,1
8b6cb81a-b5ca-4b60-abdc-eb6ccd42e57e,2025-04-24,Friday,22:55,11:55 PM,Mobile,Documentary,1,8.0,0
ec12cfd7-bbc4-43b7-8cc1-e412feefac45,2025-05-23,Tuesday,21:03,00:03,TV,Documentary,6,7.1,1
500a4cd4-e6d4-4d4a-aadd-61d608b1f8f4,2025-08-04,Friday,03:13 AM,04:13,TV,Movie,2,,0
468a64db-dba3-4ff0-a1d3-fdfc8fddd0cb,2025-02-22,Saturday,07:54 PM,21:54,Mobile,Series,4,4.6,1
b5f4fede-bb69-48dc-b94b-e3ba45b95b1e,2025-06-02,Tuesday,22:36,02:36 AM,Tablet,Documentary,5,4.7,1
2095174f-f81c-4cf0-8b35-45c6a5001e09,2025-03-24,Monday,23:59,02:59 AM,lptop,Documentary,5,7.8,1
087a3ec4-74e3-4244-bfbc-be2481776256,,wednesday,20:57,10:57 PM,lptop,Movie,6,5.0,1
53d0c869-c2a5-49cb-b986-110798755413,2025-03-18,Friday,23:59,12:59 AM,Mobile,Movie,1,7.6,0
11d5c3bf-824d-4183-9e9d-21676a180367,2025-07-11,wednesday,07:58 PM,23:58,lptop,Series,4,6.9,1
d49d8c22-64c8-4651-85bc-1144274dfd84,2025-03-03,tuesday,11:00 PM,00:00,TV,Movie,5,5.3,1
e694f5f0-dc81-4172-8886-1229d551cacf,2025-04-15,Friday,06:59 PM,08:59 PM,lptop,Documentary,4,6.8,1
f93dfb85-5943-4cb0-98cf-0c92989fea45,2025-08-03,wednesday,18:53,20:53,Tablet,Series,1,5.2,0
95be828d-3adb-4933-b29b-978096e8fe09,2025-07-03,Friday,22:47,01:47,lptop,Movie,1,5.9,0
2396f162-8bb7-4134-89c2-abfb7903c614,2025-07-21,Tuesday,22:23,01:23 AM,lptop,Series,4,6.7,1
93e3db11-c8cd-4d9c-a4c1-b49c0c35d8b1,2025-02-22,Sunday,21:22,00:22,moblie,Series,6,5.3,1
a42d3de6-756f-46bd-b233-7a7aa2a4e26d,2025-02-13,Sunday,11:21 PM,02:21,lptop,Movie,2,6.7,0
0d38c5a9-4401-4563-95f6-6eb2ba69a621,2025-02-10,Saturday,07:45 PM,08:45 PM,Tablet,Documentary,6,5.6,1
014e2eb2-d436-4608-8af2-83927ca5f70b,2025-07-16,Monday,09:11 PM,01:11 AM,Mobile,Series,1,6.3,0
9f69a258-e482-4750-86b2-c203f7a046a0,2025-03-24,Monday,10:58 PM,02:58 AM,Mobile,Documentary,6,4.1,1
90fc3ec7-dbd9-4bce-90a1-2d8bbeb3f480,2025-05-11,monday,20:18,11:18 PM,TV,Documentary,2,6.2,0
399ad801-6231-493d-967d-4b7a7b31831d,2025-07-25,Monday,20:57,10:57 PM,TV,Series,6,7.6,1
dbb85c02-db8b-45f7-a57f-3db743e7172c,2025-03-22,Tuesday,21:50,22:50,lptop,Movie,2,5.5,0
7c51a818-7b58-4c20-81c1-a840dd87423f,2025-05-09,Monday,11:12 PM,02:12,lptop,Documentary,4,6.3,1
e5f9205f-095f-4fac-8073-ca669cb532a4,2025-04-11,tuesday,21:55,10:55 PM,Laptop,Movie,5,4.3,1
ac0c6a93-63f7-4aed-b925-29693b02c1d0,2025-04-25,Thursday,22:24,02:24 AM,TV,Movie,4,6.0,1
a28cab02-f840-4c90-a17c-b538aa1162e1,2025-03-12,Wednesday,18:26,19:26,,Movie,5,4.9,1
00af5d8a-b880-46ce-8b4e-16ef5f07ed84,2025-02-17,Thursday,22:24,11:24 PM,lptop,Series,5,6.2,1
8331ad08-6523-4cf8-876a-06360d16e0cb,2025-07-07,monday,02:24 AM,05:24 AM,Tablet,Documentary,6,7.6,1
273f2c57-5fbf-433d-bf24-29404e4264e4,,wednesday,23:03,00:03,lptop,Movie,5,,1
83309eea-2225-4437-a985-4f057f774cac,2025-05-20,Friday,02:04 AM,03:04,Tablet,Movie,5,4.4,1
6dcbc4f8-74fb-41a2-af51-1002a5364d36,2025-02-24,tuesday,02:11 AM,04:11 AM,Laptop,Documentary,6,7.9,1
19b75b29-e004-45dd-8d5f-286bd8d10814,,tuesday,1:43,04:43,lptop,Documentary,1,7.7,0
15a3eac9-3089-4256-8634-026dfc63f72d,2025-07-27,tuesday,09:01 PM,12:01 AM,Tablet,Series,10,3.0,1
dfc4f9ed-1451-4bda-9b82-9ea29da0ab57,2025-05-28,monday,10:38 PM,02:38,Laptop,Series,3,5.6,0
75c3726e-d520-400e-a1e7-cbf61bca9ad2,2025-05-06,Wednesday,10:30 PM,02:30,TV,Series,1,5.7,0
c81a4334-be3c-4fe3-962f-6522266bedc6,2025-06-11,tuesday,07:23 PM,08:23 PM,TV,Series,6,5.1,1
7829d6ad-a543-4ca7-82ad-7ea285c8e0ff,2025-07-24,Thursday,22:51,02:51 AM,,Documentary,3,7.0,0
31522947-0901-4730-bf99-32f658df3062,2025-06-09,Saturday,19:30,10:30 PM,Tablet,Movie,6,7.7,1
309aa934-63a3-4c5f-b953-781f217a04dd,,Wednesday,10:25 PM,02:25 AM,Tablet,Series,5,6.6,1
b26760c7-d17e-4b07-9f61-d78d228f48cb,2025-08-05,Tuesday,23:40,03:40 AM,Tablet,Documentary,4,7.5,1
9a925a13-a25e-4d9a-b965-068f38b3de28,2025-04-23,Thursday,5:09,09:09 AM,,Series,4,5.2,1
79ac3a41-55b1-4b7a-be81-c3940aa5bfc1,2025-07-15,Monday,09:29 PM,01:29,Mobile,Documentary,11,3.2,1
6067debb-9307-489d-ae98-7973f8f85014,2025-07-27,Tuesday,03:10 AM,05:10 AM,,Series,3,6.4,0
bf8996d9-1505-4f90-a2e8-29cf5657df83,2025-06-19,Sunday,19:02,10:02 PM,lptop,Documentary,2,5.0,0
ff28623c-9026-4409-8f0f-12e1a96f56ad,2025-07-24,Tuesday,19:25,09:25 PM,TV,Documentary,4,7.2,1
450b194b-e6d8-4492-9603-bf94cc4007a5,2025-02-20,monday,10:49 PM,23:49,TV,Series,6,6.7,1
0e4d6b19-cffc-46dd-9a1c-6978e2095717,2025-08-02,Thursday,23:41,02:41 AM,lptop,Series,5,7.4,1
c7b3259e-7c23-4cfb-9863-da6954734c3d,2025-05-03,Thursday,19:05,21:05,Tablet,Series,4,6.1,1
0febf2b6-5a86-4e21-a163-0b64452c75fe,2025-06-26,Friday,3:36,07:36,moblie,Series,5,6.5,1
7fdeb567-a66f-41f4-b68a-c2fdfdf07536,2025-03-13,Saturday,07:59 PM,11:59 PM,lptop,Movie,1,4.4,0
ec2ce2f9-c0b0-4346-a268-fe4d5757c220,2025-06-03,tuesday,2:58,03:58,lptop,Documentary,4,4.7,1
73c9506e-75e2-4b20-9dd5-8c29f1c865c3,2025-04-25,Wednesday,2:41,06:41 AM,lptop,Series,1,5.6,0
83caddc5-5d31-4f9b-aa27-c1380bf5b023,2025-03-30,wednesday,08:04 PM,22:04,TV,Documentary,1,5.3,0
2329d475-a7dc-4e46-9fff-e81e95cbfa70,2025-03-17,Wednesday,23:48,03:48 AM,Tablet,Movie,6,5.5,1
82df0919-434c-423b-bbca-cb75538cb703,,Tuesday,12:21 AM,03:21 AM,Mobile,Movie,3,7.7,0
9879a3c4-3d58-442d-b3a4-abe3bb9bb39d,2025-07-16,monday,19:23,11:23 PM,lptop,Movie,4,4.4,1
bdfaf7fe-ea4b-4af6-93bf-0e9d85cf14be,2025-02-19,Friday,20:45,21:45,moblie,Series,1,5.4,0
6cefb4e3-0fca-4d27-b18e-b4551376a622,2025-04-28,tuesday,09:28 PM,12:28 AM,Tablet,Series,1,7.7,0
3f8c0951-0747-4000-9e7e-1971aa2fcb86,2025-05-12,Tuesday,06:14 PM,08:14 PM,Mobile,Movie,5,5.4,1
0780673e-f527-4b0f-b9cf-41ace2e5b4d6,,Sunday,18:43,09:43 PM,moblie,Documentary,1,7.4,0
21e64578-be82-4623-b22e-91f03d45099f,2025-04-13,Sunday,20:25,23:25,moblie,Documentary,6,8.0,1
62dca896-2300-4bdf-96f1-42467c198b80,2025-07-14,Friday,18:10,21:10,Tablet,Documentary,2,6.0,0
720fda0f-afb6-4c02-a93b-8e419394c566,2025-03-14,monday,07:40 PM,20:40,Tablet,Movie,3,7.2,0
35e70396-5d51-4e25-8818-b2803f247a4a,2025-05-17,Tuesday,20:34,11:34 PM,moblie,Series,2,4.5,0
baca80e3-644b-48e2-9221-d67c9ace8712,2025-05-30,Wednesday,05:54 AM,07:54 AM,Mobile,Movie,1,7.1,0
464420d9-8a84-42df-bf99-db98b80852df,2025-03-26,Thursday,18:26,07:26 PM,lptop,Series,3,6.7,0
094067e1-f1c3-4043-9635-e9b801272d3c,,Friday,06:25 PM,19:25,TV,Documentary,5,4.7,1
2c02f4ab-b2ea-48e0-bb1f-d47803f95560,2025-05-28,Tuesday,23:50,03:50,Laptop,Series,1,7.2,0
d1e2619a-7e77-44bb-a803-dc3ec9f87c11,2025-03-26,Friday,18:35,19:35,moblie,Documentary,5,7.5,1
34430236-0143-4dd1-8e45-e80e26b9782c,2025-04-05,Wednesday,21:08,01:08 AM,lptop,Movie,5,,1
deb29b09-fa76-474a-a071-c8751108b215,2025-07-07,Tuesday,06:36 PM,10:36 PM,lptop,Documentary,4,7.4,1
f93230aa-ce83-4449-ab37-69f10d3a4c8b,2025-05-05,wednesday,21:46,11:46 PM,TV,Movie,1,5.4,0
940788eb-197f-411a-a9f3-beda81f888ea,2025-06-13,Thursday,02:17 AM,06:17 AM,lptop,Documentary,5,5.1,1
19a7f5d7-0168-48f3-8e35-58fa18b2cede,2025-03-23,monday,10:43 PM,00:43,moblie,Documentary,3,5.1,0
e3e3b99e-e0a8-4b7c-ad39-ec6af1633add,2025-06-11,Wednesday,19:32,22:32,lptop,Series,3,6.9,0
99749672-43d6-45bd-b000-8960f5c42608,2025-02-08,monday,23:17,12:17 AM,lptop,Documentary,6,5.1,1
63275e70-6308-4aa5-b9c1-3b60d34389af,2025-07-04,tuesday,06:23 PM,08:23 PM,TV,Series,6,6.6,1
fca4936d-1694-4989-b348-4cf674f16933,2025-05-14,Tuesday,10:43 PM,02:43 AM,Mobile,Series,3,5.2,0
b958559a-70fd-4a83-a1b1-0526cb3bd5e7,2025-05-12,Tuesday,10:29 PM,12:29 AM,Mobile,Movie,5,4.5,1
aca43c88-5afd-47be-8129-67d93bb90e88,2025-07-31,wednesday,20:43,12:43 AM,TV,Series,6,7.6,1
775be411-cf12-474d-842c-86410bbc084d,2025-05-13,Thursday,19:58,08:58 PM,,Series,2,4.1,0
23cf9372-6fc6-498a-b600-404650883c89,,Thursday,08:12 PM,00:12,lptop,Movie,3,7.6,0
447c19de-ae1b-4e89-beb1-257a7c3b5da1,2025-03-30,Saturday,18:55,10:55 PM,lptop,Series,4,6.9,1
53805569-0e7e-4b2b-a6ae-821bc7be850f,2025-05-10,monday,10:41 PM,01:41,TV,Series,1,7.9,0
2f7508bd-ba54-48f3-9b1c-af2c967a6870,2025-07-12,Monday,20:28,22:28,Tablet,Movie,1,5.6,0
5d60a54a-6152-4bc7-944e-20be5055f2d7,2025-02-21,Thursday,1:37,04:37 AM,,Documentary,3,6.3,0
51d4e328-9d99-426b-b672-855b9240e488,2025-05-12,wednesday,0:37,03:37 AM,TV,Movie,5,5.4,1
3edfe377-198e-42eb-b6d4-dc2368aadf8c,2025-04-21,wednesday,06:55 PM,19:55,TV,Documentary,2,5.0,0
da51c4f5-5017-479a-b2e4-8972243a3a8f,2025-02-20,tuesday,21:01,11:01 PM,lptop,Series,6,4.4,1
57842750-f1b7-48cf-b0f4-4545be39d7d5,2025-06-22,monday,19:01,11:01 PM,Tablet,Documentary,6,,1
2a079189-52aa-4ac9-a67b-3e2386ac5446,,monday,07:44 PM,11:44 PM,moblie,Series,6,5.7,1
5ec288a2-a129-4e80-afca-83b4da5a7bf6,2025-07-22,Friday,21:56,00:56,moblie,Series,3,,0
7cd59bed-f704-4897-8ff1-bd35e7f1e75c,2025-04-11,tuesday,02:03 AM,05:03,Mobile,Documentary,3,,0
41366412-eb9a-4e4c-9d67-03075e56038f,2025-05-17,Wednesday,07:43 PM,22:43,,Movie,5,7.8,1
926c78c6-6803-4670-a0c2-b3aa0ca5772a,2025-04-05,Monday,01:48 AM,03:48,lptop,Series,2,6.7,0
0d370e7c-b9a6-4e05-af56-8fa00eebf39b,2025-03-19,Tuesday,21:53,01:53 AM,TV,Movie,2,5.9,0
9761c86c-0e98-49b2-90ae-728fb1722e9a,2025-04-10,Sunday,07:14 PM,22:14,TV,Movie,1,7.4,0
2d3436e5-26f2-4b84-bf67-94dc596731ce,2025-06-22,Saturday,10:25 PM,00:25,,Documentary,3,6.9,0
61d9edee-c28f-4b7f-b308-0dca7f38c9bd,2025-05-08,Tuesday,03:46 AM,06:46 AM,moblie,Movie,5,7.3,1
d47cb492-1f63-4476-a8cc-583bbddb3f02,2025-05-15,Sunday,21:36,00:36,moblie,Movie,2,5.3,0
732de752-70f1-4440-be44-c7a7a636e800,2025-02-22,Tuesday,23:24,01:24 AM,lptop,Movie,3,6.0,0
ac45d28e-f9b6-406f-a85b-2d076b4d48e6,2025-02-22,monday,19:59,21:59,TV,Movie,4,4.9,1
206e5136-91c6-48e2-830e-22359ea24df7,2025-07-26,Friday,09:58 PM,22:58,moblie,Movie,1,5.3,0
3162d221-6197-4362-993a-737af55332eb,2025-06-04,Tuesday,19:43,23:43,TV,Movie,10,3.6,1
f3fe7f28-42c8-463b-85b2-de9b239905b3,2025-06-03,Thursday,11:00 PM,02:00,,Series,4,6.9,1
ad2caec4-3811-48c2-b3d7-319b0a5c5ff0,2025-04-17,tuesday,19:17,23:17,Tablet,Movie,1,6.8,0
85d31922-65e6-4b7e-88b7-a14cd10afeb3,,Monday,04:51 AM,05:51,TV,Movie,2,6.0,0
6dfd4476-934f-4096-a8c8-db825c4e1b87,2025-04-02,Wednesday,23:42,02:42 AM,Tablet,Documentary,1,6.4,0
f127c291-946d-4a95-aa3b-bb3eface7e93,2025-06-30,Wednesday,23:42,00:42,Mobile,Series,4,5.3,1
81ab974d-b675-46a4-b4ff-b81d28397af9,2025-04-30,Friday,08:59 PM,09:59 PM,moblie,Movie,6,5.4,1
3fd03c39-3eca-4ea9-a3f5-23dbf9812555,2025-07-31,Friday,01:25 AM,04:25 AM,Tablet,Movie,6,5.2,1
e793bcfc-a154-4e9a-b9c8-08092a348adc,2025-06-13,Monday,11:55 PM,00:55,Tablet,Movie,2,6.7,0
f7a75be1-5462-4321-bbcc-2b427bd47b29,2025-05-23,tuesday,03:12 AM,05:12 AM,,Movie,1,4.3,0
571784ee-7c9b-48ad-8c1e-6f48ce64261b,2025-03-24,monday,19:43,23:43,Tablet,Movie,3,6.7,0
cdfb1d72-aebd-4881-9903-6c17b5037447,2025-03-09,tuesday,10:16 PM,01:16 AM,Tablet,Series,2,6.5,0
9239aee9-8121-4904-8084-38af4291f0e4,2025-02-12,Thursday,20:34,22:34,TV,Series,4,7.9,1
d412db21-1eeb-4f12-a958-7db132207881,2025-04-04,monday,19:19,22:19,moblie,Documentary,5,6.4,1
1a4b3005-ef6a-49e9-ba04-76e88bde4f5d,2025-05-11,Wednesday,18:22,10:22 PM,,Movie,2,6.5,0
699a08eb-6e7e-4172-b55d-fc609743fd64,2025-02-16,Tuesday,10:25 PM,01:25 AM,moblie,Series,4,4.5,1
3853ce64-d2b5-4ac9-9c52-b7d43db21fdd,2025-06-27,Tuesday,1:45,05:45,Laptop,Series,4,7.2,1
2cd0f8e8-9163-4379-baa6-aa5bb87772f3,2025-04-11,wednesday,08:13 PM,23:13,lptop,Movie,6,6.9,1
b5d9910a-b909-442b-9a6f-c7a9bb35e560,,monday,03:43 AM,07:43,TV,Series,1,5.2,0
fee4490f-7b8f-4549-9ceb-80df35af4aa9,2025-05-03,Monday,11:24 PM,03:24,Laptop,Documentary,5,4.5,1
1a06d859-2a0b-4aa5-8c39-5d32e7590110,2025-07-21,Sunday,09:07 PM,12:07 AM,moblie,Movie,1,5.7,0
f109c370-7df2-4998-bf10-fce97675e9ec,2025-03-13,Monday,23:06,03:06,,Movie,2,4.4,0
473a6711-adf2-467c-8755-3b75e25fe816,2025-06-21,tuesday,12:33 AM,02:33,TV,Series,5,4.3,1
18b816d8-1fe3-4e26-8200-77021e0ad5c5,2025-03-05,Thursday,12:47 AM,03:47 AM,,Documentary,4,7.3,1
6f9810f1-8b68-46a2-a255-4e97234909ee,2025-03-01,Wednesday,2:57,03:57,Tablet,Movie,2,7.3,0
91384d58-2f89-4703-9d53-34696b9bfabf,2025-04-19,Wednesday,23:42,01:42,TV,Series,1,6.6,0
90dd09cf-ba85-481a-8af8-0abb765efcb2,2025-05-19,wednesday,19:59,08:59 PM,Tablet,Documentary,2,6.3,0
207ab5d3-39d6-400f-8a21-7f3bef3071e8,2025-02-11,Thursday,11:06 PM,00:06,TV,Movie,3,5.6,0
dd1b0491-dc61-4ec2-93d9-3327e726e3b0,2025-02-17,wednesday,10:43 PM,02:43 AM,moblie,Documentary,5,7.1,1
093ec51a-1343-40f7-a165-509a4a2e45e8,2025-07-13,Sunday,09:00 PM,00:00,lptop,Series,2,7.7,0
7f0db611-be3e-4d66-a93f-ef3e27fc77e4,2025-07-13,monday,07:08 PM,23:08,TV,Movie,5,,1
73cd4bf5-4e48-4c6f-80dc-ac43d29e4cbd,2025-03-22,Friday,0:50,02:50 AM,,Movie,3,6.7,0
44ca8183-fb4f-4c66-a749-867d3d6309eb,2025-04-27,Friday,12:02 AM,02:02,Mobile,Documentary,2,6.2,0
c5de1c2e-8cc2-4d28-bc80-0abb5ff1a290,2025-05-15,Monday,04:27 AM,06:27,moblie,Series,2,6.8,0
6ca2ca43-fe53-4734-a0e0-86330834f51c,2025-02-15,Tuesday,04:26 AM,06:26 AM,Tablet,Movie,2,4.5,0
2f099274-d813-4b3d-a774-9166a22c5fae,2025-02-23,Sunday,08:41 PM,23:41,Laptop,Series,6,5.7,1
03a0a2fc-4d7b-4b09-a423-dd8960af9e49,,tuesday,09:30 PM,11:30 PM,Tablet,Movie,3,4.3,0
674c1e00-ea99-4095-9d9a-59df99a12a46,2025-02-19,wednesday,07:51 PM,20:51,Mobile,Movie,4,5.6,1
1faa1c86-0100-4e47-894d-2b05863df648,,Tuesday,06:09 PM,07:09 PM,,Documentary,1,5.0,0
ddaca06c-1a57-4b39-abae-18686a00d0db,2025-07-03,Sunday,10:11 PM,23:11,Tablet,Series,3,7.0,0
20de6707-2d31-49d4-85f7-4ecefb605983,2025-02-14,Monday,06:13 PM,20:13,Laptop,Movie,5,4.7,1
e6901a92-4c3d-44d6-8fff-e6525b800fff,2025-07-31,tuesday,07:27 PM,08:27 PM,lptop,Documentary,2,7.6,0
cf2f5d77-6bab-4f52-84a9-8818c3616388,2025-04-12,Saturday,19:24,22:24,Tablet,Documentary,5,4.1,1
12d48138-4b9e-4ec4-abfd-961b61415e54,2025-06-06,Friday,03:01 AM,07:01 AM,TV,Documentary,1,7.3,0
204bce7b-85b2-4485-8c79-249f7c5c8a72,2025-02-05,wednesday,07:14 PM,23:14,moblie,Movie,5,7.8,1
5a4aa8a2-dbf8-401c-a437-d165b8c8fcdc,2025-04-04,Monday,20:03,23:03,TV,Movie,6,6.7,1
a39c8b39-ca1b-4d66-90e6-6d0373fdb876,2025-05-06,Thursday,22:34,02:34,,Documentary,5,6.8,1
52617a08-3e43-4dc6-8618-f74eba283aed,,Friday,06:34 PM,21:34,lptop,Movie,6,7.1,1
096a8e45-5a11-4902-a38d-f7b7445fd102,2025-06-18,Saturday,11:28 PM,01:28,,Documentary,3,7.2,0
1da10ce7-b1cd-4b83-8502-5876282a0c99,2025-04-04,Friday,20:32,23:32,TV,Series,6,7.6,1
f55edeae-9d67-43c1-934b-9261f81d2ab9,2025-02-09,Tuesday,10:40 PM,02:40,TV,Movie,3,5.4,0
eacba9a3-f59b-401e-97df-597d95102707,2025-03-22,Sunday,10:26 PM,01:26,,Movie,5,4.2,1
91c014c8-f3cf-480e-a428-11ecdb245859,2025-03-26,Tuesday,04:40 AM,05:40,moblie,Movie,5,6.5,1
254ede1d-c368-491b-a4a7-c63567b53fe9,2025-07-24,tuesday,19:56,09:56 PM,Mobile,Movie,2,6.4,0
2c01e567-ef4c-4420-be79-cabfe2e8de5f,2025-03-23,wednesday,5:36,06:36,moblie,Series,2,6.6,0
8088e86e-d668-4b75-8bb6-de0d983004ce,,Saturday,07:54 PM,22:54,lptop,Series,2,6.7,0
c414b0f9-9446-4094-a2c2-1f517ed893dc,2025-06-10,Monday,10:24 PM,02:24,,Documentary,1,6.5,0
c8dae4c6-3e83-4e81-8dea-520e01be3426,2025-05-15,Thursday,0:55,01:55,moblie,Movie,1,4.1,0
48292c0d-19f0-4b29-9993-3fdc63364899,2025-02-09,Monday,21:01,00:01,Mobile,Documentary,2,7.2,0
6565e170-5d33-473e-a7ab-2c7f2e74e0d0,2025-03-13,tuesday,06:19 PM,10:19 PM,TV,Movie,2,5.3,0
6d126c66-f0fb-4631-8d1f-573d54888bf3,2025-07-03,Monday,08:32 PM,21:32,TV,Series,4,6.7,1
6202e8a6-6045-42a8-9ad7-ea5196617334,2025-03-22,Thursday,20:10,22:10,moblie,Documentary,5,7.6,1
fdea93ca-36bb-44dc-8282-deb9ceb610c2,2025-06-06,Tuesday,12:19 AM,04:19,,Movie,4,,1
2a83fe6a-b637-4dac-bc18-62b406876381,2025-05-08,Wednesday,11:08 PM,03:08 AM,Mobile,Movie,2,6.1,0
02de635f-05ff-4296-a67c-f09f6ef9f019,2025-05-11,Monday,18:30,10:30 PM,moblie,Movie,6,4.2,1
4a8dcaee-4886-4c66-94a0-88635c7cb764,2025-04-21,Thursday,10:11 PM,00:11,TV,Movie,2,6.3,0
08baa0ed-46b3-40e4-a9bc-44ea9828424c,2025-05-01,Sunday,08:05 PM,23:05,moblie,Documentary,5,,1
34c51fe3-6971-4e8a-a7f2-b5b5f441cbf4,2025-05-09,Saturday,06:44 PM,21:44,TV,Series,6,5.1,1
7caeeaaf-6541-4964-a325-fa5223950a77,2025-06-28,Tuesday,18:05,20:05,lptop,Documentary,6,7.2,1
13795345-0430-4d99-82a6-0ee53e6b5ee0,2025-02-23,Thursday,18:50,20:50,Laptop,Documentary,3,5.7,0
f0f80019-f459-4412-8929-27cbed6ded75,2025-05-26,Saturday,06:06 PM,09:06 PM,moblie,Series,6,5.6,1
fc5222b4-f3b5-4fa0-bd8b-f0a3e4e1246e,2025-07-16,Monday,22:12,11:12 PM,Tablet,Documentary,2,7.6,0
64803760-a1cc-47b4-85d0-c304aaa677ef,2025-03-11,wednesday,18:54,21:54,TV,Series,5,6.8,1
9a0341c9-3f89-45db-9637-44b66362ec20,2025-02-13,Saturday,06:50 PM,07:50 PM,,Series,1,4.7,0
7fb54abc-95f0-4299-ad19-326a1ee9c608,2025-07-25,Sunday,06:01 PM,08:01 PM,Tablet,Series,6,5.9,1
142071e0-47c0-494a-845e-8aa094592de0,2025-02-06,Thursday,05:47 AM,06:47 AM,Mobile,Series,3,4.5,0
fc328e0d-bbcc-48c1-a740-22d30d532e0d,2025-07-29,Sunday,10:29 PM,11:29 PM,TV,Series,1,6.7,0
cc5887d8-2e4f-4614-927b-1aecb9e3cfcf,2025-05-04,Thursday,23:24,03:24,TV,Series,2,4.0,0
0328ab49-7b0b-4046-a1a2-0eb42702cf41,2025-04-21,Friday,10:43 PM,02:43 AM,Tablet,Series,1,7.3,0
7bd57012-b12e-4662-b03e-985f89e1481b,2025-03-01,Friday,22:29,02:29,Tablet,Series,3,6.6,0
f70d0e69-4d7e-487e-81d4-97bbfa39fc04,2025-02-27,Sunday,06:03 PM,10:03 PM,lptop,Movie,5,7.5,1
7431b1d0-4861-4786-9d24-446f1cb3a3f4,2025-03-12,Sunday,23:26,03:26,Laptop,Movie,2,6.3,0
e1735498-8b7a-4c17-b992-6fd6be09f576,2025-03-19,Wednesday,20:08,23:08,lptop,Movie,2,5.2,0
3351faff-52ff-4df2-9543-6c08a9aabe30,,Wednesday,11:22 PM,01:22 AM,TV,Series,4,7.2,1
cf34114f-29a6-4423-b5f4-5641874a16d3,2025-03-25,Monday,06:34 PM,08:34 PM,TV,Documentary,4,6.7,1
cb822fba-28c3-4db7-bc02-b1d5b6b6a89d,2025-05-20,tuesday,20:07,00:07,lptop,Movie,6,6.0,1
c1f0e4ba-3366-4791-b1c6-cdf69a0001a9,2025-06-03,Monday,09:13 PM,11:13 PM,Laptop,Documentary,6,6.5,1
e817e7e1-d3e7-48bb-90d4-b12288b4b90c,2025-07-27,Thursday,18:55,10:55 PM,TV,Movie,6,7.4,1
9ec7f678-378a-4e63-8808-0901ad1ab941,2025-04-06,Tuesday,2:20,05:20 AM,TV,Series,5,5.5,1
cec5699b-dd8f-4d64-9f64-f5c490ab9353,2025-07-07,tuesday,0:38,04:38,Laptop,Series,3,4.1,0
6ee002e8-b8e3-4a47-a407-1d34bf9c19ea,2025-04-27,Sunday,19:48,23:48,Mobile,Series,2,5.5,0
365ea416-4381-4996-8a53-fed55c00d5f1,,Monday,01:19 AM,04:19 AM,Laptop,Movie,1,6.4,0
80ab7fb8-0a76-4f50-bf20-66a8429bc193,2025-04-02,Monday,04:47 AM,07:47,moblie,Movie,3,5.3,0
81aac910-dc24-43c2-a99f-b91ad90028fc,2025-06-21,tuesday,19:19,09:19 PM,,Movie,15,2.6,1
879be20b-0898-4aed-8993-55cf991f2d5f,2025-03-15,Sunday,22:48,01:48 AM,Mobile,Documentary,5,5.2,1
e56cdbb1-7086-4dfa-babf-b7c221e5fc5a,2025-02-22,tuesday,09:23 PM,12:23 AM,,Series,1,,0
875edf0b-d976-4b63-a5d0-f6998a3ade6d,2025-05-29,monday,07:39 PM,10:39 PM,Tablet,Series,6,,1
43a9c9af-4d89-4a17-beda-c88c9f3e1025,2025-07-21,Thursday,18:58,20:58,,Movie,6,7.3,1
6eb1ec55-d58a-4434-a62c-aede23e72eb4,2025-05-14,Sunday,08:46 PM,10:46 PM,TV,Documentary,3,5.5,0
73cc9d7b-6e71-43c1-b41c-3ff3b31b56c6,2025-05-24,Thursday,06:53 PM,10:53 PM,moblie,Documentary,6,7.7,1
425a8d0a-b987-456f-8ecf-178b226e4333,2025-08-03,monday,21:41,01:41,moblie,Movie,1,4.2,0
1a9d73bb-68c0-4ff5-bce3-012aba6d5b18,2025-05-17,Sunday,05:53 AM,08:53 AM,Mobile,Documentary,6,4.9,1
554094ee-e6c4-4e68-ab28-b6506cfc6dca,2025-06-17,Tuesday,11:57 PM,00:57,moblie,Movie,2,7.7,0
b33bfaf0-ed48-4625-b8e9-0c2c68a4cffc,2025-05-30,monday,02:41 AM,06:41,,Documentary,5,6.2,1
dc479a13-1b19-400b-ba6f-8d5fd0424574,2025-03-21,Thursday,10:14 PM,11:14 PM,,Documentary,1,7.9,0
5e583e7e-f4ed-4b25-9c83-c461f536cb6a,2025-05-15,Monday,22:51,12:51 AM,lptop,Series,4,6.7,1
5b20ca5a-f047-49ef-a1ea-2fdcc9ec4c67,2025-05-11,wednesday,08:37 PM,00:37,TV,Documentary,6,7.7,1
73dcfc79-60db-410c-b42f-f1d44ea95ee9,2025-07-17,tuesday,1:48,02:48 AM,Mobile,Series,4,6.0,1
3204dfe4-8c42-4b76-b1a9-381a0059c124,2025-07-30,Sunday,09:30 PM,11:30 PM,lptop,Movie,3,4.4,0
44f22481-2ccb-4042-a64c-f3b761758ef3,2025-04-26,Monday,21:57,01:57,Mobile,Documentary,3,6.2,0
b2c1d54b-3777-4ddf-b1ac-7caab90f6aa7,,tuesday,07:19 PM,23:19,Laptop,Movie,3,5.8,0
e180d9f0-a785-40dc-8078-6256b9057c66,2025-02-18,Saturday,23:44,01:44 AM,Laptop,Series,3,6.6,0
bb2fb732-bc54-48ce-9b0f-6813b2d0228d,2025-02-21,Saturday,04:42 AM,08:42 AM,,Movie,2,5.4,0
bfdb76a5-b8fb-4421-8df6-285ae7f59663,2025-06-12,monday,18:32,08:32 PM,Tablet,Series,6,4.2,1
608bfacf-ef5f-4a2e-bbc6-c5cc8e4ea7a4,2025-07-14,Monday,22:32,02:32 AM,,Series,2,4.6,0
120188df-5a19-4f8d-b6d8-d596b09c5276,2025-05-05,monday,22:23,02:23 AM,Mobile,Movie,1,5.8,0
93755772-773c-49af-87e8-fedda7df2045,2025-06-20,Friday,06:34 PM,09:34 PM,Tablet,Series,1,,0
f187f191-46c8-4276-812d-21ad79c93455,2025-07-28,Saturday,23:00,01:00 AM,Tablet,Documentary,4,5.1,1
1749cf51-70c0-4293-96b0-b93623d5305d,2025-07-17,Monday,23:11,00:11,moblie,Documentary,3,7.6,0
763b5d71-a7c2-4dfb-8a65-7c351e1f082f,,Thursday,09:28 PM,10:28 PM,lptop,Movie,4,6.2,1
e6d2ee55-9beb-46ca-82b1-6f54fcbb5ec9,2025-04-08,Tuesday,22:07,12:07 AM,TV,Documentary,5,4.4,1
acd71fae-b288-431e-8bb6-379652b9d4b6,2025-06-13,Sunday,18:34,08:34 PM,Mobile,Movie,6,5.5,1
4bb0826b-587b-432b-95e0-fab4a513ec4a,,tuesday,22:32,11:32 PM,moblie,Documentary,1,5.5,0
2c2bb914-ba6c-4c2c-9d9c-6feeb1c83524,2025-03-24,Wednesday,22:59,23:59,Laptop,Series,2,,0
9eb68cc1-067b-419a-8ad7-8d66ab8c26aa,2025-02-11,Tuesday,11:23 PM,12:23 AM,lptop,Movie,2,7.7,0
e1939c9c-894e-4840-bd15-2b8ac3c4181b,2025-05-31,wednesday,3:33,07:33 AM,,Series,6,5.7,1
0bdec2b7-58aa-4d0b-a954-3baebc1961cf,2025-02-13,Tuesday,09:54 PM,12:54 AM,lptop,Movie,6,6.1,1
61cb3694-95bf-4df5-a3b9-eaaadc503581,2025-02-10,Sunday,09:54 PM,23:54,Mobile,Documentary,2,5.0,0
b8f7ee88-a279-4f31-9d45-75e41ad7c3eb,2025-03-11,Sunday,23:59,01:59,Tablet,Series,2,4.4,0
1331f63f-46f0-4ef2-826d-f0688a88963b,2025-07-03,tuesday,23:05,03:05,Mobile,Documentary,3,6.5,0
a8ba309d-0954-4d8e-8b04-f2469c9f5696,2025-03-22,Saturday,07:50 PM,23:50,Tablet,Series,1,6.9,0
1e358bec-5feb-4f1b-bce1-15f5411765fc,2025-07-19,Friday,03:41 AM,05:41 AM,TV,Documentary,3,6.5,0
bbcc1e7e-5a27-4295-b9a2-ac71a575bfc0,2025-02-19,tuesday,05:30 AM,09:30 AM,moblie,Documentary,1,5.2,0
07660430-49b5-42c5-88ae-5eee0edaf79f,2025-04-13,monday,0:34,03:34,,Documentary,2,,0
e926ea6c-a5a4-4da6-9100-9267b5375af6,2025-03-19,Monday,09:02 PM,12:02 AM,Laptop,Documentary,5,4.7,1
e629ec82-3b7a-4b6e-8e8f-03c8e5585658,2025-02-21,tuesday,22:55,02:55 AM,Tablet,Documentary,4,,1
691718a3-748d-433f-87a2-c5fbcbb6ce7e,2025-06-23,Wednesday,21:58,00:58,TV,Series,4,6.0,1
ed2c72c4-bba2-4a1a-8326-79689377b1d1,2025-04-05,Sunday,22:13,01:13,TV,Series,1,5.1,0
4cff895f-0d4a-4a94-b2c9-5c7a145d727e,2025-04-26,wednesday,19:51,21:51,Laptop,Documentary,5,5.6,1
aefa69cc-7b1f-49ab-b6a6-ca0ac75818e9,2025-06-19,Sunday,11:16 PM,03:16,moblie,Series,2,4.7,0
1c13f25f-9a26-47f1-90c7-fd17bd5ac9e3,2025-02-18,Monday,23:45,01:45 AM,Mobile,Movie,6,5.7,1
ee0e9715-0e83-4723-9ea1-cdfa822a09c6,2025-02-11,Friday,08:51 PM,00:51,,Series,3,6.1,0
aee4ce22-1ecb-4358-a12e-a411aa1f53f8,2025-03-24,Tuesday,09:14 PM,23:14,,Series,6,4.3,1
9b4954ba-ea8a-4083-9dbb-70731f5dc25b,2025-07-25,Wednesday,08:50 PM,21:50,Mobile,Movie,5,4.3,1
e92f3249-100b-402d-a73e-8e9ab305c210,2025-06-27,Thursday,07:08 PM,22:08,moblie,Documentary,1,4.7,0
1f4328f2-ce42-4cc4-8f2d-2cf905dc10c6,2025-03-21,Monday,23:41,02:41 AM,Tablet,Series,4,7.0,1
36179f6c-878e-49a1-8405-06f053226b2a,2025-07-04,monday,23:38,01:38 AM,Mobile,Documentary,1,7.6,0
3d1592ae-4f40-41e5-9997-1e10d6dce198,2025-05-10,Wednesday,10:14 PM,01:14,Mobile,Series,3,4.6,0
63743eec-525f-4633-a92d-d3b836d05f4c,2025-04-27,monday,05:01 AM,06:01,,Documentary,4,7.5,1
6f237899-28fc-49b0-bc4d-e5027da4dd28,2025-02-10,Monday,20:21,22:21,Laptop,Series,5,5.7,1
cfb768ad-97df-42f4-8b4f-b78d2428ad4d,2025-05-22,Tuesday,09:54 PM,11:54 PM,moblie,Documentary,3,4.4,0
1b4b211d-b425-451a-94f2-b4bd6226ad20,2025-07-01,wednesday,23:02,00:02,lptop,Movie,4,,1
73ab28b8-c091-435d-83a4-1617c07522d5,2025-04-18,Saturday,1:54,03:54,,Movie,1,4.9,0
2eb959d4-2dc9-4329-b0a0-903e69c47856,2025-04-28,monday,12:38 AM,02:38 AM,Mobile,Movie,2,5.6,0
6f66730a-252c-48bc-85b5-3362c6a29f81,2025-04-17,monday,5:33,08:33,Mobile,Movie,2,5.0,0
bca7bf42-7033-4df9-a0a3-177d8c7c01d0,2025-08-06,Saturday,07:29 PM,09:29 PM,lptop,Series,2,5.9,0
c7a0ef32-2c86-40a2-bc31-3e7e7503a2a3,2025-03-26,monday,21:08,22:08,lptop,Documentary,3,4.4,0
e751317c-b0c9-42ba-8ee8-db7d1612516d,2025-04-06,Monday,07:16 PM,10:16 PM,Tablet,Movie,1,5.8,0
123dea79-ec1c-4214-a8da-471cc7bbc88f,2025-08-03,Friday,09:56 PM,01:56 AM,Tablet,Movie,3,4.3,0
55ad32ba-6d7b-43be-ab53-6b658def6dcd,2025-06-28,Thursday,06:20 PM,07:20 PM,Laptop,Movie,5,4.1,1
30d22130-06be-4278-8c24-b3b4a014d1cf,2025-03-14,tuesday,1:03,04:03 AM,lptop,Movie,3,7.3,0
9c800085-b2c9-4c70-9f61-02ff9a68f499,2025-03-27,monday,01:07 AM,03:07 AM,moblie,Movie,3,5.9,0
86315bd4-e695-4801-b91f-fe78ab2dfeb9,2025-02-19,Wednesday,18:30,20:30,,Documentary,4,4.8,1
dbae79a5-0d79-4e3b-a026-4e623605b0da,2025-04-09,Wednesday,05:25 AM,07:25 AM,moblie,Series,1,4.8,0
e0eebf9e-8436-4fcc-ab27-da6b13a12fcc,2025-04-28,Friday,09:03 PM,22:03,Mobile,Documentary,2,6.5,0
431480a2-e112-43ec-b382-3b1dc2beaa51,2025-02-26,Thursday,01:50 AM,03:50 AM,moblie,Series,2,6.9,0
72745013-a985-49c6-879c-fb30d7489b15,2025-06-06,Sunday,19:32,08:32 PM,Tablet,Movie,2,5.8,0
569f8e5f-744b-4279-b10e-e81a3abe96f1,2025-03-25,Friday,0:41,01:41 AM,moblie,Documentary,2,5.7,0
62c7a007-7fdf-4b26-8169-443c70ee5689,2025-05-12,Wednesday,19:24,10:24 PM,Tablet,Documentary,2,4.9,0
75c4a8a5-1bfe-4d8f-ad96-b602f10726c1,2025-05-13,wednesday,11:19 PM,01:19,Tablet,Series,1,5.1,0
ccf0ccd0-7dcd-4678-9e99-0098baf2372b,2025-02-21,monday,22:28,00:28,moblie,Movie,1,5.5,0
59494ed8-87ae-4bec-addb-957d3fbc313b,,tuesday,19:34,22:34,lptop,Movie,5,8.0,1
193638d6-8afa-4918-8acb-860a67645314,,Tuesday,11:34 PM,00:34,Tablet,Movie,2,6.3,0
3790c9d7-9e94-44b8-927d-a2e50649ea3e,2025-05-21,Friday,22:46,12:46 AM,Mobile,Documentary,3,4.9,0
8249e12f-3b52-4db5-a218-c316bc06e83d,2025-04-28,Saturday,19:11,22:11,TV,Series,5,7.8,1
f9a0161a-9e98-485b-b8ba-c09dc5ddb112,2025-03-31,Wednesday,10:48 PM,01:48 AM,lptop,Movie,5,4.7,1
fb30a9c9-ebeb-40b6-b1e6-d1cb14f5fb26,2025-02-21,Friday,21:27,23:27,Tablet,Movie,2,7.5,0
fa7688d8-66a8-4d40-95ec-43343d819049,2025-07-15,monday,19:22,22:22,Mobile,Series,3,,0
4a1b09c1-800c-4c5b-a946-d2fa411fb2c8,2025-02-28,Saturday,20:03,09:03 PM,TV,Series,1,7.7,0
b45c945f-4d85-45d7-927a-93a71647ea42,2025-04-17,Monday,06:21 PM,21:21,Mobile,Movie,2,4.4,0
c5b0fe0d-c768-4e74-ac7f-8d4a035b20b1,2025-08-04,monday,2:25,04:25 AM,TV,Movie,4,5.4,1
cccbc50c-316b-45c4-bb34-6d0e742cbe42,,Sunday,23:58,00:58,Mobile,Movie,2,7.2,0
8ac40f8e-b261-43e7-a472-07f3fd7a1460,2025-06-16,Saturday,19:30,21:30,Mobile,Documentary,1,4.3,0
275e262a-7a44-49bd-abd5-16db2b287e41,2025-03-09,Sunday,09:19 PM,11:19 PM,TV,Documentary,3,7.7,0
ac8190a4-f49a-43ff-aa32-64c03a4fbff4,2025-05-05,Thursday,06:30 PM,09:30 PM,,Movie,4,,1
21d61af2-9aa1-4a67-b0c2-953db7a95fbc,2025-05-06,Wednesday,23:02,12:02 AM,moblie,Movie,3,7.3,0
2fd2532b-28c6-4af0-9f6c-c0bb003ff321,2025-02-11,wednesday,09:50 PM,01:50,Mobile,Series,2,6.9,0
c3020d84-3170-4563-b3e9-eb20719625d8,2025-05-23,Friday,10:47 PM,01:47,,Series,6,,1
52143b60-00d8-48b4-aba1-245bb9fd0b35,2025-02-23,Saturday,05:06 AM,09:06 AM,moblie,Movie,2,5.1,0
d4d68d10-8ba1-4c7d-b786-63409394dfeb,2025-07-14,Friday,10:31 PM,11:31 PM,Laptop,Series,5,4.6,1
83e904be-4197-4e84-9029-1e409f7cec77,2025-02-17,Wednesday,18:01,07:01 PM,TV,Movie,2,7.0,0
acd13171-5d92-48e2-ae30-a793156819cb,2025-02-17,Thursday,18:43,09:43 PM,TV,Movie,2,6.5,0
d3abc156-44da-4434-9a5a-cdf96e24ce0a,2025-03-13,Saturday,23:23,03:23 AM,Mobile,Series,1,4.6,0
5172d6c3-3b17-437d-9a8e-491b21b66098,2025-02-24,monday,20:54,22:54,moblie,Series,4,4.2,1
98b50e87-9d3b-4210-9a21-e5585094565c,2025-06-26,monday,19:22,10:22 PM,Mobile,Movie,2,6.5,0
97a62c4c-d997-47b4-a6ac-edfabed43d09,2025-06-25,tuesday,23:42,00:42,moblie,Series,3,4.0,0
2daa46ff-0a77-4334-9ce8-ab12950e0e4f,2025-07-03,Thursday,10:20 PM,12:20 AM,Mobile,Documentary,6,7.3,1
fbb14d06-8d08-44fc-a532-8b358f7bb07c,2025-05-20,Saturday,22:53,02:53,TV,Documentary,2,4.6,0
980b46ac-f2e3-41fe-a6ac-acae228a6c90,2025-03-13,wednesday,02:01 AM,04:01 AM,Tablet,Movie,5,6.6,1
bece07fe-64a9-4b8f-90f1-503e927bd532,2025-05-12,Friday,07:17 PM,21:17,lptop,Series,1,,0
5cccc507-0b8e-422b-9ee0-1afd5aeebaeb,2025-06-25,Sunday,10:11 PM,02:11 AM,Laptop,Movie,2,4.1,0
4616c695-82c2-48d3-ba93-38f4443ee22b,2025-04-15,Tuesday,22:43,01:43 AM,Mobile,Documentary,1,7.7,0
2803e26d-5f5b-4ab5-b23d-1f5e494e8207,2025-05-05,monday,05:55 AM,07:55,Tablet,Series,6,5.0,1
6c1247de-daaa-4d25-a7d0-947c33412ec2,2025-07-06,Monday,19:34,22:34,Tablet,Documentary,3,5.9,0
6b2e32d2-098e-42bd-9131-05e7d106e457,2025-04-23,Tuesday,08:15 PM,12:15 AM,Tablet,Movie,5,6.3,1
c709f988-1116-41f3-adb0-c700c34b3106,2025-07-24,Sunday,20:50,23:50,TV,Movie,3,4.5,0
649b5ccc-8119-4551-a1e4-c88bb63c69f0,2025-07-18,tuesday,04:12 AM,05:12 AM,moblie,Documentary,5,,1
b0a0aa71-c739-4d06-b032-9ab9a4c2f988,2025-03-20,Tuesday,06:41 PM,07:41 PM,moblie,Movie,1,6.8,0
22c5663f-2335-41ef-800e-82f7fdac5062,,Monday,05:15 AM,08:15,lptop,Documentary,2,6.7,0
530b3348-2e30-4e2e-9a9c-635c9f130a6f,2025-02-11,Monday,10:17 PM,23:17,Laptop,Movie,4,6.2,1
1b578e23-bec1-4f5f-b127-6deb15d8fb4c,2025-03-12,Thursday,07:44 PM,11:44 PM,Mobile,Documentary,6,7.3,1
3eaaafeb-6160-4e5c-ad05-86821cbfd0cd,2025-03-04,monday,1:58,03:58,lptop,Movie,1,6.9,0
8726a234-4772-48f2-8b6d-a8f4909ac8ca,2025-04-17,Saturday,18:57,22:57,Mobile,Documentary,5,7.4,1
0cdc72c3-f48a-4ed2-b9f2-cc041f1dfded,2025-05-26,wednesday,23:25,01:25 AM,,Documentary,3,5.1,0
918b1609-996d-4b5e-94eb-614f5248340d,2025-03-29,wednesday,12:51 AM,04:51,Laptop,Series,5,4.1,1
c6fcb293-0eb0-432a-b440-673b1af7c7de,2025-03-22,Thursday,18:14,19:14,Tablet,Documentary,1,4.4,0
54c37b77-649b-4fa8-b8e8-e5a423d102d6,2025-06-20,wednesday,22:27,02:27,moblie,Series,1,5.4,0
2e178994-7474-4bfb-a4c0-555f3afa9d7d,2025-06-21,Tuesday,09:35 PM,11:35 PM,,Series,2,4.4,0
3ca1300e-8902-4598-bf83-6f4c0ef51565,2025-03-18,Thursday,10:48 PM,01:48 AM,lptop,Documentary,1,6.7,0
70a56862-e6c8-4802-ab1b-37c5525a6b1c,2025-06-08,monday,20:42,11:42 PM,Mobile,Series,5,4.5,1
d34d0e03-f55b-4b92-a6c0-55b5f0aeb53d,2025-02-23,wednesday,23:45,03:45 AM,moblie,Movie,6,5.8,1
25760b96-c061-470d-9f3e-429ee813b674,2025-04-09,tuesday,2:36,04:36,moblie,Series,1,4.5,0
115b0165-9820-4a76-9cc2-6ad623ca6e7e,2025-04-06,Friday,21:37,01:37,lptop,Documentary,5,5.5,1
89b9ed79-c309-4bc0-b3b7-e6997e8c1bb2,2025-03-21,Tuesday,06:20 PM,09:20 PM,,Documentary,5,7.8,1
fe76e17d-cf83-4432-9928-cc5797871bca,2025-03-03,wednesday,09:54 PM,00:54,lptop,Movie,1,4.3,0
c7776d1a-095f-4262-800f-7ceb5db1678a,2025-03-01,Sunday,11:24 PM,01:24 AM,Laptop,Movie,5,5.1,1
2b870951-44bb-40f5-8709-bd31a8b760c0,2025-04-27,Tuesday,2:45,06:45,Laptop,Movie,1,4.5,0
23b5f25c-8674-4324-9e62-0a96938b3677,2025-06-30,Saturday,23:30,02:30 AM,Mobile,Series,1,7.8,0
38f3e671-f4fa-4e7f-98fa-77a09571be5a,2025-07-17,Wednesday,07:28 PM,23:28,moblie,Series,5,5.6,1
454331e0-232d-495b-905e-2f38b5641147,2025-03-12,monday,10:03 PM,02:03 AM,moblie,Series,3,7.2,0
28e1b3df-fc23-41f0-a507-eeb60e3f2b06,2025-07-24,monday,23:58,12:58 AM,TV,Documentary,3,4.9,0
52317cf6-8755-4a1d-888d-741a70d8ea96,2025-04-22,tuesday,11:23 PM,02:23,lptop,Documentary,1,6.4,0
2741e921-8007-4359-b9d2-ad08adb7fb02,2025-03-25,wednesday,09:44 PM,12:44 AM,Laptop,Series,6,5.2,1
a4df50ee-fd62-45d2-8f09-483574333759,2025-03-24,Monday,07:08 PM,23:08,Mobile,Documentary,3,4.1,0
344a6687-2f00-49d1-8d38-b34ba01858a8,2025-06-08,wednesday,01:02 AM,02:02,,Movie,4,5.8,1
130b46c6-f45a-4545-b334-e957fc24b585,2025-07-23,Sunday,01:47 AM,03:47 AM,Tablet,Movie,1,7.2,0
4d53d8fe-8e88-492b-a828-ea2b9cbb5bc0,2025-07-31,Sunday,18:13,20:13,moblie,Movie,5,4.6,1
8a5c32f4-3e60-4dfc-be21-78ff3186ac5b,2025-02-23,Wednesday,10:54 PM,02:54,Mobile,Series,5,6.7,1
5469dda2-c2fe-4e97-acfa-e48aaade91dd,2025-02-06,monday,18:59,09:59 PM,Mobile,Documentary,6,4.1,1
6d22f209-1758-4734-be84-044b43f3fc13,2025-05-15,Thursday,4:58,05:58 AM,moblie,Movie,2,5.7,0
83c0c542-0366-4685-b2c4-7f32bd280cdf,2025-03-06,Tuesday,11:18 PM,03:18,Tablet,Series,2,5.6,0
2ecb7aba-b425-4bb5-9767-b9116adf7fc0,2025-08-02,Wednesday,12:06 AM,03:06,,Movie,1,4.4,0
4f0a2393-ba7c-4f2c-b0aa-cb1ae8b7330a,2025-03-31,Wednesday,19:56,22:56,Tablet,Series,5,6.2,1
ce5dbea6-2693-45b7-b5fb-5b31dc851c90,,Saturday,05:41 AM,06:41 AM,Mobile,Series,4,7.9,1
a74dc7d7-0b8d-4192-8b38-53d201df892e,2025-07-29,Thursday,20:20,22:20,moblie,Movie,6,6.3,1
496f1721-59cb-4844-b19f-dc8d1e16c479,2025-04-17,monday,19:30,08:30 PM,lptop,Series,4,5.4,1
eee5f2c6-28ac-41c2-9ab6-16672aaee167,2025-04-27,Wednesday,08:20 PM,21:20,Laptop,Documentary,1,7.3,0
0bbe45cc-01ab-422e-b1f3-389ee98f96d2,2025-03-20,Thursday,5:13,06:13 AM,Mobile,Movie,3,6.5,0
9e7d27a5-d595-45b3-9921-36d9130f6465,2025-04-04,Friday,09:05 PM,10:05 PM,lptop,Movie,6,4.7,1
a0acfb9e-fdbc-445f-95d0-e9ed436533a0,2025-03-30,Thursday,10:26 PM,00:26,Mobile,Movie,1,4.9,0
b7980262-2fbd-4350-92fe-d125bf47b313,2025-06-24,Monday,0:37,03:37 AM,TV,Documentary,3,7.7,0
078fffd6-fdee-45ac-a1a2-e54f8af48788,2025-05-11,Saturday,11:37 PM,01:37,Tablet,Series,1,4.1,0
2c9ff104-07d9-4ffc-97eb-ce6c9b32e12a,2025-06-09,monday,18:49,07:49 PM,lptop,Series,2,5.3,0
0244b682-e909-4175-ba0e-298666f3bab8,2025-05-11,wednesday,20:37,12:37 AM,,Movie,6,6.8,1
df018365-7396-4349-aaff-361868e3d619,2025-03-06,Monday,1:22,03:22 AM,Tablet,Series,1,,0
f097f080-d072-4ceb-b422-d85a7720510e,2025-04-01,Saturday,11:19 PM,03:19 AM,moblie,Documentary,6,6.5,1
8165f4c9-4f5a-4f2e-95f2-497200f67937,2025-03-28,Monday,09:02 PM,22:02,Laptop,Documentary,3,7.4,0
5a647bb4-0e69-45b4-9d43-c1b07d09ec07,2025-02-12,Friday,03:43 AM,07:43,Laptop,Movie,1,6.8,0
48403b0a-09ba-40a6-945f-1f4446eca5d1,2025-02-14,Tuesday,09:06 PM,11:06 PM,,Series,3,7.4,0
f38a3d55-06f2-4950-a482-5d93026d9822,2025-06-12,Saturday,1:10,04:10,Tablet,Movie,1,8.0,0
2e808d61-e960-4de4-8702-85ab071a1ac0,2025-07-22,monday,1:37,02:37 AM,,Documentary,2,7.2,0
d6dc6580-b54f-45ed-9cb4-80917349e925,2025-05-24,tuesday,20:08,00:08,Mobile,Documentary,4,5.9,1
ad9191aa-a0ae-4850-96ca-7293a99574a9,2025-03-08,Thursday,1:49,04:49 AM,,Series,3,7.6,0
6cfdcfe6-965d-4045-9b9f-f1319a0cb3ed,,Wednesday,10:24 PM,02:24,,Movie,6,4.1,1
cdd23aa7-f1d7-431a-994f-d35f2d838b70,2025-06-29,tuesday,23:49,03:49,Mobile,Documentary,3,5.1,0
388a5f15-de8b-42ad-b549-b3d692179973,2025-06-09,tuesday,21:40,01:40,TV,Documentary,6,6.5,1
17d031a5-09b3-4dc8-a9fd-09ebbcac6e46,2025-05-18,wednesday,3:43,04:43,Tablet,Documentary,4,8.0,1
e8034203-fa0d-4635-860d-6488ee83c189,2025-03-29,Friday,21:13,01:13,Mobile,Documentary,1,7.4,0
8fc3493a-00f4-44d7-b631-da3eb114e69a,2025-07-17,Sunday,20:01,00:01,moblie,Series,3,6.9,0
3fe83739-d196-4cd2-a2c8-20c9e77fe48d,,Friday,18:36,10:36 PM,moblie,Series,4,5.3,1
6385a5e1-c49f-4679-aa2c-4a9821e05723,2025-02-16,wednesday,02:43 AM,03:43 AM,,Movie,3,7.8,0
f294d40c-eaeb-412d-8939-f1c17f2ad267,2025-02-27,Tuesday,20:20,00:20,TV,Movie,4,6.6,1
2ac4efed-73d4-4310-af3c-abb42c865ed2,2025-06-14,Sunday,5:17,07:17,Laptop,Movie,1,4.1,0
c84a86c2-3dee-407c-9d1e-4b0fa1bef8a3,2025-04-06,Wednesday,10:21 PM,02:21 AM,,Documentary,6,7.4,1
fe79dff0-5ab1-48d4-bc47-3227f6d0222a,2025-07-01,Saturday,20:34,10:34 PM,lptop,Series,2,5.0,0
354b4a6c-1c59-4256-a7b9-95e4677bf8ba,2025-04-25,Saturday,05:21 AM,06:21,Laptop,Documentary,4,7.5,1
a17e1ed3-73e8-41ec-b11a-008efc5bc455,2025-03-22,Wednesday,21:59,12:59 AM,TV,Series,3,6.2,0
d1cf92ab-0617-4f28-9b79-8d7ddd91fb67,2025-04-02,tuesday,23:23,12:23 AM,moblie,Documentary,6,6.4,1
fae20874-062f-4650-963e-a169c3cf1310,,Monday,3:43,04:43 AM,Laptop,Documentary,5,5.0,1
1dd68d31-0416-49e6-9498-6e66d82f6c28,2025-07-04,Saturday,18:20,07:20 PM,lptop,Documentary,6,7.6,1
80786eab-56a1-4800-9a7c-5aa343346760,2025-06-29,Monday,18:51,20:51,moblie,Movie,6,7.6,1
e09c316a-1b60-46e6-8e23-b7bbdbc4d54f,2025-07-17,Monday,10:44 PM,12:44 AM,TV,Documentary,2,5.2,0
dcd2dd39-e81f-429e-9bda-6559c585a2f5,2025-05-06,Wednesday,01:23 AM,02:23,Laptop,Movie,6,4.5,1
aa46636f-a4db-46c7-aeea-b638717091d0,2025-06-25,Wednesday,20:08,10:08 PM,Tablet,Series,5,6.2,1
f77ae18e-6321-4c15-ad42-7898f70005dc,2025-08-04,Saturday,18:00,21:00,,Movie,4,6.4,1
727e9507-e076-489d-8b3c-3c3fdb6e6ab3,2025-04-29,tuesday,09:09 PM,10:09 PM,Laptop,Movie,2,6.0,0
f3fa31fb-8b22-41c3-a267-3b7a46a528b8,2025-06-01,Sunday,01:23 AM,03:23 AM,,Series,1,5.5,0
7d0b3f5d-14b7-4e48-9e39-a4b4faf6de10,2025-04-21,Friday,21:24,10:24 PM,Laptop,Movie,2,6.0,0
ee92fcae-934e-4d59-8ea4-765298394250,2025-03-10,Monday,19:09,22:09,Laptop,Documentary,4,5.9,1
01b3d78b-36dd-4079-b508-b618da928f30,2025-07-02,Saturday,09:56 PM,11:56 PM,,Documentary,6,,1
c71847d8-0a6f-4d71-89e2-7b4fd9e1d1b3,2025-02-06,Thursday,04:18 AM,06:18,lptop,Series,2,5.9,0
d0125ced-71c4-45c0-b292-96f94f057f79,2025-04-21,wednesday,07:03 PM,22:03,Tablet,Series,4,6.4,1
5ff5d5b6-3b58-48da-8202-1ef83e75a588,2025-04-19,Monday,19:48,08:48 PM,Mobile,Documentary,1,4.1,0
e13f7f9a-d73d-4363-9cad-05094080b6f6,2025-04-20,wednesday,09:08 PM,11:08 PM,Mobile,Series,1,5.6,0
c96cd73d-b1a8-4d76-9fe5-42548a62eda4,2025-06-07,Tuesday,10:41 PM,01:41,Mobile,Documentary,6,7.0,1
6dc7a53f-cef0-47d7-bcea-cc0815500ddb,2025-07-14,Monday,20:31,09:31 PM,TV,Series,1,6.8,0
ccd55f1a-318f-438e-9911-3de6e9e41b4a,2025-02-15,Saturday,11:57 PM,01:57,Tablet,Series,4,4.7,1
2a0956f4-b81b-455f-8042-dcd13c560c5d,2025-05-27,monday,23:58,00:58,Tablet,Movie,2,5.8,0
ae55f046-94c5-4dc4-b69d-ce4ce967aacd,2025-05-08,Thursday,0:29,03:29,Tablet,Movie,6,6.7,1
ebe22b29-62ab-463e-ab58-221552de66f2,2025-05-14,Saturday,09:33 PM,12:33 AM,lptop,Series,5,7.4,1
47ac92a9-1a6e-4d83-ada3-60dd4e1542ad,2025-02-16,Wednesday,09:42 PM,01:42,Laptop,Documentary,4,,1
667d5e3b-741c-4e1e-90c5-9e210ad84030,2025-05-11,Wednesday,08:14 PM,22:14,Mobile,Documentary,6,7.4,1
cb7e16c7-aeea-484f-a423-d965ebbc8666,2025-04-30,wednesday,18:57,21:57,,Movie,4,7.5,1
26912065-df6c-4164-b6e8-ec48e4be4ce6,2025-06-16,Saturday,07:28 PM,10:28 PM,lptop,Series,1,6.0,0
95ee28f9-2300-42c4-a430-65ae812b83ea,2025-03-18,Sunday,4:58,08:58 AM,moblie,Movie,1,6.4,0
b6d5eb88-3b7f-436e-9018-b5cbc23b8090,2025-03-31,Saturday,05:58 AM,09:58,Laptop,Documentary,3,5.8,0
00b37752-682a-42dd-a280-302a97d8bf2a,2025-07-05,Monday,18:05,22:05,lptop,Series,6,4.4,1
1d54af95-814f-4253-bf38-7fadf3e04e98,2025-03-04,wednesday,18:45,22:45,moblie,Movie,3,,0
c07b05da-09fd-4ec6-90ae-ad6f3080a983,2025-04-22,Sunday,12:43 AM,01:43,Tablet,Series,2,6.7,0
db76949f-3fc8-47ea-ac0b-ce3a0a416f71,2025-03-09,Tuesday,11:23 PM,01:23 AM,moblie,Documentary,4,5.8,1
71347c9d-e68e-4519-a1c6-d9e7e7a97cf1,2025-04-24,monday,07:47 PM,10:47 PM,TV,Documentary,4,6.0,1
5f19907b-26d2-4495-9433-df6ec8b2087f,2025-05-06,Tuesday,18:20,09:20 PM,moblie,Documentary,1,6.9,0
e6ce5dae-fa69-4b43-919a-9d123dd41b8d,2025-06-03,Monday,12:32 AM,01:32 AM,,Documentary,5,4.2,1
cd803ae0-8a6b-45da-95eb-97958a2bbecf,2025-05-01,wednesday,10:30 PM,02:30,Tablet,Documentary,4,5.6,1
fbfc46db-512d-4cf8-b63d-e189b21a03a9,2025-05-20,Monday,18:44,08:44 PM,,Series,2,6.6,0
120c32f3-fce2-41b8-8cf1-e844ab5a18a5,2025-05-28,Friday,11:04 PM,02:04,lptop,Documentary,5,8.0,1
4b3441a9-85e5-4e43-aeee-85f216d4698b,2025-03-25,wednesday,3:58,05:58,Mobile,Series,4,7.6,1
6ac024c3-ad75-4f68-bff9-4f85327db7ea,2025-05-03,Monday,09:34 PM,23:34,Mobile,Documentary,4,,1
64b1a275-f2d7-48f6-b696-41bc17b23722,2025-04-17,Sunday,09:54 PM,22:54,Mobile,Documentary,5,4.4,1
8122cfff-2bba-41f6-b537-aa08d43fb247,2025-03-04,monday,20:11,22:11,Mobile,Series,6,6.1,1
793c4a5e-46a4-42bb-aa86-5d0611ff40db,2025-02-20,Monday,01:59 AM,04:59,Mobile,Documentary,1,4.8,0
f8791d91-b3da-482e-9a7c-d9e0e3be3a6f,2025-05-17,tuesday,21:33,11:33 PM,moblie,Series,2,6.3,0
f0a3f353-5778-44b8-a2ea-982730fe6e7d,2025-07-12,Saturday,06:53 PM,09:53 PM,Mobile,Series,4,6.8,1
bffe2a0c-06db-4794-b1a4-efa5b86280ef,2025-07-14,Tuesday,08:53 PM,10:53 PM,Mobile,Movie,6,6.1,1
0478bbc8-6c37-4597-815c-ca4465df9679,,Friday,21:15,22:15,Mobile,Movie,3,4.4,0
a167a444-48c3-4184-ab18-a4d35441d787,2025-02-06,wednesday,20:24,23:24,lptop,Movie,4,5.1,1
981c983e-8c89-4a67-a53c-c9c93728bdb0,2025-06-04,Friday,20:49,23:49,Mobile,Documentary,4,,1
4befabff-e13d-410d-ba94-447f59bc27ce,2025-06-07,Wednesday,04:53 AM,05:53,lptop,Series,1,7.6,0
1c4d19a0-d6eb-4874-9ff5-1ad72a362aeb,2025-04-24,Sunday,11:03 PM,03:03,moblie,Series,1,5.1,0
0e43896f-ea23-48ac-b0e1-ae360b0a12ee,2025-05-22,Saturday,4:31,06:31,Tablet,Movie,3,5.1,0
2fd84a80-aa06-4b4d-9730-53a6cacfae8e,2025-04-16,Thursday,12:28 AM,04:28 AM,lptop,Movie,3,4.9,0
a2d99998-4df1-4efb-a231-5f87ebd9edde,2025-05-06,tuesday,18:26,10:26 PM,TV,Movie,6,6.4,1
26219163-016e-4239-9bf3-5f621bef10d3,2025-03-18,wednesday,19:03,10:03 PM,moblie,Documentary,4,7.0,1
412fe436-224e-4b64-8be6-89bf44bd548e,2025-03-10,Saturday,21:51,00:51,Tablet,Series,5,6.0,1
550d78d5-0eeb-4452-aa34-97e70f779f1d,2025-02-14,monday,08:28 PM,09:28 PM,TV,Documentary,6,5.9,1
a9153086-8bf4-4c81-afbe-874c580374f0,2025-07-08,Tuesday,21:52,00:52,TV,Movie,5,5.2,1
8ed206bb-27e8-4eb0-a157-7d73ceca243d,2025-07-07,Thursday,08:57 PM,21:57,lptop,Movie,2,,0
c81b61f0-7864-48d0-b3af-068b489d680d,2025-07-02,tuesday,19:24,20:24,,Documentary,3,7.4,0
e2bf4abf-80af-4082-8c78-1ab2bbe1a9bd,,monday,09:58 PM,11:58 PM,Mobile,Series,4,6.4,1
7273cdbb-6897-4d85-80eb-a162f55b9efe,2025-02-23,Monday,19:23,09:23 PM,Laptop,Movie,2,6.3,0
f1d190c8-29f4-4ff4-a651-4190b3e6a855,2025-07-21,monday,08:48 PM,12:48 AM,,Documentary,1,7.4,0
5fadc6f7-66c6-44ea-9c48-7d92fbd0ffc3,2025-04-01,Sunday,10:03 PM,23:03,,Documentary,4,7.4,1
c0bd88f1-3710-41e0-90a5-045562f54493,2025-03-11,Thursday,21:14,00:14,,Movie,1,7.2,0
4ec20e1a-8637-4b15-9429-9a23a38d77cf,2025-03-28,Friday,23:59,02:59 AM,Laptop,Documentary,3,5.4,0
0977cedc-64c1-4bbd-bbde-a6a4fad8bac9,2025-03-25,Wednesday,23:10,02:10 AM,lptop,Movie,4,4.0,1
886ad86f-2432-40f3-9704-5d2919feadcc,,Monday,06:49 PM,19:49,TV,Movie,6,,1
6a1c9ced-0b98-4314-8728-0129995e023e,2025-03-04,monday,18:44,10:44 PM,moblie,Series,2,5.8,0
91cd76a3-c4bc-4670-8f60-c6467e504ecb,2025-02-07,monday,06:27 PM,20:27,moblie,Documentary,4,6.0,1
950dd2c1-1c9e-43b1-9e85-26ca2a27da7d,2025-07-17,Tuesday,09:18 PM,10:18 PM,,Movie,2,7.8,0
9c050698-9373-48d8-b622-44075975e737,2025-06-29,tuesday,22:34,01:34,moblie,Documentary,2,7.9,0
bf7b2063-39c8-497e-9a4b-bd647726f377,,Saturday,20:46,12:46 AM,lptop,Movie,2,7.5,0
daf9e98a-7480-44ed-9e00-334e08a3d7c9,,Monday,07:57 PM,08:57 PM,lptop,Series,1,6.6,0
11412c29-b34a-480f-a549-3a9b0938a003,2025-08-06,Monday,23:08,01:08 AM,Tablet,Movie,1,6.9,0
62ccfd3c-3894-4026-ac34-6a57d6bb639f,2025-07-30,tuesday,06:20 PM,20:20,Mobile,Series,5,4.4,1
4b188e1c-0e08-44b4-8ceb-0ab0d2c5813d,2025-03-06,tuesday,23:59,03:59,Mobile,Movie,4,6.9,1
0a2006f1-d9e2-4f2d-a3c1-af07e054e9ac,2025-02-20,Thursday,23:22,03:22 AM,moblie,Documentary,5,4.8,1
31e126bd-00ea-4fd0-83c4-37f81692c58c,2025-05-09,Friday,19:20,22:20,Mobile,Series,3,5.7,0
eec26dfa-9677-4c02-aa6d-0808cf6b747d,2025-05-31,Thursday,20:11,10:11 PM,lptop,Documentary,2,7.3,0
52aa55c5-c7e7-444a-88a5-df4d04ff2cb6,2025-07-05,tuesday,07:14 PM,11:14 PM,moblie,Documentary,3,7.0,0
b1b299e7-eb99-4938-9b94-3e856ff26f15,2025-04-05,wednesday,18:46,10:46 PM,lptop,Series,2,5.5,0
7abdb58f-fa24-427c-af36-c16a95887ac7,2025-07-22,Friday,21:28,11:28 PM,moblie,Documentary,5,6.6,1
e8a79140-3454-4462-99d2-a1c074468f60,2025-07-07,wednesday,09:49 PM,11:49 PM,Mobile,Series,2,7.5,0
11cad7d5-b267-4195-8c49-dc11ba29fbc9,2025-05-06,tuesday,03:25 AM,06:25 AM,Laptop,Series,3,4.4,0
8bf8c3fe-01cb-4097-ac0b-a086a5a6dbf6,2025-04-18,Thursday,11:39 PM,12:39 AM,lptop,Movie,3,6.0,0
85bca2c1-53f6-4a5d-b1e2-949007f8a13a,2025-04-11,Tuesday,07:34 PM,20:34,Laptop,Movie,4,7.0,1
5786c62e-9304-4a2c-9994-0d74bd7d95f7,2025-04-07,Tuesday,19:44,09:44 PM,moblie,Series,1,5.9,0
382496d5-f790-4749-9983-b64332bb487e,2025-03-22,Monday,20:32,11:32 PM,,Series,3,6.3,0
ccfc3113-f35a-408e-949b-e7e0d3b463eb,2025-06-04,Thursday,22:23,23:23,moblie,Movie,6,7.5,1
ca19beca-8515-46ce-9a00-27a6b89cd4f8,2025-08-01,Sunday,07:18 PM,11:18 PM,Mobile,Series,6,5.7,1
83259e8b-bba4-45bb-a0f7-a6bc302c41b9,2025-02-09,Monday,23:26,02:26 AM,Mobile,Documentary,1,8.0,0
a5c4c6de-78c6-4888-9378-945d2663fa69,2025-06-01,Friday,0:31,03:31,,Series,3,7.1,0
edff8567-19cc-4c80-8e45-5e6de09c8985,2025-05-01,Wednesday,18:26,08:26 PM,Mobile,Series,3,6.2,0
d480ce94-31e2-43af-a99f-2f1ae56fb3bb,2025-05-27,monday,07:53 PM,21:53,Mobile,Series,6,5.4,1
b581f82a-8465-4759-b225-31de936ff34e,2025-04-16,Friday,23:39,00:39,Mobile,Documentary,5,6.5,1
241ddec5-0a5b-4240-924a-753f8641ffc2,2025-06-12,Friday,10:56 PM,02:56 AM,Tablet,Series,6,6.9,1
5590690d-df0f-4e65-a3bc-ef83921dbc09,2025-08-01,monday,11:34 PM,02:34 AM,Tablet,Movie,1,7.7,0
2f343d52-ab7f-436f-8647-147d68497a36,2025-02-15,Wednesday,11:02 PM,02:02 AM,Laptop,Series,5,7.5,1
2754a950-7ffe-47ce-96e1-0e7f431423b6,2025-05-01,Monday,23:50,01:50,Tablet,Movie,3,7.7,0
6ea94f20-f1da-4cc6-816f-05b22abc06fa,2025-07-12,Thursday,07:45 PM,22:45,TV,Series,2,4.1,0
df815065-5d47-45fa-b1d2-c810c2aaa0f5,2025-06-04,Monday,12:43 AM,02:43,Tablet,Documentary,6,6.5,1
2576cef8-5de0-4cc7-b810-ae0f01587651,2025-02-26,monday,3:58,07:58 AM,moblie,Series,1,6.7,0
9dbe2d4e-6f3f-468b-a055-aa6c93a5ba60,2025-02-25,Friday,2:26,04:26,Mobile,Movie,3,,0
fa40998e-fcf3-4943-93da-ae175ce512e2,,tuesday,10:43 PM,01:43,Mobile,Series,6,7.0,1
c07d0749-f7e5-4ccc-acef-0fe07433edb9,2025-08-02,Monday,10:09 PM,11:09 PM,moblie,Documentary,1,6.0,0
940a798b-049f-4192-833a-0cdbe187ef29,2025-07-19,Tuesday,07:49 PM,23:49,Mobile,Series,6,7.9,1
4886c95e-6aa2-42c5-b639-e5528fcbcfb1,2025-06-08,Tuesday,09:01 PM,00:01,Mobile,Series,1,6.1,0
a8a38f9b-ef28-451d-a47e-4a7e2d191062,2025-04-10,Friday,18:53,08:53 PM,Tablet,Series,3,4.7,0
570d2ebb-4f81-4439-8ce5-ebb965b7477b,2025-05-24,Thursday,21:59,01:59 AM,lptop,Series,1,5.5,0
cace8878-3b04-4a81-b78b-6d21e689886a,2025-03-21,Monday,20:47,00:47,Laptop,Movie,3,7.7,0
193c24ad-daa7-4f0b-90c2-15cdb65334d4,2025-05-24,Sunday,06:01 PM,19:01,Tablet,Documentary,3,,0
ed7784c9-32ab-4350-8713-8236f2d9d4cc,,Thursday,19:31,21:31,moblie,Series,2,6.2,0
90a252e2-6728-4e57-8113-f8beb3e58144,2025-04-28,Wednesday,10:54 PM,12:54 AM,Tablet,Series,5,5.7,1
4f5ccced-6474-4c4d-906c-1b81aa72acad,2025-07-24,Tuesday,07:08 PM,20:08,,Series,1,7.5,0
2aa58cfd-18e0-44e5-ab77-9143360149c5,2025-06-10,Thursday,05:13 AM,09:13 AM,,Series,5,5.2,1
0fd19be7-fb95-4f80-b10a-b87814a76eb7,2025-02-07,Wednesday,23:40,12:40 AM,Tablet,Documentary,5,7.2,1
c885b17b-9e2c-4836-89e5-a2dc36b9e0f3,2025-05-09,Monday,09:51 PM,00:51,lptop,Documentary,3,4.0,0
50aaa8ef-8f6e-463d-9ee2-e2da85ba9ea2,2025-05-10,Monday,19:52,10:52 PM,TV,Series,5,5.3,1
3a93cccb-463c-4bf2-b08f-c857fdc9559c,2025-02-23,Thursday,23:47,01:47,moblie,Series,1,7.3,0
6807df08-65be-4358-b072-d6020c834817,2025-03-28,monday,20:34,09:34 PM,TV,Movie,4,6.1,1
cdd13a37-ac07-4190-b345-265b6f3776a5,2025-07-09,monday,01:08 AM,03:08 AM,,Movie,1,6.8,0
896144e4-42e8-4c81-8dcf-8e3154c4d613,2025-04-01,Saturday,07:49 PM,11:49 PM,TV,Movie,4,4.9,1
ce51f775-4dfb-4213-b3ca-84f227a57b84,2025-06-16,Tuesday,06:43 PM,21:43,Mobile,Documentary,1,,0
2e58c156-6c93-4ca6-b4c9-8c54946aa21b,2025-05-15,wednesday,1:57,04:57,Tablet,Movie,4,6.2,1
6c04e99f-60fc-4be1-ba6f-1f6aab11a382,2025-03-07,wednesday,21:40,11:40 PM,TV,Series,1,5.5,0
b9d9898a-75ca-4cea-a03b-fc0e3cb60d40,2025-04-05,Monday,06:21 PM,19:21,lptop,Series,6,7.5,1
ad2f7da4-7c54-4366-b3a1-785380781bfa,2025-05-08,Thursday,01:22 AM,05:22 AM,TV,Series,1,6.2,0
af09f753-63a0-478a-8f3c-b22e88fa96fa,2025-05-17,Tuesday,09:08 PM,11:08 PM,,Series,3,4.9,0
2e3a278d-1577-471b-9ea2-47b5e1925e4e,2025-03-11,Wednesday,10:01 PM,02:01,Mobile,Documentary,3,5.2,0
53903837-c1d0-4048-ad96-32f290ca8eeb,2025-06-29,Saturday,21:03,01:03 AM,,Movie,3,6.6,0
a3fd2c77-4f6f-4c1d-aef1-c29c96b5100a,2025-07-14,Tuesday,22:45,00:45,,Movie,6,4.9,1
7132c724-6037-435c-a8d5-a3e5f0c22332,2025-02-12,monday,09:49 PM,23:49,Mobile,Documentary,1,6.2,0
036938fc-855d-4d78-b8f7-6e959e7b7006,2025-03-05,Friday,12:36 AM,01:36,Tablet,Documentary,1,7.6,0
7a95527b-e263-4eac-95cc-d76865672d39,2025-02-06,Tuesday,01:54 AM,04:54 AM,moblie,Documentary,5,5.5,1
43ac1465-c0c2-481a-9dba-ab8c807aecf1,2025-04-20,Thursday,06:13 PM,20:13,TV,Documentary,6,4.2,1
53a46d88-7445-49be-9059-bdc07a9a04ed,2025-07-07,Sunday,5:02,09:02 AM,TV,Documentary,6,5.1,1
841f5931-4d02-49ff-95c2-4a9325b94191,2025-07-18,monday,07:35 PM,09:35 PM,TV,Movie,2,4.9,0
0de070f6-dc81-4a44-9b6a-c716f3995abb,2025-06-25,Monday,09:25 PM,01:25 AM,moblie,Documentary,5,5.6,1
96781bac-5fad-4dd9-b277-78088b1e0b24,2025-07-02,Tuesday,23:52,02:52,TV,Movie,2,5.2,0
1947c6bb-b715-4f8d-ba79-689a5ee2ca01,2025-07-05,Wednesday,4:21,05:21,lptop,Series,5,4.2,1
b50303ec-a7bb-4dcd-891d-d2ca7d799c66,2025-05-11,monday,21:47,12:47 AM,TV,Movie,5,4.4,1
7a077980-5bb4-4b74-ba0b-465c22f9e75b,2025-04-19,Monday,10:16 PM,01:16,,Documentary,3,5.0,0
7cc92c1c-098c-4c70-91b3-8119a7d3bb84,2025-03-20,Sunday,08:36 PM,00:36,,Movie,2,7.4,0
493adc8d-2a72-40b7-b2af-49f811e4f149,2025-04-29,Tuesday,0:43,03:43,,Documentary,2,4.1,0
85c0940c-ef59-4d06-8066-3d3dc871b1fd,2025-06-06,Wednesday,18:02,19:02,lptop,Movie,1,6.6,0
256010e6-bd04-40db-966f-6db0193c3e9d,2025-08-02,Saturday,23:26,00:26,,Movie,2,6.7,0
89ee455d-ed23-481b-9a78-4cc8ce5d61a8,2025-04-25,tuesday,0:46,01:46 AM,TV,Series,2,6.7,0
15ba5135-a8d9-4218-b132-02e10ee548c5,2025-06-17,Sunday,11:46 PM,03:46 AM,Mobile,Documentary,5,4.8,1
1b49c04c-543b-453a-a491-173abd7c8956,2025-05-16,Monday,09:45 PM,12:45 AM,,Documentary,2,7.9,0
f4121836-776f-46b8-b978-ad39aa1cb65c,2025-07-31,Sunday,07:41 PM,23:41,Mobile,Movie,5,6.6,1
55a89a77-45bb-4f6d-9db2-f872c6ef6a74,2025-07-05,wednesday,10:49 PM,02:49,Tablet,Documentary,2,5.6,0
ad7e0ddd-68c2-4ceb-8b3b-30ff3af28fba,,Friday,02:43 AM,03:43 AM,lptop,Series,2,6.4,0
b27ce359-0759-4f61-b7ea-5ba2e81237a5,2025-04-09,tuesday,04:08 AM,05:08 AM,moblie,Series,2,6.3,0
462743d6-4c43-4c08-abdc-7b3d3380bc5e,2025-06-28,Friday,07:54 PM,11:54 PM,lptop,Documentary,2,4.2,0
3d490486-5b7b-49cb-b50d-0c2a3936f328,2025-03-18,Thursday,06:04 PM,10:04 PM,Tablet,Series,4,5.8,1
6ba12ba4-12a9-4e38-b8d4-6a4e82a893a8,2025-02-21,Sunday,22:35,01:35,,Documentary,4,5.1,1
0050aab3-ee51-499e-a53b-08a88dbd71cd,2025-03-30,Saturday,22:59,02:59 AM,moblie,Movie,3,7.6,0
155f0e34-f499-4863-8cf8-85433fb9fbba,2025-06-20,Monday,09:08 PM,01:08,Tablet,Documentary,1,,0
5b9654fb-f2c3-40cf-9f8f-5d21f843c8cf,2025-05-22,Saturday,20:50,22:50,,Series,6,5.6,1
0f12a5d9-605d-4d60-85aa-70d1932785f8,2025-03-10,tuesday,07:44 PM,08:44 PM,,Documentary,4,6.5,1
cc78d769-7765-4c33-8555-5001903ac8bd,2025-07-16,Saturday,21:14,22:14,Tablet,Movie,3,5.1,0
d2269c0c-c4b1-4380-94ff-51de03a921cd,2025-07-04,Tuesday,19:09,21:09,TV,Movie,6,5.7,1
ed7e4520-9de0-4299-bd09-c4e27e061136,2025-05-28,monday,18:05,08:05 PM,Laptop,Series,1,5.5,0
6f1010ea-6579-4f4d-abd9-2fd5f6082efc,2025-06-05,tuesday,21:05,01:05 AM,lptop,Series,2,6.1,0
b0b7e47f-6a34-4c14-bb30-aea54f96ab2b,2025-05-27,Thursday,19:49,22:49,moblie,Series,6,7.8,1
bef8429f-6b80-442c-a513-84527e69737f,2025-04-21,Saturday,09:47 PM,01:47,moblie,Movie,4,7.5,1
b975e10c-cd92-4b14-a0ac-b6fbde08d193,2025-05-19,Tuesday,19:20,23:20,lptop,Series,4,7.1,1
030447f7-fb5d-48b3-914a-7971986c9ba6,2025-05-23,monday,02:35 AM,06:35,moblie,Movie,6,4.6,1
7aae0f8a-f15a-4fbf-bdcf-7233a39be949,2025-05-23,Sunday,02:38 AM,03:38,lptop,Series,2,,0
d62bc9d4-32ef-4f46-bbae-7e0c6aef4b06,2025-03-31,Wednesday,18:04,10:04 PM,lptop,Movie,3,5.1,0
346c559b-bdba-4b04-b207-e1326288614c,2025-04-12,Wednesday,04:27 AM,05:27,Laptop,Documentary,2,5.7,0
2365a0b8-50cb-4d9c-8c72-210382253ad7,2025-03-29,Wednesday,09:59 PM,23:59,Tablet,Movie,1,5.8,0
f07b401d-afba-4ba0-a3bb-4c53b094ac21,2025-06-11,Saturday,08:11 PM,23:11,,Series,5,,1
2ef14ac9-19be-49a8-960a-226dd4410c07,2025-05-22,Sunday,07:31 PM,22:31,Laptop,Documentary,1,6.2,0
1ea77c10-e672-4550-bf13-b929f32ae7c3,2025-02-13,Tuesday,11:30 PM,01:30 AM,lptop,Series,1,7.5,0
037149ee-e53b-4927-bd22-43fe7e98687f,2025-07-01,Wednesday,01:01 AM,04:01,moblie,Series,6,4.0,1
b5f00803-c40a-45b5-9cdf-aaa5c6c0d282,2025-07-27,Sunday,20:56,12:56 AM,lptop,Documentary,5,,1
e754de7e-2cb4-4ab9-a5fe-98d77324df75,2025-04-11,Thursday,23:14,03:14 AM,Mobile,Series,2,5.2,0
32044262-44ee-415d-83ef-c2c587abc12c,2025-05-27,Friday,12:06 AM,02:06,TV,Movie,3,4.7,0
8bf71f6d-7962-4694-85e2-310aafa3571e,2025-05-24,monday,19:16,08:16 PM,moblie,Documentary,4,6.9,1
7eb43d8f-da7d-47a8-9170-13d54bed49fe,2025-05-06,Wednesday,08:02 PM,11:02 PM,,Movie,4,4.5,1
1907039c-103b-4729-9bb1-a7b2ef18d561,2025-05-24,Friday,23:14,00:14,moblie,Documentary,3,4.4,0
e63977ad-d179-43fe-bc7c-6f186b788f4a,2025-02-13,Sunday,08:18 PM,11:18 PM,lptop,Series,6,5.0,1
a9d2d174-b4d2-4fcc-a0dc-69ad3d7f1429,2025-04-14,Saturday,10:47 PM,02:47 AM,Tablet,Documentary,3,4.1,0
99def937-3896-4835-ae7a-6eb86422b35f,2025-07-08,Sunday,11:33 PM,00:33,moblie,Documentary,6,4.2,1
7cf955bc-14c5-44ef-861d-84268d72066e,2025-06-14,Friday,03:58 AM,06:58,lptop,Series,6,7.3,1
f1d5cf05-3463-4bd1-bc8c-070b2c510b17,2025-04-24,Tuesday,11:30 PM,03:30 AM,,Movie,6,4.7,1
a9049614-0c50-4bef-8dc1-7624c4cd48f6,2025-07-10,monday,22:31,23:31,Tablet,Documentary,3,7.9,0
88bd51fa-85a6-4dd5-bdd8-781dd2b00375,2025-02-18,Tuesday,09:52 PM,11:52 PM,TV,Documentary,1,,0
59805fe6-396a-4062-9ed4-1d18ebd5c575,2025-04-21,Monday,18:24,19:24,moblie,Movie,3,7.1,0
e1794d02-8246-4eba-8ada-172b71bfad14,2025-07-06,Sunday,18:46,21:46,TV,Documentary,6,5.5,1
f11cc560-e575-4638-840c-a74a21d74a41,2025-05-04,Saturday,20:11,12:11 AM,Tablet,Series,6,4.5,1
babcbbee-9635-42de-b78b-0d2b65447ebf,2025-07-28,Friday,07:36 PM,10:36 PM,Mobile,Movie,5,,1
74325d0b-489e-4160-aab6-11cc5ce12af3,2025-04-20,Sunday,01:26 AM,04:26 AM,moblie,Documentary,5,5.3,1
c13a4e51-dd78-49a4-b745-ff02f2f01279,2025-06-05,Thursday,23:35,01:35,Tablet,Series,3,6.7,0
73e71825-99f6-4c8e-b6c9-b2f1f8b42e08,2025-04-06,Sunday,07:49 PM,23:49,moblie,Movie,3,5.2,0
2024f87c-23fa-487f-87e0-4a60477b6e0f,2025-07-04,Thursday,07:13 PM,08:13 PM,TV,Series,3,4.5,0
10cb5993-e842-404a-8ad0-f1c36451b62f,2025-03-20,Saturday,06:03 PM,08:03 PM,Tablet,Documentary,2,5.7,0
896a9dbd-9037-4993-a405-8234aa92297f,2025-04-23,Monday,23:35,02:35,,Series,6,7.4,1
0cddc2fb-8610-4c4b-8563-ff4136769732,2025-06-14,Sunday,08:32 PM,21:32,TV,Movie,3,6.8,0
e09d7607-c458-4cf9-b39b-f5060475a4b3,2025-07-05,Tuesday,19:16,21:16,moblie,Documentary,4,5.5,1
9fe1d109-d260-4403-b3a3-ed26b9c27782,2025-03-01,Monday,07:28 PM,08:28 PM,Laptop,Documentary,6,7.6,1
bd87388e-b3a3-4e84-b05c-e192a523806f,2025-02-18,Monday,21:04,10:04 PM,lptop,Series,4,7.4,1
3195c245-8e4b-44bd-b779-0de79196043e,2025-07-12,Sunday,12:55 AM,03:55,Tablet,Movie,2,4.2,0
6c03a718-884b-4e43-b6f5-bd7f8bf974b2,2025-06-10,Saturday,23:28,03:28,Mobile,Movie,4,4.8,1
e39b9448-32df-4b2e-aa8a-f22c07525ebc,2025-06-23,Sunday,5:01,06:01 AM,lptop,Series,12,2.1,1
45c71400-d473-4b82-9a8b-5499e2366cd2,2025-07-02,Saturday,06:26 PM,22:26,,Movie,4,7.7,1
2ddd8052-fd78-4d39-86d8-981ea1ed69e4,,Friday,18:04,20:04,Tablet,Documentary,5,4.0,1
9b8adc8a-ce4f-4272-a80e-55f2204134ef,,Sunday,10:13 PM,11:13 PM,Mobile,Documentary,2,7.9,0
ddc40625-4e73-4a30-9545-ed6c3e43e177,2025-04-20,Friday,20:16,00:16,moblie,Movie,2,6.9,0
65cffdad-9552-49ac-82ad-f966bca71a65,2025-04-06,Sunday,09:43 PM,10:43 PM,TV,Documentary,1,6.7,0
1a0a9dca-f166-4969-9565-2dec3fea5afc,2025-04-14,Wednesday,5:47,09:47 AM,Mobile,Series,6,4.8,1
ab59525f-02e7-4707-9624-d5643878b821,2025-02-19,wednesday,23:48,00:48,Tablet,Series,1,,0
de8633f2-821d-4cce-8e22-14600fec9992,2025-04-06,monday,1:46,03:46 AM,lptop,Series,6,6.4,1
8557beb2-d49f-4ec3-ab44-d5e06f1e0889,2025-03-10,wednesday,08:32 PM,10:32 PM,moblie,Movie,3,4.2,0
856c7120-fdba-4671-a2fc-c3792f4ced65,2025-03-13,Friday,08:55 PM,11:55 PM,,Movie,5,6.6,1
20e82492-33a4-43af-8a97-eeb019d560e2,2025-02-21,Sunday,3:49,05:49 AM,Laptop,Movie,1,4.1,0
ab7664d7-b42e-4536-a5b3-1d684a3c61e2,2025-02-08,monday,11:26 PM,03:26 AM,Laptop,Series,4,6.3,1
2347e455-50f4-46e9-9d7d-cde5713c7096,2025-05-05,tuesday,11:48 PM,02:48,Mobile,Documentary,6,4.2,1
b3101ef6-f97c-4eff-b010-7bda8f41d880,2025-03-23,tuesday,21:20,00:20,TV,Movie,4,5.6,1
98c55031-66c5-43af-b2ec-57e65f76224c,2025-05-05,tuesday,18:32,08:32 PM,Laptop,Documentary,3,5.1,0
374543b5-8462-4e71-8406-9c65fdb3702a,2025-02-22,Saturday,20:05,00:05,Laptop,Documentary,2,4.2,0
ede546f2-0b65-4155-ae5b-60523e0f3473,2025-02-07,monday,5:37,09:37,TV,Movie,2,5.4,0
ddaf2467-9c07-4a4a-ae2f-bd053096fbc1,2025-07-11,monday,4:23,06:23 AM,Tablet,Movie,6,7.1,1
6d556b3f-5195-42ff-a700-3aba23ff6b6f,2025-05-14,tuesday,11:47 PM,02:47 AM,moblie,Series,3,7.1,0
9298ef52-447c-4239-881c-8b80d693ab65,2025-06-15,tuesday,10:37 PM,12:37 AM,Laptop,Documentary,4,6.0,1
7f11ff65-b47c-4475-80e1-85f3f0ad2d57,2025-04-11,Monday,12:12 AM,04:12 AM,Mobile,Documentary,1,4.8,0
bf1e4d57-c2f5-43de-9c91-bf9305fe4393,2025-04-18,tuesday,5:25,07:25,lptop,Documentary,4,,1
b4350a2f-ead0-40ca-89fb-ec12337c193e,2025-02-08,Friday,07:51 PM,20:51,lptop,Movie,4,4.3,1
6b5429df-0070-4e70-aa59-1b655f285aae,2025-03-08,Thursday,23:51,01:51,Mobile,Series,1,4.6,0
bf17436d-9d0e-438c-b7ea-1b60df8c12d6,2025-04-21,Wednesday,10:17 PM,12:17 AM,,Series,6,5.2,1
28078b2a-cf33-4214-a349-190abaa682ea,2025-06-04,Wednesday,04:57 AM,07:57 AM,lptop,Series,6,4.1,1
1294b3f2-2d2e-4f16-9c5e-3110e9a5bc2a,2025-07-19,Wednesday,4:32,07:32 AM,,Documentary,5,7.3,1
851cefdb-4eed-4c71-ae7b-71ea311fea81,2025-08-03,Sunday,18:48,08:48 PM,,Documentary,5,6.3,1
30fb1657-4f8f-49b9-8f76-00fdcbb9c475,2025-04-28,Monday,11:05 PM,03:05 AM,lptop,Series,4,6.3,1
85c23baf-3dfd-4a29-8710-4c69caa56b6f,2025-03-16,wednesday,07:41 PM,09:41 PM,Laptop,Series,4,6.8,1
c00621b7-505b-45df-9ca5-efeec198baaf,,Saturday,5:36,09:36 AM,Mobile,Documentary,5,6.6,1
94ed5175-563a-4ea6-9293-c54eb59735aa,2025-07-09,Thursday,12:29 AM,02:29 AM,Mobile,Documentary,1,5.9,0
92e111d5-874c-4bd5-b012-54c9d8d1230b,2025-06-16,monday,20:02,22:02,,Documentary,2,4.4,0
f571ae26-4d31-4524-ab99-52be03783333,2025-04-04,Monday,08:05 PM,09:05 PM,Laptop,Movie,5,7.7,1
97d05a2a-f847-4e85-89d0-2e0a301c0295,2025-05-31,Monday,1:08,04:08 AM,moblie,Documentary,4,6.0,1
676d73c5-57ac-4619-b2fe-b05ff1356d7a,2025-03-01,Tuesday,0:12,01:12 AM,Tablet,Documentary,2,5.8,0
2cf45b22-8063-423c-af22-2f857441eb95,2025-03-22,Tuesday,11:16 PM,03:16,moblie,Documentary,4,5.5,1
2a033093-1c2d-44e5-b654-46c10f4d1435,2025-03-26,Friday,11:50 PM,01:50 AM,TV,Movie,1,4.8,0
2335542a-2d61-4900-9439-ff2d18dcbbaa,,wednesday,19:43,09:43 PM,moblie,Series,4,4.2,1
b80e7077-3470-4e93-9cbb-efb60d0a4ed5,2025-06-01,Sunday,07:17 PM,21:17,lptop,Documentary,6,,1
e8cf020b-9185-4193-bb88-ef8887324cf2,2025-04-11,Monday,18:58,08:58 PM,TV,Documentary,4,,1
4452aa99-f9b9-4b33-9c8c-da0fb66186a1,2025-05-13,tuesday,10:29 PM,11:29 PM,Tablet,Documentary,1,7.7,0
7b6a6a8c-1392-454e-971a-acb090b6a2d1,2025-07-11,tuesday,4:14,05:14,,Documentary,6,5.0,1
2184bc6f-8b54-4e99-a5fb-ab7471bd52c2,,Saturday,21:59,01:59 AM,moblie,Movie,4,5.3,1
37f6ec08-f812-45ab-b662-e52ef7b25f43,2025-03-22,tuesday,11:35 PM,03:35,Laptop,Series,6,4.7,1
30a050c7-721a-4c6e-bd29-deadeab9bf80,2025-04-22,monday,20:14,12:14 AM,Tablet,Movie,1,7.1,0
cfaeb273-ed4d-42fa-ad74-50537a7e9f40,2025-04-25,Saturday,22:25,02:25 AM,Tablet,Series,4,7.2,1
56bdee1c-aca2-46fb-8752-10de21bfacc9,2025-06-02,Sunday,21:13,10:13 PM,Tablet,Series,6,5.5,1
d0395932-e376-43f3-8572-996b1fbb2a66,2025-05-08,Wednesday,11:27 PM,02:27,lptop,Movie,3,7.8,0
73b13db5-090e-448f-987f-e298723cca4b,2025-06-14,Thursday,2:05,06:05 AM,Laptop,Documentary,6,7.6,1
1db52209-29fc-4d06-bc8a-2197750ad80c,2025-02-05,Friday,21:37,01:37,,Movie,6,5.0,1
26620242-6c6d-4968-8b80-a5745e108603,2025-06-06,Wednesday,21:51,12:51 AM,Mobile,Documentary,3,7.9,0
2c0d43c5-f312-467c-92cc-5cec8ce8fca2,2025-02-06,Thursday,2:46,05:46,,Documentary,4,4.9,1
5bb3a7d5-cd7b-4498-9ad3-f4602a5cfac0,2025-06-20,wednesday,18:14,10:14 PM,Mobile,Movie,6,7.5,1
51a5e9c4-a6a9-4784-80c0-b700356e769a,2025-05-25,Sunday,23:18,03:18,TV,Documentary,1,7.2,0
d5340b1e-e790-4f44-9cc1-a802820d22b0,2025-08-02,monday,07:06 PM,09:06 PM,lptop,Movie,1,6.3,0
a241424a-643f-4371-ae49-b6eed3b7c79c,2025-04-11,Tuesday,11:37 PM,02:37,Laptop,Documentary,1,6.0,0
e8d57795-1746-484e-849a-d9001262e95b,2025-06-06,tuesday,11:19 PM,12:19 AM,TV,Movie,4,7.5,1
82925d0e-71e3-45de-8317-0fce692eceb0,2025-07-24,Tuesday,10:16 PM,01:16,Laptop,Series,2,5.8,0
0c7b98ad-7e86-4664-9d27-24b8d68bd04d,2025-03-08,wednesday,03:38 AM,05:38,TV,Documentary,6,4.4,1
2c362f75-a9cd-4fde-9a91-d37eb3d4b1e0,2025-07-22,tuesday,11:11 PM,03:11 AM,moblie,Documentary,2,7.6,0
26b257c1-02a9-4dbd-b369-6476b30a94d7,,Saturday,06:22 PM,22:22,lptop,Series,6,5.5,1
f3af66c8-349f-443b-8031-9b11c7973266,2025-02-19,wednesday,06:26 PM,07:26 PM,Mobile,Documentary,6,4.8,1
a4796cc9-9762-4f3e-b917-453cbc6131e2,2025-04-21,Friday,22:53,02:53 AM,moblie,Movie,5,6.2,1
70961723-8c77-4a31-b1f0-2662878cdc61,2025-05-16,Monday,2:22,05:22 AM,TV,Documentary,2,4.7,0
14f65d61-e608-4ba1-8246-97d4a932ba44,2025-03-01,Tuesday,19:06,08:06 PM,TV,Movie,3,7.0,0
60191dab-e966-4773-9670-f6645abdf171,2025-04-14,tuesday,5:13,06:13,TV,Documentary,4,7.7,1
f401fb54-f9b9-4bfc-ab7a-2de690047c3b,2025-07-07,Wednesday,09:06 PM,00:06,Mobile,Series,6,7.3,1
0e9b6f04-5946-4863-9391-b6c6daba2aeb,2025-06-23,Friday,20:14,22:14,Laptop,Documentary,4,7.3,1
8049671c-74f8-4140-8a1a-5fa23ef1fffb,2025-03-27,Saturday,23:33,02:33,Mobile,Movie,5,6.4,1
61bc8bd1-7aab-4c58-ae5d-5d4f05aba1f2,2025-05-28,wednesday,23:53,12:53 AM,moblie,Documentary,2,6.3,0
87fd0136-9d17-48e4-a132-1d8330ce393f,2025-06-29,Tuesday,10:03 PM,02:03,,Series,6,4.5,1
3bd074ee-a377-470a-8392-81a119129359,2025-03-10,Saturday,19:34,08:34 PM,Tablet,Movie,4,4.8,1
d7aa6d33-dda7-4def-9fbb-10bc5a363e00,2025-05-25,Sunday,19:41,20:41,Mobile,Documentary,3,4.6,0
a6f169b8-01ce-4526-be98-b34044029004,,Thursday,19:10,20:10,Laptop,Movie,2,7.7,0
8d7a81af-9b4e-4341-ba83-5201f414b779,2025-02-26,wednesday,02:47 AM,03:47 AM,TV,Series,6,4.2,1
dba2a1b4-b6ba-4880-936d-0e8bbdb641f7,2025-07-31,Saturday,20:41,21:41,Laptop,Series,1,6.1,0
7941e1e6-7bf8-4fdc-928a-639b31bc5014,2025-05-05,tuesday,10:44 PM,02:44 AM,Laptop,Documentary,1,6.6,0
6a63eab5-1258-4f98-9081-9b85b31f3cb5,2025-04-28,tuesday,08:18 PM,21:18,TV,Documentary,4,4.0,1
d23e75ee-fd4c-4eb8-9e31-4266f3099bfb,2025-06-20,wednesday,10:32 PM,01:32,Tablet,Series,4,6.0,1
af72f512-af2f-4ca2-acf7-257276b24def,2025-05-09,Saturday,21:56,11:56 PM,Mobile,Movie,1,7.5,0
ce9112e8-2381-4894-b524-23681dc0d661,2025-07-01,Tuesday,06:47 PM,08:47 PM,lptop,Documentary,3,,0
2653417e-13ef-4962-98e4-0bc1f081e46b,2025-07-08,Friday,04:03 AM,05:03 AM,Laptop,Movie,6,5.2,1
ab1fd93c-6ce2-46ae-800c-a522fc41a45c,2025-07-19,tuesday,22:15,02:15,Laptop,Series,6,5.9,1
597303b5-8b4a-442d-ae82-f546171775b7,2025-05-07,Wednesday,10:02 PM,01:02,moblie,Documentary,4,4.3,1
2198e677-5eca-4994-b8f4-3e12f716bae1,2025-04-22,Thursday,11:32 PM,02:32,,Series,5,4.4,1
6d0e7292-841c-449e-a5db-ef8376199b37,2025-02-24,Wednesday,07:37 PM,23:37,Tablet,Documentary,1,6.9,0
ce6fc31a-6498-4669-ba47-0c038e0b8cba,,Tuesday,22:49,00:49,Laptop,Series,1,6.1,0
32ff3d42-99bc-4db1-93d7-c6e994ef2a77,,tuesday,4:13,05:13,lptop,Documentary,2,,0
41703f15-b891-4309-bbdf-6bb276c6e50e,2025-02-15,Monday,19:25,23:25,,Series,1,4.0,0
37dac9da-4401-4604-8ae1-ca741803edb1,2025-05-17,Saturday,07:19 PM,08:19 PM,TV,Documentary,6,6.0,1
539eb93a-4b0a-4c57-bbc8-3995a006314e,2025-05-11,Friday,10:33 PM,00:33,lptop,Series,3,5.5,0
6c80b242-92bf-460f-b4d3-7156bdfec5bc,2025-03-29,Sunday,11:36 PM,02:36,Mobile,Series,6,6.5,1
43cb52d6-f2f4-4d99-88c7-fd5777afba17,,Sunday,23:59,03:59 AM,TV,Movie,4,6.8,1
4fe44332-34d7-4810-aeec-7da83c04a4ed,2025-03-31,wednesday,09:16 PM,23:16,moblie,Series,3,5.1,0
de254ea7-1c14-4923-b1ee-952ca259a311,2025-05-26,Sunday,11:14 PM,12:14 AM,TV,Documentary,3,4.8,0
ad9e8780-aed0-408c-a014-47ff00ed2e5a,2025-05-12,tuesday,08:11 PM,23:11,moblie,Movie,1,,0
3f8e8a94-8182-48eb-86a1-5ac62785a1b0,2025-06-17,Thursday,08:51 PM,11:51 PM,lptop,Movie,4,7.4,1
fdea7093-0016-45c4-a4c8-0c0b8a69f2ea,2025-05-12,Sunday,07:15 PM,10:15 PM,lptop,Documentary,3,7.8,0
f64cf524-6d43-4dd2-bd69-610d9680622f,2025-05-02,Saturday,22:29,00:29,lptop,Movie,13,2.7,1
a0cbe801-ba6e-47dd-908f-ada3c2abca80,2025-02-21,monday,19:20,22:20,TV,Documentary,5,4.5,1
aff0113f-b762-4c5a-a314-15b563be8e1e,2025-06-22,Thursday,22:57,01:57 AM,TV,Series,12,2.6,1
d4ba617a-591a-411c-a5da-b6740243f9a1,2025-03-06,Sunday,02:29 AM,04:29 AM,moblie,Series,5,4.2,1
2d929320-cc88-4122-92b1-463b67e15784,2025-08-04,wednesday,18:00,20:00,Tablet,Series,6,4.5,1
91fce573-111b-4964-8bec-3632db199b5d,2025-06-03,Friday,0:41,04:41,Mobile,Series,1,6.8,0
d7fb5aa9-9bcf-4fc7-a639-6412555021e6,2025-06-27,monday,10:31 PM,00:31,lptop,Documentary,5,,1
31d1bb59-b978-4099-98d7-db5245beae99,2025-05-14,Saturday,19:12,08:12 PM,,Movie,4,4.6,1
043164ef-e5ca-48cf-ae25-307b0aaef9cb,2025-05-06,tuesday,03:45 AM,06:45 AM,Tablet,Movie,1,5.3,0
f64f19e9-3a04-41e1-bc8c-8523a4788e15,2025-07-24,Monday,09:40 PM,23:40,lptop,Series,3,4.9,0
f853a6b2-4d47-4c61-b324-ecb3a540f8ee,2025-03-07,Thursday,06:33 PM,21:33,Laptop,Movie,3,5.0,0
55d10fd1-b673-43c9-ac79-c189cf599fe5,2025-08-04,Thursday,08:42 PM,10:42 PM,,Movie,3,7.0,0
f6531699-9e0f-4076-aac1-c2b3e0230769,2025-05-27,wednesday,5:33,08:33,Mobile,Movie,1,4.4,0
d03eb8f2-f05e-4d30-8057-d815a7b18fe4,2025-04-25,Monday,06:41 PM,21:41,moblie,Documentary,2,7.6,0
ce01cc59-0e53-4f0f-abc4-a1d7d3131b1c,2025-07-08,Tuesday,08:37 PM,22:37,,Movie,6,5.4,1
9885431d-2a00-43dc-8fbc-e87460336661,2025-04-23,Thursday,21:50,23:50,TV,Documentary,6,4.5,1
83a6e8d8-0958-4e1b-a5f0-f91171b078ae,2025-03-18,Monday,23:55,03:55 AM,Tablet,Documentary,5,4.3,1
63289ac8-4174-443f-928a-1bd708aebec8,2025-05-12,Friday,06:24 PM,20:24,Laptop,Movie,4,7.3,1
208b2ed8-3aeb-4254-b507-98541a6b66bb,2025-06-15,tuesday,20:28,11:28 PM,Laptop,Series,2,4.7,0
c7bfda13-fc93-4a9d-b312-b38483e2f172,2025-04-14,tuesday,23:03,02:03 AM,Mobile,Documentary,4,7.2,1
c96910da-95c0-48c1-87f4-8a5f725d8f4d,2025-05-09,Tuesday,23:27,01:27,Mobile,Series,2,5.0,0
45826315-051d-45d6-b01f-e4cf1d9a0352,2025-06-09,Monday,09:54 PM,01:54 AM,Laptop,Series,5,4.8,1
fe31a93d-590a-4485-977b-efcec7e9e008,2025-05-27,Wednesday,10:18 PM,02:18 AM,,Series,1,4.9,0
994b83ac-f946-435a-b21a-35f4a7edf20f,2025-04-19,tuesday,11:32 PM,02:32,Laptop,Movie,5,7.5,1
b1df1a33-ce5d-4b00-8dda-b2b560f0106a,2025-04-02,Monday,08:55 PM,11:55 PM,Tablet,Documentary,6,5.3,1
40763659-633f-4227-a9de-74beffbad7ff,2025-04-30,monday,23:48,02:48,,Series,4,5.5,1
ac37152a-ca47-4c76-b55a-24290978ad12,2025-07-30,Saturday,23:38,02:38 AM,,Series,3,,0
675b0b1b-4bb7-4cd0-b8c6-38c536eb03b3,2025-04-03,Friday,20:46,09:46 PM,Mobile,Series,2,7.8,0
88846181-6f71-4aed-9db9-d2e39d02a790,2025-08-05,wednesday,07:12 PM,23:12,Laptop,Series,4,4.1,1
36b488bf-480a-40a8-b297-09dfb5c94015,2025-03-26,wednesday,22:36,01:36 AM,Laptop,Movie,1,,0
1d63d8a8-3128-41a8-8ac0-88c92c9c5133,2025-06-30,Wednesday,18:24,09:24 PM,moblie,Series,4,6.0,1
79320dbd-d0f1-4082-9472-eb0e51020177,2025-07-20,Tuesday,10:35 PM,00:35,TV,Series,5,4.0,1
4709ca16-0c90-4a58-9754-77f7cf42a5a0,2025-02-26,Thursday,21:34,22:34,Tablet,Series,1,7.0,0
86af2948-a358-4d38-9e1c-81beb1d764e4,2025-04-05,Tuesday,22:07,11:07 PM,Mobile,Series,6,5.3,1
5c044696-8933-410a-8ef8-1ac2aebbfdce,2025-02-06,monday,22:54,02:54,lptop,Documentary,2,6.1,0
92df2230-9167-4b70-bc0d-2a0387b6cb7c,2025-08-05,Saturday,05:12 AM,08:12 AM,TV,Documentary,4,5.7,1
e36975a9-c5ef-4f01-ab5f-35b31046d032,2025-05-31,Sunday,09:24 PM,22:24,,Series,6,6.4,1
f8f7de3f-d1ca-4806-9520-64346272a5ee,2025-06-15,Saturday,06:44 PM,19:44,Laptop,Movie,5,5.4,1
1645f05b-8191-4eb9-8a27-39bba4c99085,2025-05-06,Wednesday,23:30,03:30,,Series,1,4.5,0
b44f79b4-f908-45a4-9696-e3005d068673,2025-02-26,Monday,1:03,04:03,lptop,Series,3,,0
0d4aa51d-2631-4d82-85e9-d4df25c683da,2025-03-01,monday,18:44,20:44,Mobile,Documentary,5,7.0,1
73a5b337-9565-451d-b3e0-394d81a3f441,2025-06-17,Tuesday,10:00 PM,02:00,Tablet,Movie,5,6.3,1
1948849a-4636-4175-896d-e23fa991ee7b,2025-08-02,Saturday,06:23 PM,21:23,Laptop,Documentary,3,5.9,0
6900de8d-ccff-40d7-8074-1e29a4eb4ea2,2025-04-12,Wednesday,1:12,02:12 AM,TV,Documentary,2,7.1,0
6089fd67-4204-450d-ac6b-4ff662a1c1c9,2025-04-02,Monday,02:30 AM,03:30,,Movie,4,7.4,1
de882aeb-b4c3-4245-86ab-d26abd38a0ed,2025-07-31,wednesday,08:42 PM,22:42,Laptop,Documentary,1,5.2,0
e51778d5-f3ef-42e4-8874-bb9f2617148c,2025-02-27,Sunday,21:33,11:33 PM,Laptop,Series,6,4.6,1
8fa8fe9b-ab8c-4d63-9834-2726be95f7e0,2025-07-04,Tuesday,11:09 PM,02:09 AM,moblie,Series,1,5.3,0
50884031-6164-41d7-b581-c01c27f9b4c4,2025-05-22,Thursday,11:08 PM,02:08 AM,,Series,3,6.9,0
63c4d62a-2dc2-4b3a-a453-854cfca2c187,2025-03-29,Friday,2:12,04:12,Tablet,Movie,6,4.4,1
5bcd9c6e-5567-4365-b9cd-6e1513de3620,2025-05-12,Monday,21:12,00:12,moblie,Series,2,6.3,0
6a5d1a17-e5fa-4469-a613-42f80c55a4f8,2025-07-11,wednesday,22:59,00:59,moblie,Movie,5,4.3,1
ca7f24da-3133-419d-86ab-a06bd4ce7ccc,2025-03-31,Wednesday,08:36 PM,12:36 AM,moblie,Movie,5,5.0,1
edac72d7-ec05-424d-b9fc-d7e31008a485,2025-06-14,Friday,09:09 PM,23:09,lptop,Series,2,6.2,0
40fcea02-3ec6-445e-b044-e9c26ab180c2,2025-03-28,monday,03:19 AM,04:19 AM,,Series,1,6.2,0
3210ee9c-b664-46f8-95ec-97d6a41f08a1,2025-02-10,wednesday,20:52,23:52,TV,Series,4,7.2,1
156bda20-95cf-41aa-a83c-3eb300bbb954,2025-04-15,monday,07:23 PM,09:23 PM,moblie,Series,1,5.1,0
9a719071-1b03-497c-93ef-9bb8aa6e78d0,2025-08-03,Saturday,08:36 PM,12:36 AM,lptop,Series,6,6.0,1
b83605fb-b474-4796-988a-cfb6ed6ef709,2025-05-06,Friday,09:51 PM,11:51 PM,TV,Movie,1,5.2,0
5487de73-78ab-42c6-b312-27b90c341a0f,2025-07-03,Monday,21:50,10:50 PM,Tablet,Documentary,3,5.0,0
caac6616-4bbd-49c8-b06b-33860679dd8e,2025-06-25,wednesday,04:47 AM,07:47 AM,Laptop,Documentary,6,4.5,1
99fd3622-14ca-42c9-93fb-d888667818f7,2025-05-03,monday,22:24,01:24 AM,lptop,Movie,2,4.6,0
72852e8f-8231-4240-a84c-8c3dbe26b2a3,2025-05-30,monday,22:05,00:05,TV,Series,1,6.1,0
61cfd058-2756-495e-9624-54d934f5be6d,,Wednesday,06:25 PM,20:25,Laptop,Series,1,4.3,0
b09c207c-ccd7-4667-8e2c-24d226342caa,2025-05-28,tuesday,03:53 AM,06:53,TV,Documentary,1,6.5,0
3f9b1972-fa4f-466b-9e5a-6a289fed90b8,2025-05-08,Thursday,22:57,12:57 AM,moblie,Documentary,4,,1
54bb322a-d735-4c63-88b8-8ef80095e545,2025-07-20,Friday,21:51,11:51 PM,Laptop,Documentary,1,7.0,0
30878f74-23f5-4628-9813-08e4e18fd6ca,2025-07-21,Sunday,11:13 PM,12:13 AM,Laptop,Documentary,6,7.8,1
6d4b65ba-ea43-49f6-9060-099eef81a40c,2025-06-07,Wednesday,08:09 PM,09:09 PM,moblie,Series,1,4.9,0
9379fe9a-f279-4bee-976e-07b61a31d82d,2025-05-11,tuesday,23:17,01:17 AM,Mobile,Series,4,6.7,1
c3adbc3d-ab43-4a32-a497-2d4a8dbe99b9,2025-07-23,wednesday,4:38,06:38,Laptop,Movie,4,6.3,1
e52297c9-2062-4ccf-a3cc-6541b329e6c2,2025-02-27,Sunday,23:55,03:55,lptop,Series,1,7.9,0
78269eae-4b2c-4e9e-9f3f-d843e6826420,2025-06-13,Friday,07:42 PM,23:42,Tablet,Movie,3,6.4,0
9e1e4072-49d9-47e9-a495-cda582b7cd63,2025-02-15,wednesday,22:53,02:53,TV,Movie,1,4.9,0
0682dc21-8f55-4210-9d5d-54e765eb9931,2025-02-26,Saturday,09:22 PM,23:22,,Documentary,5,5.2,1
b454b3d0-1d37-4f66-88cf-69826c1a478a,2025-02-14,Tuesday,19:57,22:57,Laptop,Movie,2,4.9,0
2f53457d-5f8b-4c9b-bcd9-d1b30750e740,2025-04-19,Thursday,06:30 PM,07:30 PM,lptop,Movie,2,5.2,0
00c37e16-5004-4207-a008-5b8bf9573bc4,2025-04-02,Wednesday,10:03 PM,23:03,TV,Movie,5,6.7,1
ba40c8cf-0279-4344-98e0-57f5e491cd8e,2025-07-13,monday,2:52,06:52 AM,Laptop,Series,6,5.5,1
1aabe853-7602-4569-bce7-133af8f483fe,2025-06-23,Friday,22:26,23:26,TV,Series,2,7.5,0
75096314-835b-4709-b226-bdc620aee1cc,2025-08-01,Sunday,08:30 PM,23:30,Tablet,Movie,2,6.4,0
bb8458b3-c19b-44eb-9311-7efe767b80e0,2025-02-07,Thursday,22:21,23:21,TV,Series,5,6.5,1
1000858a-6cf1-4ee4-b30d-a4471d5a90ee,2025-03-28,wednesday,23:40,12:40 AM,moblie,Movie,6,5.8,1
4b5c092e-b2f0-4c17-8685-d3192d44b18a,2025-04-26,Monday,22:41,02:41,lptop,Documentary,1,4.3,0
6cc2232e-7b35-4e3d-aaab-eb82b9140086,2025-03-05,Wednesday,19:13,21:13,Mobile,Documentary,1,5.8,0
c1c26567-70be-4961-b0f9-632d528e5b17,2025-07-13,Wednesday,07:03 PM,08:03 PM,moblie,Movie,6,7.4,1
83face86-afa0-4882-b538-9a434c917f97,2025-08-04,wednesday,23:11,02:11,Laptop,Documentary,2,4.2,0
4de435f7-755e-4e78-b491-89243c0606ce,2025-02-13,Sunday,4:38,08:38,Tablet,Series,5,6.0,1
8542ebcc-2f61-403d-b78c-16bc46ecd229,2025-02-10,Saturday,18:21,21:21,Laptop,Documentary,6,5.3,1
edb761df-78b5-48a3-8664-0942f2d8b5f5,2025-02-16,Saturday,19:04,23:04,Laptop,Movie,5,6.8,1
43a50102-e4bc-4ba5-8ea0-399de2fd4f98,2025-04-04,Thursday,06:54 PM,09:54 PM,lptop,Documentary,1,5.7,0
75e3eb80-0b98-424a-bfe4-9e68bda52d7d,2025-07-14,Saturday,23:16,02:16 AM,Mobile,Documentary,3,6.7,0
ca0c839c-1911-4cf9-bbec-b0abcfb8420a,2025-03-12,Monday,10:41 PM,11:41 PM,Tablet,Documentary,3,7.6,0
f2b89b9a-11bc-4f39-9bc6-90cbdd0ded7a,2025-07-13,tuesday,06:46 PM,09:46 PM,,Documentary,1,7.0,0
a36dc640-5e16-4844-9b02-31feac3f2b86,2025-03-14,monday,2:11,06:11,Laptop,Series,5,6.1,1
8c8d9251-03c6-4328-bdd7-b7795dfb9fdb,2025-05-04,Monday,10:24 PM,23:24,Mobile,Documentary,2,4.9,0
dfe6fbf8-ed1d-408b-a757-39541a58ba8f,2025-07-22,monday,23:47,01:47,TV,Documentary,2,5.9,0
4e723b20-940d-4e1b-b7be-1f37d783f9a6,2025-05-23,Wednesday,02:07 AM,05:07,lptop,Movie,1,6.6,0
79b39ead-5ab8-4d19-a9e7-56551fcc3fe3,2025-07-20,Thursday,06:55 PM,09:55 PM,Laptop,Documentary,1,5.6,0
e53a6fc4-d65c-4487-ada8-662de07c2f9c,2025-06-05,Sunday,10:36 PM,01:36,lptop,Documentary,3,7.4,0
5b9a19cc-6c9e-4e60-a800-4c5546224d3c,2025-03-22,wednesday,21:48,01:48 AM,moblie,Series,1,7.5,0
a1b8fa3d-d292-4869-b6d0-9a874b2d1e0d,2025-03-28,Monday,21:28,00:28,,Movie,1,6.5,0
a14d04b5-579b-440b-90da-7d6a82a20fc7,,tuesday,06:57 PM,19:57,Laptop,Documentary,3,4.8,0
e1fab6f8-8455-481f-a0f6-2a091be1a2e8,2025-05-22,Thursday,01:36 AM,04:36 AM,,Documentary,1,,0
cf82c9cb-7153-4951-b079-1b98a8759552,2025-03-25,Friday,08:08 PM,23:08,TV,Series,2,7.0,0
5a6384bd-f230-4de0-958f-0e3cb8a08fef,2025-06-21,Wednesday,08:41 PM,23:41,moblie,Movie,1,4.6,0
a0167fdd-7fd8-4022-a7e8-5e8655a28c7d,2025-07-25,Sunday,19:01,20:01,moblie,Movie,1,4.7,0
ee0d4c0b-edc3-4360-8131-cbdeb3313059,2025-03-01,monday,10:57 PM,11:57 PM,,Series,3,5.4,0
617020b0-9e84-4e7d-a698-b7be10a7eae2,2025-08-01,wednesday,19:46,20:46,Mobile,Movie,3,6.8,0
b98cae0c-fb2d-4790-9b9d-c459a5cc7dfe,2025-07-27,tuesday,11:32 PM,03:32 AM,Mobile,Documentary,2,6.4,0
05c1ee75-268d-4feb-8167-d1e9885e198b,2025-04-08,Tuesday,21:16,22:16,Mobile,Documentary,4,5.8,1
1adf5c51-2e2e-49ce-8cb6-f79a25d96f35,2025-07-17,Thursday,22:41,02:41 AM,lptop,Movie,6,7.2,1
0f5308e0-fc21-4f64-9360-f102f0f69bf1,2025-07-26,Sunday,11:15 PM,02:15 AM,TV,Movie,4,7.9,1
6e73b5b3-c257-4374-b95e-047288e5aa7a,2025-07-22,Thursday,22:39,02:39 AM,Laptop,Series,4,6.7,1
b7da4e04-1d7c-4909-978b-52db8e24c15e,2025-05-22,Friday,08:55 PM,10:55 PM,TV,Series,1,5.5,0
bf97475b-694a-43b1-9448-67bfff1a6254,2025-04-29,Sunday,3:24,06:24,lptop,Documentary,4,7.3,1
8cf19453-b9b8-436c-93c9-db5285842f35,2025-03-28,Saturday,19:51,09:51 PM,moblie,Documentary,11,3.0,1
2eaf338a-450c-4bbf-87fd-7999ead74921,2025-07-10,Wednesday,22:05,11:05 PM,lptop,Documentary,6,5.7,1
35629b21-522a-42dc-979b-7c39bd4cbf1f,2025-02-14,Saturday,19:06,21:06,Tablet,Series,1,4.3,0
71d993f4-e04c-4bd7-81f5-3ad3e525600d,2025-06-21,Monday,11:20 PM,03:20 AM,TV,Movie,2,4.6,0
b8858e8f-2daa-4cb1-bfe2-68338c404f39,2025-08-04,tuesday,5:28,09:28 AM,moblie,Series,4,6.6,1
be349264-26e5-4b23-9f6c-767bb5e1350d,2025-07-09,Tuesday,11:51 PM,12:51 AM,Tablet,Series,5,5.6,1
52cb285d-f587-47fb-8653-42b623187945,2025-05-25,Friday,06:55 PM,10:55 PM,Tablet,Documentary,5,7.2,1
970ef018-8043-4275-9e47-43d0dea12b9c,2025-05-02,tuesday,4:58,08:58 AM,moblie,Series,2,4.6,0
56cdca77-cb3c-4143-bc0f-a6e861ca5108,2025-07-19,wednesday,01:44 AM,03:44 AM,lptop,Documentary,6,5.6,1
e59ef05c-5d21-4188-b7da-8a940053eb3c,2025-03-03,wednesday,19:07,21:07,TV,Documentary,3,5.1,0
9a20ecce-eb71-4b3e-a388-8a6d22a71255,2025-02-18,monday,08:41 PM,23:41,moblie,Series,5,7.0,1
c94ae07b-5735-4c63-af16-6036b0f200f0,,Tuesday,20:48,00:48,Laptop,Movie,2,,0
ce632e66-e0c8-4692-bfa0-451df202a305,2025-05-30,Wednesday,21:46,12:46 AM,TV,Movie,2,5.0,0
ab9ace84-aca9-48b8-88a4-1b8289a0645b,,Wednesday,5:58,09:58,,Documentary,6,5.7,1
789ad2f7-e4ed-4293-9de2-093d52417d17,2025-08-02,wednesday,11:12 PM,01:12 AM,lptop,Movie,4,6.7,1
316f4e6e-9de6-43ad-adc2-9fadf25245f9,2025-07-02,Sunday,0:34,04:34,Laptop,Movie,1,7.9,0
e62b6524-b277-4154-812f-cd7cda91786c,2025-07-14,wednesday,08:49 PM,09:49 PM,,Movie,2,7.0,0
ad8ce7dc-da81-4d58-bbfd-4386f17cc569,2025-07-16,Saturday,06:26 PM,20:26,lptop,Series,3,6.7,0
d63ea4e7-a0f6-4121-b377-bfcbefa8cb3d,2025-04-21,Sunday,08:44 PM,21:44,moblie,Series,3,,0
6ada709e-3088-4934-a58a-4504533598d1,2025-03-07,wednesday,08:55 PM,00:55,Mobile,Series,6,7.3,1
e866afe0-1885-4b88-abcb-f84c24b85199,2025-04-04,wednesday,21:43,10:43 PM,lptop,Series,5,7.5,1
08c6d546-3112-4a52-9179-8447ac26ceed,2025-02-19,Friday,21:52,23:52,Tablet,Movie,1,,0
c3030fa8-02d7-4b5b-9b75-6c8dd14096b0,,Thursday,23:36,01:36,Tablet,Documentary,6,5.1,1
c643e04b-7c4f-453a-863a-285b1bd6855c,2025-04-06,wednesday,19:09,09:09 PM,TV,Movie,6,7.3,1
d78e6ec5-0715-42bf-8ca5-85d65d061d9f,2025-05-27,Tuesday,18:27,09:27 PM,lptop,Series,5,4.3,1
bffefe09-220e-41f9-9bdc-49fae1476b5e,2025-06-04,monday,19:25,20:25,Laptop,Series,5,6.5,1
a270a4a8-4f85-419a-b25a-137768b622ba,2025-03-07,Thursday,19:39,23:39,,Documentary,3,5.2,0
3d34b6eb-721f-44dc-9236-609b91f35033,2025-06-24,Monday,2:24,03:24,lptop,Movie,6,6.6,1
43658df2-2d53-4d91-adfd-2b2aca4c5faa,2025-02-18,Wednesday,21:50,10:50 PM,lptop,Series,5,6.3,1
8bb6c527-63a2-4b60-b697-88fa770eb72d,2025-04-12,monday,08:10 PM,10:10 PM,lptop,Series,6,7.3,1
9141fa49-a50c-420c-958d-af52ca626136,2025-05-15,Thursday,11:34 PM,01:34,moblie,Movie,3,6.2,0
ccac2660-bae6-4ad7-9edb-798dd49dad98,2025-03-19,Tuesday,20:57,12:57 AM,Tablet,Movie,1,4.7,0
0a358114-f66d-477a-928e-c88f17cc6f2f,2025-02-18,Thursday,08:42 PM,21:42,Tablet,Movie,1,,0
ff7fa3b6-dc8b-402f-b6ef-81d90bc9016d,2025-03-05,tuesday,20:55,11:55 PM,lptop,Movie,14,3.0,1
74601e96-b997-413a-9a06-64a0960a524c,2025-06-06,monday,23:54,03:54 AM,Tablet,Movie,3,6.6,0
2917e757-69bb-46f8-a0d5-c56f2318153f,2025-05-04,Thursday,20:40,22:40,lptop,Movie,2,4.1,0
a41986f0-cc7a-4e98-8a06-432fd4902055,2025-08-04,Monday,08:46 PM,10:46 PM,Laptop,Documentary,1,7.0,0
fd9a0633-2f81-48b0-ac0e-d095abb3605f,2025-05-17,monday,03:47 AM,05:47 AM,moblie,Documentary,5,4.5,1
d26fed0a-3c02-4370-ab0b-fd2323a89cc8,2025-05-27,Sunday,10:48 PM,23:48,Laptop,Series,6,4.1,1
28341cba-104a-4a0c-b6e4-00d7655b36ab,2025-06-09,Tuesday,06:18 PM,09:18 PM,Laptop,Documentary,6,,1
90d14946-6ec4-436b-a342-ed11f1a46fcb,2025-08-04,Sunday,06:43 PM,22:43,moblie,Documentary,2,7.6,0
da2becd0-161f-4396-9a4b-100fcf2c750d,2025-04-05,Friday,08:53 PM,22:53,lptop,Documentary,5,4.6,1
037c5310-a5b6-412e-a184-da185d35729f,2025-06-28,Friday,23:54,01:54,TV,Movie,2,7.7,0
57c0d0b5-1833-4000-9324-6e9634bbd43b,2025-04-04,tuesday,4:21,05:21 AM,lptop,Series,1,7.1,0
7806cd59-7c64-4e76-ac7a-27c8a451da6c,2025-06-12,Monday,04:50 AM,07:50,Mobile,Series,6,5.6,1
8eca344f-92b6-47ae-8a6e-edca198b361e,2025-05-31,Thursday,11:02 PM,02:02 AM,moblie,Movie,5,4.4,1
4b6d08d2-21ab-4c3f-a03d-90b3951ee8de,2025-08-06,tuesday,10:58 PM,12:58 AM,Tablet,Documentary,2,4.2,0
f5e6fe21-9eef-48fd-be46-093db8d6c748,2025-06-24,Tuesday,06:28 PM,20:28,moblie,Series,6,5.4,1
3f442bb8-a485-432b-bcf0-0b785af44b7b,2025-07-30,Wednesday,18:36,09:36 PM,TV,Movie,5,5.4,1
21d382f1-f5b8-496b-883e-bf1054d4420e,2025-03-10,Thursday,08:01 PM,11:01 PM,moblie,Movie,6,4.9,1
248c3b27-8d99-47a3-a4e0-bc30940455d7,2025-06-15,Thursday,23:38,00:38,,Series,3,7.3,0
8833a471-710c-409f-b3f5-5a1c26564ab3,2025-06-13,Friday,18:08,20:08,lptop,Documentary,3,5.0,0
5ba57a0b-ad3d-422c-902c-b110e3bac06e,2025-04-08,Sunday,19:29,11:29 PM,moblie,Series,6,5.4,1
06d6ca52-8962-4be2-b48a-0e7607d798e6,2025-06-16,tuesday,06:25 PM,10:25 PM,moblie,Documentary,6,6.1,1
dfa2a472-9ed5-42f0-9dbc-df181e7e48ba,2025-05-15,Thursday,22:18,00:18,Laptop,Documentary,1,6.4,0
4fe0ee41-0d43-4f5e-a319-c67b8dd63cbd,2025-07-30,monday,22:41,02:41 AM,Tablet,Series,1,5.8,0
251969b5-6cf0-440f-9659-495973ac5015,2025-03-28,Friday,21:52,11:52 PM,TV,Movie,6,7.9,1
9bbebb2f-b695-49a0-b82c-242ccb5d558e,2025-07-31,Sunday,4:07,07:07,Laptop,Series,1,4.3,0
3c9382e5-a314-4d5b-bd05-c24886ecee69,2025-07-19,Saturday,07:52 PM,11:52 PM,lptop,Documentary,6,7.8,1
0016556a-350b-4309-92c0-766088babab6,2025-06-11,Friday,09:33 PM,10:33 PM,TV,Documentary,3,7.5,0
90306495-9fd4-4368-85e7-f6169ce9c303,2025-03-02,Saturday,21:43,00:43,Tablet,Movie,2,4.5,0
7d0a2349-7d81-4835-9929-6763f764502e,2025-05-01,Thursday,20:26,21:26,Tablet,Series,5,7.5,1
f62d7c95-2a0c-4e24-9eca-966bc741d916,2025-04-26,Tuesday,07:42 PM,23:42,,Documentary,1,6.8,0
cbf79db3-e4b9-4f2f-9500-f1a0c9a8f6c6,2025-03-31,Wednesday,19:25,20:25,Tablet,Movie,4,5.0,1
72ca8ae2-63b6-4187-929a-180319273241,2025-05-01,monday,09:44 PM,01:44 AM,Laptop,Series,15,2.6,1
36f346f6-0d88-42e1-984c-7dc1f41c3f75,2025-02-09,Thursday,04:31 AM,07:31 AM,TV,Documentary,6,4.6,1
7687b87f-e8df-4d78-a3d7-8f93cb2045f2,2025-05-09,Tuesday,03:04 AM,05:04,,Series,3,4.0,0
5dc4b151-1397-452c-b391-0ecfd220e3ed,2025-06-11,Monday,21:10,01:10,,Documentary,1,4.5,0
0b3b3117-bfaf-44c1-926d-fad2b8ecd098,2025-02-24,Monday,21:16,00:16,Laptop,Movie,2,6.2,0
59167fb4-798c-4ae5-a676-ddf91318166a,,tuesday,11:23 PM,01:23,,Movie,2,4.4,0
cd643c4e-f4e5-492d-92fa-99c7a54d89e7,2025-07-20,monday,11:02 PM,02:02,Tablet,Documentary,4,7.8,1
077e587d-3e86-4d4d-80fc-6af1b8669150,2025-03-13,Sunday,20:09,09:09 PM,TV,Documentary,2,7.7,0
00c1f89d-3fe0-4844-bd85-7ea67be29f22,,Saturday,19:43,21:43,Tablet,Movie,1,7.6,0
3deb3930-046c-410c-bce5-2d8165746704,2025-02-23,Wednesday,0:35,02:35,Mobile,Series,1,7.4,0
d4d0bc0c-d9d0-4103-84e1-f0d5c67fab8b,2025-07-17,Sunday,09:04 PM,23:04,Laptop,Movie,3,6.7,0
22ce19a1-554e-4b41-8ab6-838140e6e866,2025-06-07,Thursday,20:04,22:04,lptop,Series,2,4.6,0
31350ed5-257e-41af-99fc-ef631711d34d,2025-05-05,Monday,20:05,12:05 AM,Laptop,Movie,2,4.3,0
d5b149a6-d87c-4ffb-8d5c-0bb609cbe535,2025-06-28,Wednesday,01:02 AM,05:02 AM,Laptop,Movie,4,4.2,1
9c166541-b660-4dd8-a67e-00f1a7066bfe,2025-06-15,Saturday,20:00,09:00 PM,Tablet,Movie,2,5.9,0
27eb539a-e387-492b-8f5b-f4e943bddfc6,2025-03-15,Wednesday,12:36 AM,04:36 AM,TV,Movie,5,4.1,1
bc3791d2-0cbe-4c97-ba0f-bc6ad1835f30,2025-04-13,Tuesday,06:35 PM,21:35,TV,Documentary,1,5.1,0
e7a8ddff-37b7-4f29-b284-a716a0f2332a,2025-06-29,wednesday,21:12,12:12 AM,Laptop,Documentary,4,5.1,1
433bad24-4920-4398-8e66-6e238e10ede8,2025-02-18,Tuesday,22:53,11:53 PM,TV,Documentary,4,5.2,1
664e0e2a-bf3f-4cc5-ba22-57722c433b59,2025-05-12,Saturday,09:50 PM,23:50,TV,Movie,4,6.9,1
4063e024-35a5-44d2-9b8a-f08760622b8b,2025-02-08,Saturday,20:12,11:12 PM,Laptop,Documentary,6,5.2,1
afdfcc39-7e21-43b5-bedb-82167d8e5201,,Friday,4:35,05:35,TV,Series,5,4.1,1
69306652-d410-4246-8bae-51a995812ca2,2025-07-21,monday,4:57,06:57,moblie,Documentary,4,,1
c1c40765-3eeb-4e87-886a-ea0541c5bcc3,2025-03-25,monday,06:00 PM,19:00,,Documentary,4,6.5,1
1c08b420-c285-423c-a3f4-3742378de9e1,2025-04-29,Friday,08:03 PM,00:03,moblie,Series,4,5.7,1
2ebd341f-cf2c-449d-82d7-234ac19b46f8,2025-08-02,Thursday,18:34,20:34,Laptop,Series,5,7.5,1
bf0a5b95-7cca-4b9a-abb2-97fb56c4dc22,2025-07-23,wednesday,09:21 PM,11:21 PM,Mobile,Movie,6,4.7,1
b171420c-b883-4efb-b7da-8bfdb274c501,2025-06-08,wednesday,20:55,11:55 PM,Tablet,Movie,1,6.2,0
9cc9d442-ad07-4a29-bc11-bc7d049885b7,2025-04-08,tuesday,08:16 PM,11:16 PM,Laptop,Documentary,3,6.8,0
26e134cd-7a11-4bd6-85dc-ea90958b0f08,2025-05-20,tuesday,0:33,02:33 AM,,Series,4,6.0,1
dca8d112-3179-4565-ac14-5a1af0ffed78,2025-05-05,Wednesday,21:12,00:12,lptop,Movie,2,5.5,0
9c70db21-333e-4b96-ba33-1d244c4d7590,2025-04-05,Saturday,08:01 PM,09:01 PM,lptop,Movie,5,6.5,1
699304d2-f836-4f2b-b6b9-acb7fc68ff17,2025-04-15,wednesday,18:20,21:20,TV,Documentary,1,6.9,0
dd015b72-d913-4ac5-a4d4-85514eadb13b,2025-05-08,Sunday,07:10 PM,22:10,TV,Series,6,6.9,1
8173eec1-9e69-4786-a72c-94013be91ae5,2025-03-29,Sunday,02:11 AM,03:11,Tablet,Documentary,6,5.9,1
94dfbe9e-8b01-4929-98e1-2f8c4c403361,2025-06-30,Thursday,20:33,12:33 AM,moblie,Movie,3,,0
2794aa32-a12a-402d-8275-070d3b97350f,2025-02-15,Sunday,21:30,01:30 AM,lptop,Series,5,5.0,1
09a463c0-a131-4c89-b082-55220a645f05,2025-06-12,Sunday,08:27 PM,00:27,lptop,Series,2,6.2,0
df5bcded-2514-427f-9ab1-a703b2667eb8,2025-03-12,tuesday,22:33,23:33,TV,Documentary,1,6.7,0
ffe212c3-ac99-4847-9f01-1a042cbce609,2025-06-22,monday,02:32 AM,05:32,TV,Documentary,3,5.9,0
1d6a1f27-b37c-43a9-93e5-442a758b9c0f,2025-03-17,Sunday,07:28 PM,23:28,Mobile,Movie,2,7.2,0
0344380e-04b2-4f4b-ad9b-d10c4dc5382c,2025-05-28,wednesday,18:08,07:08 PM,Laptop,Documentary,3,7.8,0
20d33906-bd0b-446d-9c95-7556511a1bd4,2025-03-31,Sunday,21:02,01:02 AM,Tablet,Documentary,5,6.5,1
29e567ed-e506-437a-a8e2-0e3b384fea64,2025-03-24,tuesday,05:18 AM,06:18,,Documentary,4,4.4,1
ef1566a8-43bf-4acd-9dec-e82d3904c5ff,2025-06-03,wednesday,23:52,01:52,,Movie,3,7.2,0
6a1ee8a5-b7cd-43a2-af41-97c4e7da6b7c,2025-04-19,Friday,20:28,09:28 PM,TV,Series,5,6.5,1
3d49874f-33e2-4cfd-8927-03fa0ea044b5,2025-03-10,monday,02:38 AM,03:38,Mobile,Series,3,5.1,0
9463867d-d76b-4068-9179-2163ff7c05c7,2025-04-19,Monday,20:39,10:39 PM,Mobile,Movie,1,4.7,0
32ceb131-1df7-46a6-b1b6-4a718a9ca680,2025-03-05,tuesday,08:22 PM,10:22 PM,Laptop,Movie,5,7.9,1
9deb99f8-87ec-4c19-81d2-53feae4f4296,2025-05-15,wednesday,5:20,09:20,lptop,Documentary,3,7.9,0
e093ed2f-4132-4a23-bab7-2de8fa7cc1f5,2025-05-04,Saturday,04:06 AM,08:06,Tablet,Series,3,5.9,0
237522cc-2742-4f82-97fa-9a8fed10e6ea,2025-04-25,Friday,07:48 PM,21:48,Tablet,Movie,1,7.9,0
1dd7b6b1-2ee1-49c6-a6b2-b7f286c51be6,2025-06-20,Tuesday,11:05 PM,01:05,Laptop,Series,2,6.5,0
65e1f1a0-c7ae-4d64-8e8b-ec45c998c266,2025-07-03,Wednesday,3:28,04:28,TV,Documentary,1,6.0,0
4b54c032-d229-444a-acf4-3d17c1c5aff9,2025-07-22,Tuesday,20:17,23:17,moblie,Documentary,6,6.9,1
5323cd57-41d8-4d7b-a0d4-92a79163a9c8,2025-07-14,Wednesday,2:55,03:55,Mobile,Documentary,6,6.0,1
29f5b398-ee94-42af-b75e-eb740d7c97c9,2025-04-15,Thursday,06:22 PM,10:22 PM,Laptop,Series,2,4.5,0
a53f375c-4ffb-4ba1-b03a-0b71cdac4f9f,2025-03-30,Saturday,05:20 AM,08:20,,Movie,5,5.8,1
9e9eeb7e-836c-4b63-8b9e-d96487e988a2,2025-04-17,tuesday,06:48 PM,21:48,,Documentary,4,5.9,1
ce0f3cc5-be69-4cf1-916f-4a04d83b1b41,2025-02-13,wednesday,08:13 PM,11:13 PM,Laptop,Series,1,5.5,0
95917392-3830-4ebf-9394-83fe6a0b008b,2025-06-05,Friday,09:41 PM,01:41 AM,Tablet,Documentary,4,6.1,1
a282e187-2fff-4142-8192-209d51dd42de,2025-03-21,tuesday,08:09 PM,12:09 AM,Tablet,Movie,6,6.6,1
bd37800b-af4a-42e7-b992-3508c470a26e,2025-03-04,Wednesday,1:40,05:40 AM,Mobile,Series,2,5.2,0
cb158bd5-c596-42f1-b805-e6724bafac40,2025-05-21,Thursday,0:43,02:43 AM,Mobile,Series,5,7.8,1
496a501b-da65-4437-bc2d-d37f7f36b6f6,2025-04-02,Saturday,18:12,20:12,TV,Movie,5,6.2,1
1cee1836-18ac-4d7b-b6d0-bc6189824a77,2025-07-21,Wednesday,08:16 PM,22:16,Laptop,Series,4,4.7,1
ad01b5df-cf50-4176-b8f5-8ed10ed5fe3d,2025-06-05,Friday,05:59 AM,06:59,moblie,Movie,3,5.0,0
2420ddfd-6284-48ae-b8b1-d5ba87d525c9,2025-02-22,Tuesday,22:46,02:46 AM,lptop,Movie,6,5.9,1
e939ec7c-5d75-4b9d-b70e-c7213ff025b1,2025-07-27,monday,18:57,08:57 PM,,Documentary,5,6.7,1
4a0e7697-9abd-4722-84a9-1efa5ff758d4,2025-06-24,Wednesday,06:31 PM,21:31,Laptop,Movie,6,,1
07fe1a5d-9394-4c52-b4f5-ab3cb29b2210,2025-06-09,wednesday,10:42 PM,11:42 PM,Mobile,Series,6,5.9,1
638ab726-4146-4cac-913c-65adc3a556e3,2025-06-01,Tuesday,21:19,12:19 AM,Laptop,Series,1,,0
4c96e835-50d7-436a-ae9d-2f6c71ca54a8,2025-05-09,Wednesday,07:55 PM,22:55,lptop,Movie,3,5.9,0
c70c0a3b-6be5-40b2-b3c9-8e55a785aaa1,,wednesday,04:54 AM,08:54,TV,Documentary,2,7.4,0
918f1a87-54be-45f4-88f8-14c439667475,2025-02-20,Monday,21:10,01:10 AM,Tablet,Series,6,7.8,1
cf21c268-be4a-4fb2-8167-74bd8b1a672e,2025-03-15,Monday,21:30,00:30,TV,Documentary,5,4.0,1
1f59831a-de7a-4276-aea6-acbd17ce8ca1,2025-06-08,Thursday,01:11 AM,03:11 AM,,Series,2,4.1,0
e278a89c-ec7c-443b-bf2c-67e568e130a1,2025-02-27,Tuesday,07:28 PM,23:28,Laptop,Documentary,3,5.7,0
5555e49a-43b8-4098-b489-fdefead5b5ff,2025-06-13,wednesday,07:57 PM,10:57 PM,lptop,Movie,1,5.8,0
770e864e-f9b3-4718-bb22-1e60f8f51b81,2025-05-14,wednesday,06:25 PM,22:25,Laptop,Documentary,5,7.2,1
f15dd131-c933-474f-b948-81cbb752fc42,2025-03-02,Saturday,06:51 PM,07:51 PM,Tablet,Documentary,6,6.6,1
0970cb77-513d-4b18-a026-d3bed920a63c,2025-06-05,Thursday,11:12 PM,02:12 AM,TV,Movie,2,7.6,0
da3236fe-3f44-452c-a1ea-27c0bdd88a2a,2025-02-14,Friday,07:18 PM,20:18,moblie,Movie,2,,0
309c316b-279a-471a-9821-803c459b29f1,2025-03-18,Sunday,12:04 AM,02:04 AM,Mobile,Documentary,1,4.5,0
411ed33c-19c8-4bbb-9948-7f0e3b399d91,2025-02-18,Wednesday,11:07 PM,01:07,moblie,Documentary,3,6.5,0
6597c239-27e9-40d0-a47a-9b11dc61ab79,2025-03-02,Tuesday,22:53,12:53 AM,lptop,Series,4,4.7,1
3514b89f-9fe6-4066-9760-c724fb5833d0,,tuesday,01:47 AM,05:47,,Series,6,8.0,1
da2ab2ff-b7b6-4f4b-8353-431143a38e3b,2025-03-04,Sunday,11:41 PM,01:41 AM,lptop,Documentary,3,6.3,0
8cf048de-2911-4b37-8212-24e593c27732,2025-02-14,Saturday,06:18 PM,22:18,moblie,Series,6,,1
021c60e9-ae26-46e6-87ba-2f6685b98c3e,2025-05-03,tuesday,07:23 PM,21:23,Laptop,Documentary,3,6.2,0
a959b258-836e-4c9b-9de3-fe98e69ed9a3,2025-05-12,Saturday,23:01,03:01 AM,Mobile,Documentary,4,8.0,1
0dbc42e3-571b-4d3a-99c3-a835fb3da9c6,2025-07-07,Friday,23:37,12:37 AM,,Movie,1,6.6,0
2a0148c6-1cf2-4b62-8e4c-2d7060d646a4,2025-08-06,tuesday,06:29 PM,22:29,Tablet,Documentary,4,5.5,1
ea1b628c-d27c-4c93-a57f-2f0a710053ad,2025-08-05,Wednesday,08:55 PM,21:55,moblie,Movie,6,4.1,1
04de7d39-7f01-4a99-9b95-a4e8d662aaf2,2025-05-29,Thursday,18:02,08:02 PM,Mobile,Movie,6,6.8,1
d8a6818d-1985-4efe-a0ff-4cd26bf0bb07,2025-03-11,tuesday,20:07,23:07,moblie,Movie,6,6.8,1
07e6d675-e0a3-4064-8bb9-7c2ed82ed649,2025-03-08,wednesday,18:01,19:01,Laptop,Movie,6,5.8,1
05cf7f61-487c-4011-9004-cc1a323f66c3,2025-03-31,Tuesday,21:16,00:16,lptop,Series,1,5.2,0
ddba8e38-eb08-4a00-b62b-31e674218f3d,2025-06-04,Sunday,19:13,10:13 PM,moblie,Series,6,5.1,1
0c809782-dff2-402b-94c1-729952bb0391,2025-03-23,Sunday,02:40 AM,04:40 AM,lptop,Series,2,6.8,0
9b63bb95-9b0d-4b63-9f96-b78d3a180171,2025-02-11,monday,09:49 PM,10:49 PM,,Series,1,5.2,0
3993ba73-3f4c-4dab-81b0-1c57787eacfb,,Monday,09:53 PM,23:53,moblie,Movie,6,6.4,1
96295053-01c9-4b96-bc83-456d653e3846,2025-02-22,Monday,10:48 PM,01:48,Tablet,Movie,4,7.2,1
c1c39190-393e-4cbd-bf8a-67884753058b,2025-05-03,wednesday,06:05 PM,09:05 PM,Laptop,Documentary,1,7.2,0
ddbe0c82-4316-4e1a-b7b1-9ebbe2645ad0,2025-03-30,Saturday,19:59,10:59 PM,moblie,Series,5,6.3,1
cb8515a3-1e7c-41ae-bd34-02841ee41913,2025-07-26,Wednesday,07:35 PM,21:35,Laptop,Documentary,5,7.1,1
0f670f7e-55b5-4f93-813e-7e5ddadc1492,2025-07-09,Thursday,20:56,10:56 PM,Laptop,Documentary,1,6.4,0
3526380d-9665-469d-8cfe-90dc5014e339,2025-02-21,Friday,21:05,12:05 AM,moblie,Series,6,7.8,1
091d20cb-ce8b-42c7-bad8-3dd53ec1c86b,2025-06-22,Thursday,11:06 PM,01:06 AM,,Documentary,5,6.2,1
c2a2f2ff-36b2-4470-9f78-0a21918b663b,2025-03-09,Wednesday,21:46,23:46,lptop,Movie,1,7.0,0
5b62b2d8-9320-4082-b18d-a582f40bb62b,2025-06-20,monday,5:26,08:26,TV,Series,3,7.1,0
402afbd1-4223-44a7-ad63-e7c5032879bd,2025-06-17,wednesday,22:51,01:51 AM,,Documentary,2,5.5,0
ac14f717-d8a8-4bdb-b50d-3998b6902012,2025-06-24,Sunday,5:46,06:46 AM,,Documentary,6,4.6,1
3681caf1-30d5-43c4-9edb-9bf943366de5,2025-02-17,wednesday,06:09 PM,22:09,Tablet,Series,4,4.7,1
a9f50d9c-b5f9-47e6-90ff-45ff9700033a,2025-06-08,Saturday,20:55,12:55 AM,,Series,6,5.4,1
4f1a6260-9cbf-42c0-8b9e-d8f11f65a059,2025-02-21,Tuesday,03:56 AM,06:56,,Series,4,7.7,1
28d055e2-0cf2-4fc9-8452-c30e7224a292,2025-06-25,Friday,20:30,22:30,Tablet,Movie,4,4.3,1
0a0b7356-b219-4fdc-a78d-53fe42e69805,2025-05-20,Saturday,23:53,01:53 AM,Laptop,Movie,5,6.1,1
384aa309-ee9a-482a-af37-e8eaf2cf791e,2025-05-23,Wednesday,4:10,07:10 AM,moblie,Movie,4,5.0,1
d06ca5e5-aa45-4e1e-b266-681eaeac7bd4,2025-07-28,monday,19:51,21:51,Laptop,Movie,6,7.2,1
178bc47e-0ccb-40be-8275-180a4467cb92,2025-07-07,tuesday,10:40 PM,11:40 PM,moblie,Movie,5,5.7,1
4dd21a6f-2133-4b9b-bf12-01b8b49159d7,2025-04-16,Thursday,10:40 PM,11:40 PM,lptop,Movie,3,6.0,0
111c13e6-f65a-4cc7-91b7-8abe85175b54,2025-04-17,Saturday,05:05 AM,08:05,moblie,Series,3,6.6,0
9036a10d-1206-4566-a000-b78e0c1fc1b6,2025-07-26,Monday,03:25 AM,06:25,Mobile,Documentary,5,6.6,1
e709d208-654a-4fa4-98f2-f855bcb3f901,2025-07-31,tuesday,23:37,03:37,lptop,Documentary,5,5.6,1
616693c3-d37f-4d09-bfa8-1c9ae86ba88b,2025-08-01,Wednesday,11:20 PM,02:20 AM,TV,Movie,6,6.1,1
0395dfd2-398a-4f24-b871-56a6b6b0e89b,2025-08-01,wednesday,09:37 PM,11:37 PM,Mobile,Movie,2,7.6,0
4e3708dc-53bc-4ad9-b85f-eda0a252f564,2025-03-14,tuesday,23:15,01:15,TV,Movie,1,4.8,0
4e9afad7-b59c-4aae-9571-08a556e36824,2025-05-12,wednesday,07:32 PM,11:32 PM,TV,Movie,5,4.4,1
8095712f-f6b8-4773-ad0a-609c93740cb0,2025-06-09,Sunday,05:31 AM,06:31 AM,,Series,5,7.3,1
b9726e7b-e134-4e29-8e42-c5fc6b71be2c,2025-03-28,Sunday,05:27 AM,08:27,lptop,Movie,4,4.4,1
aaea22fb-26c3-4559-ba52-8ae4d2d83b48,2025-04-10,monday,10:07 PM,11:07 PM,Mobile,Movie,3,,0
28fe19d3-1c9e-4353-8ef8-1e8cc5fb2e70,2025-04-04,Friday,12:17 AM,03:17,Tablet,Movie,6,6.2,1
4871a0fd-7676-4408-85bb-30a8e7ffc9a9,2025-05-09,monday,19:42,09:42 PM,Mobile,Movie,12,3.4,1
5ed28f2f-534f-40e6-81d3-85b3b162b83d,2025-03-14,Monday,07:55 PM,10:55 PM,Mobile,Series,10,,1
b02bba75-3246-4bcf-b78c-9587a5cb4349,2025-02-10,Sunday,10:01 PM,02:01 AM,TV,Documentary,5,5.7,1
d7448951-dc6b-42cf-b652-193c559fde3e,2025-03-30,Monday,08:58 PM,23:58,lptop,Documentary,2,4.4,0
0268f33a-0b70-4e37-812c-bac35973171d,2025-05-11,Wednesday,10:36 PM,23:36,Mobile,Movie,2,4.2,0
1f8ac0b4-95a3-4142-8805-f2242deb8d8d,2025-05-20,Saturday,03:01 AM,07:01,moblie,Movie,1,4.9,0
f9d54c76-095c-483a-93ca-b56e42a7650c,2025-02-11,Friday,2:49,05:49,Tablet,Documentary,2,5.1,0
de74fb4a-91e9-4681-942a-e6d0b3762345,2025-03-22,tuesday,19:51,20:51,TV,Series,4,5.9,1
f9d795eb-080d-4f87-b966-bd1ca66990bf,2025-05-12,Thursday,21:50,01:50 AM,Mobile,Series,4,5.6,1
44ca0655-fea3-4e3a-a658-96118c978245,2025-02-09,monday,09:42 PM,23:42,Tablet,Movie,4,5.6,1
903a579a-4040-4d8a-a263-ddf5c42b9512,2025-04-19,wednesday,23:00,02:00 AM,TV,Documentary,4,6.9,1
67cc9fc9-aac8-47b9-9803-173240973588,2025-06-25,Thursday,09:45 PM,11:45 PM,,Documentary,4,4.7,1
ed1361e7-d505-4eee-aec2-1752333ff866,2025-04-02,Wednesday,04:43 AM,06:43 AM,TV,Movie,3,6.6,0
dd6916e0-2d91-4677-a3e9-3ecf8a5ec409,2025-04-22,Tuesday,18:31,09:31 PM,Laptop,Documentary,4,5.6,1
aed39f3f-a976-4075-8594-dc5348f62424,2025-02-21,Friday,11:53 PM,02:53 AM,Laptop,Movie,6,7.0,1
1cfac497-b98b-4fe3-a549-7621c00a6a4b,2025-05-19,Thursday,10:26 PM,00:26,Laptop,Movie,3,5.6,0
d3d586b3-dd23-410f-abeb-bcf2c575623c,2025-02-16,Tuesday,05:04 AM,06:04 AM,lptop,Documentary,6,5.3,1
d654eb84-d63f-450e-b353-046f8c01536b,2025-04-04,Saturday,11:06 PM,02:06,Mobile,Movie,1,4.4,0
f6e9890a-f511-4535-bc17-015352b113e7,2025-05-01,Sunday,18:29,10:29 PM,moblie,Movie,4,5.3,1
1350141f-9bb1-457d-8bef-77f597cdedd3,2025-03-14,monday,2:22,05:22 AM,TV,Documentary,3,7.9,0
6a1f6915-9af2-49d3-9eb9-d94ae3664b95,2025-05-18,Tuesday,08:55 PM,23:55,TV,Movie,6,,1
01882b2e-d8f7-4a4d-8e14-7c5a79856411,2025-07-18,wednesday,18:09,22:09,Laptop,Series,1,6.1,0
80e5f6c4-7466-4b24-983b-7b91d7346ef9,2025-08-06,monday,08:06 PM,22:06,,Movie,4,7.6,1
d7eb4f70-0c94-48f7-a078-a3e11ca3c5e0,2025-07-15,wednesday,5:42,07:42 AM,,Movie,3,6.0,0
9633b38c-ed6a-4fff-a614-d8f3fd3f95d2,2025-04-26,tuesday,3:22,06:22,moblie,Series,2,7.3,0
579af679-94b2-4b4d-9dc7-84e0acc9d721,2025-02-13,Sunday,12:46 AM,03:46 AM,TV,Documentary,2,6.2,0
06d98278-6d9e-45da-9884-84f8fc285794,2025-07-10,Tuesday,08:00 PM,12:00 AM,Tablet,Series,1,7.1,0
a673661e-4640-4eed-9397-636c9bc92d6b,2025-07-07,Friday,09:59 PM,11:59 PM,Mobile,Movie,3,7.1,0
20ddce06-654a-42ba-960f-0cf9272b9d19,2025-07-29,Monday,1:17,03:17,moblie,Movie,4,5.1,1
096f20d2-0057-438b-82b3-3cb6665ad8c7,2025-06-21,Saturday,19:02,21:02,moblie,Documentary,4,7.1,1
36ebca09-218c-499a-bfbe-9c3956b8652a,2025-05-14,Tuesday,23:36,02:36,moblie,Movie,4,4.9,1
0fdec864-7a77-425b-baf7-449cacf86c7f,2025-04-03,Tuesday,18:00,10:00 PM,lptop,Documentary,6,4.7,1
2ac8c612-e3be-485f-8823-6a2d3d87f220,2025-06-28,Wednesday,21:13,11:13 PM,TV,Movie,4,7.9,1
3bd71926-6b2b-48ca-b3ef-cfd178e9ea01,2025-05-02,tuesday,22:33,02:33 AM,moblie,Series,6,6.8,1
01858fe2-ed71-451a-9d7b-d2b014a96f78,2025-02-16,monday,3:56,07:56 AM,Tablet,Documentary,5,7.2,1
f442941d-b362-47b4-961f-231a8ad6faef,2025-03-11,tuesday,22:53,23:53,moblie,Documentary,3,,0
527b1d01-2519-4fb3-a11f-78292dfb8621,2025-05-11,Saturday,10:37 PM,01:37,lptop,Movie,2,6.4,0
d55f67b6-4f14-4f75-8462-7189c504d34e,2025-04-30,Wednesday,10:29 PM,11:29 PM,Mobile,Movie,2,5.6,0
7fd81ec0-c875-4ea0-bbd8-ea83137b8330,2025-07-30,Monday,06:02 PM,10:02 PM,Laptop,Documentary,4,4.6,1
fa243336-80df-4b72-b123-47e1dd2aadc5,2025-03-13,Monday,22:16,23:16,TV,Documentary,5,,1
33ec2900-9a5b-4067-9a73-4264bb0817f7,2025-02-12,wednesday,21:36,12:36 AM,TV,Documentary,5,6.6,1
d04bf3ea-50ba-4578-9e77-b4c8ebd9cb80,2025-07-24,Wednesday,19:38,10:38 PM,Tablet,Movie,3,6.7,0
f12bbca8-3774-44bd-9323-b4cf8fdef55f,2025-08-02,tuesday,09:35 PM,12:35 AM,moblie,Series,4,4.3,1
0afff72c-8f61-43a9-bd12-825a699d863d,2025-02-10,Thursday,06:52 PM,22:52,Tablet,Documentary,6,6.1,1
23054021-2782-4d30-b571-0ba4b00b19e0,2025-02-20,monday,09:23 PM,00:23,lptop,Documentary,2,4.1,0
4627273a-1bd2-4217-a77c-6347dc98be81,2025-03-14,Monday,21:59,11:59 PM,TV,Documentary,2,4.5,0
7d3b976f-03b7-40d0-acc1-fa7c247ab57d,2025-05-24,Tuesday,11:14 PM,01:14,Laptop,Series,13,3.1,1
f6761bea-c05d-4435-99b3-eed8f6bbd94a,2025-06-22,Thursday,08:49 PM,12:49 AM,Mobile,Documentary,2,6.3,0
2851fb56-c6a3-40b2-bd00-45557b4d4177,2025-06-22,Sunday,19:37,21:37,Mobile,Series,3,4.4,0
3acea59f-156d-441a-8cf6-06da4ca8bf19,2025-06-19,Thursday,3:54,06:54,Tablet,Documentary,6,4.7,1
9bd8b252-f443-4a50-bbdc-7c95cbf7bc53,2025-05-29,monday,21:19,23:19,,Movie,5,4.0,1
d63a1b14-2099-4ad0-b4fb-c1eebe2ac09c,2025-05-19,Sunday,08:37 PM,09:37 PM,Mobile,Movie,3,6.6,0
09c4966b-ea18-4aee-b52a-664b95264562,2025-06-05,Friday,20:10,12:10 AM,,Documentary,5,5.7,1
2a8991c2-1fc4-49e7-a421-1033e1f5c59c,2025-02-25,monday,01:57 AM,03:57,Tablet,Movie,1,4.8,0
256921bc-26bf-4542-9c32-22ffb427ddd0,2025-02-08,Wednesday,09:56 PM,10:56 PM,moblie,Series,4,5.3,1
9cae0660-5150-4cf8-bdfa-72e5450e83a2,2025-05-14,Monday,11:48 PM,01:48 AM,Laptop,Documentary,1,6.2,0
519cf9ed-b23e-4cdd-a9f4-cf07ffdabb9c,2025-05-07,tuesday,18:22,20:22,TV,Movie,2,4.2,0
b2341fc7-2fb1-4c81-a3f0-40b45a270316,2025-04-27,monday,11:38 PM,12:38 AM,Laptop,Documentary,4,4.6,1
e53423c5-dbb9-4f1d-b996-f92af2e67df0,2025-06-30,monday,02:58 AM,05:58,,Documentary,6,5.2,1
5baf534f-ffc3-4901-9991-bc68d5429fc7,2025-04-19,Saturday,08:37 PM,10:37 PM,TV,Series,1,7.1,0
6e1cc2b3-2685-4d53-85a1-a9829e1d16e7,2025-05-02,monday,18:59,09:59 PM,Tablet,Series,2,6.3,0
dd6f2fc6-99b8-4c0b-9379-95dcac1291e3,2025-06-15,wednesday,09:44 PM,22:44,lptop,Series,4,6.7,1
52b8a991-b0cc-4cda-a8c9-9291732b8073,2025-03-17,wednesday,22:33,01:33 AM,TV,Documentary,5,5.0,1
5e7da95a-b347-4242-951b-302e89d8a805,2025-04-26,monday,20:23,22:23,Tablet,Series,4,,1
cfae8e71-fbd3-41a4-8169-c33bdae36c3d,2025-05-24,Sunday,10:30 PM,01:30 AM,Laptop,Movie,2,7.7,0
3f3f484b-4c4a-4d81-8c8e-ad6b4c546d83,2025-02-10,tuesday,07:46 PM,22:46,Mobile,Series,4,6.5,1
533ab03f-cf11-48c8-9460-fcb5df267914,2025-03-30,Tuesday,19:10,10:10 PM,moblie,Series,2,,0
f7ecfb2f-6b03-491a-a93c-32493236eae0,2025-07-07,Thursday,19:12,23:12,Laptop,Documentary,2,7.1,0
edbdd0e9-3260-4082-a0cd-60aac21ef8bb,2025-02-15,wednesday,18:23,07:23 PM,Mobile,Series,6,6.5,1
de3336a9-1899-4843-b9df-42c9f1228047,,Thursday,11:47 PM,02:47,moblie,Movie,4,5.9,1
eb996aa6-bfab-4015-9748-f47adbfcd1e5,2025-03-31,monday,20:55,11:55 PM,Laptop,Series,5,4.8,1
e11b0e08-681f-4111-9dc1-2b1db92c71a9,2025-06-16,Monday,10:43 PM,11:43 PM,Laptop,Series,4,5.0,1
3ab907c8-cf42-4b6a-b90f-02d271895d70,2025-02-05,Tuesday,09:47 PM,11:47 PM,moblie,Documentary,6,7.8,1
47401da4-8e4a-43f4-a3ca-2e4a62be11fa,2025-04-25,Wednesday,21:14,00:14,TV,Series,1,5.1,0
8eda4dfd-8589-4003-a766-397a78ff9750,2025-04-15,Thursday,18:09,22:09,moblie,Documentary,3,7.6,0
0d3dfb3a-fa9d-4032-8e40-9e3a7c643620,2025-02-26,monday,02:19 AM,04:19 AM,Laptop,Movie,1,4.4,0
47d38eb7-4643-493a-8cee-649a1a0b8497,2025-07-08,Wednesday,07:09 PM,09:09 PM,Mobile,Series,6,5.5,1
eb80e36f-e427-42aa-967e-15e779c02bb2,2025-07-30,wednesday,02:14 AM,04:14,moblie,Documentary,2,4.0,0
899ee206-1fd7-420b-9650-2fac29a32688,2025-04-03,Tuesday,10:08 PM,11:08 PM,lptop,Documentary,2,5.2,0
45535136-90e9-4a0d-b08b-7c98de7090bb,2025-05-12,tuesday,20:24,23:24,lptop,Documentary,4,6.5,1
78acbac3-1037-4e21-8325-8680aa0fc60e,2025-04-19,Wednesday,23:29,02:29,TV,Series,6,7.0,1
45c33ef8-bcbd-4bcf-9797-5dc389e7958e,,Friday,21:01,12:01 AM,moblie,Documentary,4,6.9,1
0f6ce44f-dc9a-4eec-ac2d-89366ac0acc0,2025-03-17,Friday,09:26 PM,23:26,,Movie,6,7.6,1
f17e16c6-e131-4340-9f0d-d8beaba19bbd,2025-06-17,Thursday,19:33,10:33 PM,Mobile,Series,4,7.0,1
843169b5-21fd-4d50-9d0f-d7157b4978d0,2025-06-18,wednesday,23:31,02:31 AM,Laptop,Series,2,5.9,0
8bdf4ca9-4737-4a33-8da0-60a5f7887bfa,,wednesday,22:42,23:42,Mobile,Movie,4,7.2,1
00e31711-745c-4736-a60e-1fa7821df6fa,2025-06-27,Wednesday,21:25,01:25,,Series,5,8.0,1
558a2b62-accc-4b95-b11c-79fef58cacc7,2025-03-15,Saturday,09:51 PM,11:51 PM,TV,Series,1,6.6,0
9405b5bd-c901-4e31-ae3b-11b4dacb7b04,2025-04-14,tuesday,06:48 PM,10:48 PM,lptop,Series,2,5.8,0
ea8bc40d-37c3-4a1b-a558-a93a4f79ddb4,2025-05-08,Wednesday,07:13 PM,08:13 PM,moblie,Series,5,6.7,1
1e1d35b9-916b-4dd4-847b-f6cbe7af8e65,2025-07-30,monday,09:02 PM,01:02 AM,Tablet,Documentary,3,7.5,0
26d441bc-f03d-4231-9415-3f6519917990,2025-04-04,Monday,21:59,00:59,Mobile,Documentary,6,7.6,1
06d3f74b-2215-4043-83aa-8e8246ff940a,2025-07-22,monday,06:44 PM,09:44 PM,Laptop,Documentary,5,6.2,1
dfcbc753-19c2-4003-9ddd-fd5e9f63f4ee,2025-03-25,Monday,20:46,23:46,moblie,Documentary,2,5.3,0
2099f1d7-f57e-4144-b2dc-0f6b68b74824,2025-06-25,Wednesday,18:21,19:21,lptop,Movie,2,6.6,0
6ca88b8c-d8e6-4579-bec5-807b7271f112,2025-05-07,Monday,08:53 PM,10:53 PM,TV,Movie,2,7.0,0
2eab8e04-a1d4-4748-8eb5-0e2758ce6ba4,2025-07-17,Wednesday,11:17 PM,00:17,Mobile,Movie,6,5.2,1
599d5ef0-73fc-413e-a551-612d5f4d2b5a,2025-04-01,monday,09:00 PM,11:00 PM,Mobile,Documentary,4,5.1,1
cf58c80b-7f09-4281-b7c2-f68fccb7474b,2025-05-30,Wednesday,23:46,12:46 AM,moblie,Documentary,5,5.1,1
09e4da2f-1d0e-4bc1-aa8c-881e5a27060f,2025-02-09,monday,10:43 PM,11:43 PM,TV,Documentary,3,7.5,0
f09e9565-fa29-402e-aed0-c9700dae136f,2025-07-20,Saturday,10:56 PM,02:56 AM,Tablet,Series,4,4.2,1
b2ce7e44-bbaf-4268-a16d-21e56fb4e2a8,2025-02-24,Tuesday,21:56,23:56,,Documentary,6,5.3,1
a3de9104-4dde-4031-aaf4-5e59db0fb603,2025-05-19,Friday,01:48 AM,04:48 AM,moblie,Documentary,1,5.2,0
b274ca9f-b17c-45bd-98d1-2c26cac2226e,2025-07-23,wednesday,08:20 PM,12:20 AM,Laptop,Movie,3,6.6,0
a1dd59c3-5a43-4ea9-991f-9b8d220a01fe,2025-04-18,wednesday,5:03,07:03 AM,TV,Movie,3,5.8,0
e7d4ad1a-25ca-48f2-80ca-791b5a9a2c5c,2025-03-10,monday,20:47,21:47,moblie,Series,5,5.0,1
6bcf68c6-a3b5-47c8-933b-3d0beb70cbac,2025-08-01,Wednesday,08:11 PM,23:11,,Documentary,4,5.6,1
6b1fb95e-4869-4e67-9f96-9c8222bc12a2,2025-04-21,Thursday,21:01,01:01 AM,Tablet,Series,5,7.5,1
ab738299-c919-407b-aead-8947d01ad659,,Wednesday,01:15 AM,05:15,Mobile,Documentary,1,4.1,0
c40e369c-9d36-401d-b493-e388ea782cae,2025-08-02,Friday,11:16 PM,12:16 AM,Tablet,Series,1,6.8,0
b209b4de-3e25-4977-9553-77a625977131,2025-07-26,wednesday,11:44 PM,12:44 AM,lptop,Series,1,5.1,0
f473e24a-b62c-4822-8412-ee6b8c2118e4,,Saturday,3:27,07:27 AM,Tablet,Documentary,3,6.1,0
9a182213-0c5c-438d-9bc6-bd7affb40e86,2025-02-28,wednesday,21:51,10:51 PM,Tablet,Series,1,6.9,0
2a9cc47b-16c1-4f56-ab72-df2745a3d7b6,2025-07-27,Wednesday,3:44,05:44 AM,moblie,Documentary,6,5.6,1
bd71a514-c81d-4852-8867-c6b18dce2cf9,2025-02-28,Thursday,09:36 PM,10:36 PM,TV,Series,5,5.9,1
690459d4-ae93-4ba1-ba7b-3bd9312210ad,2025-04-18,Friday,08:54 PM,00:54,TV,Documentary,5,4.8,1
c01141d1-f502-4ae3-a178-645b3a57dbb0,2025-02-10,Sunday,09:46 PM,12:46 AM,Laptop,Movie,2,6.2,0
85ce6876-642b-420a-8857-29e2cce9f170,,Friday,09:35 PM,01:35 AM,Mobile,Series,5,6.9,1
768ed347-3f98-46ff-891c-a97ae556b0cc,2025-05-25,Tuesday,19:35,20:35,TV,Series,5,6.7,1
843fe1c9-6461-4bda-88cd-e7af956c62ef,2025-07-17,Sunday,08:28 PM,22:28,lptop,Series,6,7.0,1
17c85aa9-69c2-40e2-956a-7cc317b836e9,,Monday,07:01 PM,22:01,lptop,Series,2,5.4,0
96ba167a-f852-4bbb-b198-f03807805375,2025-03-19,tuesday,07:58 PM,08:58 PM,TV,Movie,1,4.0,0
48048e57-1696-4bd7-af98-8bc1e209fe18,2025-05-11,Saturday,07:42 PM,11:42 PM,TV,Documentary,1,8.0,0
3b8a0c0a-260e-48d2-ac0b-90f4db3bb4eb,2025-03-20,Sunday,07:46 PM,09:46 PM,TV,Documentary,3,7.8,0
b305e2d7-1765-49cf-be7c-38abc16a653e,2025-04-07,Friday,12:35 AM,03:35 AM,moblie,Documentary,5,,1
6f8a128e-40d7-436b-8ce3-a0e94d25ff02,2025-02-20,Thursday,06:21 PM,20:21,Tablet,Movie,1,7.0,0
4638aef5-81a8-446a-8c9f-36147dec0173,2025-05-02,wednesday,08:41 PM,00:41,moblie,Movie,2,5.7,0
2278f506-e290-4ce5-af86-9179f9d602e6,2025-03-10,Tuesday,20:50,00:50,Laptop,Series,6,6.3,1
0bf899f6-3302-45f4-8ef7-c72efd523a88,2025-06-02,Saturday,06:18 PM,07:18 PM,,Series,3,5.5,0
b4f32d8a-a031-46a1-a473-86fc4a40eb46,2025-05-31,Sunday,04:32 AM,06:32 AM,TV,Documentary,1,5.2,0
919ed459-ea3f-4cf2-a868-8e8de3c85271,2025-05-19,wednesday,23:10,01:10 AM,lptop,Series,2,6.2,0
fb52e8b4-be0a-458e-96aa-828d63a7e120,2025-07-12,monday,10:25 PM,02:25,,Documentary,6,6.1,1
